categoria,cat_principal,nombre,ean,precio,precio_texto,fecha
Lacteos Y Frescos,Frescos,actimel edicion limitada x 100 cm citrus,7791337009790,2225.0,"$2.225,0",20260911
Lacteos Y Frescos,Frescos,actimel ent.x100gr.multifruta,7791337007819,2225.0,"$2.225,0",20260911
Lacteos Y Frescos,Frescos,activia sachet deslactosado x 900 gm ciruela,7791337009400,6595.0,"$6.595,0",20260911
Lacteos Y Frescos,Frescos,ades x 1lt natural,7790895649837,3741.0,"$3.741,0",20260911
Lacteos Y Frescos,Frescos,ades x1lt almendra,7790895649806,6259.0,"$6.259,0",20260911
Lacteos Y Frescos,Frescos,alim.lact.danonino x185gr.vain,7791337008700,3309.0,"$3.309,0",20260911
Lacteos Y Frescos,Frescos,alimento la serenisima x 1 litro chocolate,7790742341709,4859.0,"$4.859,0",20260911
Lacteos Y Frescos,Frescos,alimento lacteo danonino frutilla x 80 gr.,7791337008663,1333.0,"$1.333,0",20260911
Lacteos Y Frescos,Frescos,alimento lacteo danonino sabor vainilla x 80 gr.,7791337008656,1333.0,"$1.333,0",20260911
Lacteos Y Frescos,Frescos,alimento lacteo danonino x 100 gr frutilla,7791337008670,1976.0,"$1.976,0",20260911
Lacteos Y Frescos,Frescos,alimento lacteo danonino x 185 gr frutilla,7791337008694,3309.0,"$3.309,0",20260911
Lacteos Y Frescos,Frescos,alimento lacteo danonino x 80.5 gr natural,7791337009899,1333.0,"$1.333,0",20260911
Lacteos Y Frescos,Frescos,alimento lacteo danonino x 900 gm frutilla,7791337009431,5143.0,"$5.143,0",20260911
Lacteos Y Frescos,Frescos,alimento lacteo ricrem untable x 280 gr light,7794990191123,2468.0,"$2.468,0",20260911
Lacteos Y Frescos,Frescos,alimento lacteo untable ricrem x 280 gr.,7794990184484,2468.0,"$2.468,0",20260911
Lacteos Y Frescos,Frescos,alimento liquido silk almendra x 1 litro mocha,7791337010161,6741.0,"$6.741,0",20260911
Lacteos Y Frescos,Frescos,alimento liquido silk almendra x 1lt sin azucar .,7791337007918,6741.0,"$6.741,0",20260911
Lacteos Y Frescos,Frescos,alimento liquido silk x 1 litro almendras endulzado,7791337007901,6741.0,"$6.741,0",20260911
Lacteos Y Frescos,Frescos,alimento liquido silk x 1 litro coco sin azucar,7791337007932,6741.0,"$6.741,0",20260911
Lacteos Y Frescos,Frescos,alimento silk almendras x 1 litro chocolate,7791337007956,6741.0,"$6.741,0",20260911
Lacteos Y Frescos,Frescos,aoquis de semolin la morocha x 500 gm,7794080001509,2898.0,"$2.898,0",20260911
Lacteos Y Frescos,Frescos,arrollado carne espaa?a?ol x kg.,2011080000000,25617.0,"$25.617,0",20260911
Lacteos Y Frescos,Frescos,arrollado de pollo paladini x kilo,2032030000000,31844.0,"$31.844,0",20260911
Lacteos Y Frescos,Frescos,arrollado de pollo tipo espaa?a?ol x kilo x kg.,2011100000003,23998.0,"$23.998,0",20260911
Lacteos Y Frescos,Frescos,arroz cleche tregar x180g.can,7793913013474,1663.0,"$1.663,0",20260911
Lacteos Y Frescos,Frescos,arroz cleche tregar x180g.cla,7793913013450,1663.0,"$1.663,0",20260911
Lacteos Y Frescos,Frescos,arroz con leche tregar chocolate x 180 gr.,7793913001662,1663.0,"$1.663,0",20260911
Lacteos Y Frescos,Frescos,arroz con leche tregar light x 180 gr.,7793913000504,1663.0,"$1.663,0",20260911
Lacteos Y Frescos,Frescos,arroz con leche tregar x 180 gr. dulce de leche,7793913013467,1663.0,"$1.663,0",20260911
Lacteos Y Frescos,Frescos,bacon en fetas paladini x 150 gr.,7790079021114,5375.0,"$5.375,0",20260911
Lacteos Y Frescos,Frescos,beb.lact.ls.x900 sachet frut.,7790742665027,3307.0,"$3.307,0",20260911
Lacteos Y Frescos,Frescos,bebida lactea actimel x 100 gr. frutilla,7791337007802,2225.0,"$2.225,0",20260911
Lacteos Y Frescos,Frescos,bebida lactea la serenisima protein chocolate x 1,7790742172105,5218.0,"$5.218,0",20260911
Lacteos Y Frescos,Frescos,bebida lactea la serenisima sense x 1 lt. caramel,7790742671653,4464.0,"$4.464,0",20260911
Lacteos Y Frescos,Frescos,bebida lactea la serenisima sense x 200 ml. cappuc,7790742872661,1842.0,"$1.842,0",20260911
Lacteos Y Frescos,Frescos,bebida lactea la serenisima sense x 200 ml. caraml,7790742872654,1842.0,"$1.842,0",20260911
Lacteos Y Frescos,Frescos,bebida lactea la serenisima x 200 ml frutilla redu,7790742566027,1310.0,"$1.310,0",20260911
Lacteos Y Frescos,Frescos,bebida lactea la serenisima x 200 ml vainilla redu,7790742566010,1310.0,"$1.310,0",20260911
Lacteos Y Frescos,Frescos,bebida lactea la serenisima x 200ml protein chocol,7790742172204,1825.0,"$1.825,0",20260911
Lacteos Y Frescos,Frescos,bebida lactea la serenisima x 900 gm cookies and cream,7790742661333,3307.0,"$3.307,0",20260911
Lacteos Y Frescos,Frescos,bebida lactea x 900 ml sachet la serenisima vainilla,7790742665010,3307.0,"$3.307,0",20260911
Lacteos Y Frescos,Frescos,bondiola feteada labratto x 100 gr.,7790079019166,6905.0,"$6.905,0",20260911
Lacteos Y Frescos,Frescos,bondiola feteada lario x 120 gr.,7790625005339,6187.0,"$6.187,0",20260911
Lacteos Y Frescos,Frescos,bondiola lario x kg.,2029320000000,43853.0,"$43.853,0",20260911
Lacteos Y Frescos,Frescos,bondiola paladini fetas + finas x 120 gr.,7790079022623,7896.0,"$7.896,0",20260911
Lacteos Y Frescos,Frescos,bondiola paladini x kg.,2014450000006,45242.0,"$45.242,0",20260911
Lacteos Y Frescos,Frescos,cantimpalo espuna x kg.,2027890000000,35452.0,"$35.452,0",20260911
Lacteos Y Frescos,Frescos,cantimpalo lario x kg.,2018560000000,32305.0,"$32.305,0",20260911
Lacteos Y Frescos,Frescos,capelletis don yeyo x 400 gm jamon yqueso,7795293601708,4119.0,"$4.119,0",20260911
Lacteos Y Frescos,Frescos,carlito estadio x 250 gm,7798046441408,7577.2,"$7.577,2",20260911
Lacteos Y Frescos,Frescos,chocolatada las 3 niaas x 1 litro 0 % lactosa,7798338291315,3595.0,"$3.595,0",20260911
Lacteos Y Frescos,Frescos,chocolatada las 3 niaas x 200 ml reducida en lactosa,7798338291056,1212.0,"$1.212,0",20260911
Lacteos Y Frescos,Frescos,chocolatada milkaut l.v. x 1 lt.,7794820903124,4566.0,"$4.566,0",20260911
Lacteos Y Frescos,Frescos,chorizo oriental paldini x kg.,2014540000008,23321.0,"$23.321,0",20260911
Lacteos Y Frescos,Frescos,chorizo tipo oriental 101 x kg.,2011120000007,52026.0,"$52.026,0",20260911
Lacteos Y Frescos,Frescos,cr.leche armonia x200ml.tetra,7790742330109,2946.0,"$2.946,0",20260911
Lacteos Y Frescos,Frescos,crema chantilly tonadita x 250 gr.,7798060852723,8657.0,"$8.657,0",20260911
Lacteos Y Frescos,Frescos,crema d eleche la serenisima x 520 ml para batir,7790742014122,7279.0,"$7.279,0",20260911
Lacteos Y Frescos,Frescos,crema de leche ilolay doble crema x 350 gr.,7790787030125,4808.0,"$4.808,0",20260911
Lacteos Y Frescos,Frescos,crema de leche ilolay x 350 gr.,7790787949083,4326.0,"$4.326,0",20260911
Lacteos Y Frescos,Frescos,crema de leche la paulina para cocinar pote x 200 gm,7794990186273,2618.0,"$2.618,0",20260911
Lacteos Y Frescos,Frescos,crema de leche la paulina pote x 200 cc doble,7794990186242,2911.0,"$2.911,0",20260911
Lacteos Y Frescos,Frescos,crema de leche la paulina x 200 gr.,7790398000265,2570.0,"$2.570,0",20260911
Lacteos Y Frescos,Frescos,crema de leche la paulina x 350 gr.,7790398000272,4359.0,"$4.359,0",20260911
Lacteos Y Frescos,Frescos,crema de leche la serenisima 0 a?a? lactosa,7790742142009,3650.0,"$3.650,0",20260911
Lacteos Y Frescos,Frescos,crema de leche la serenisima para cociar x 330 ml.,7790742141705,4919.0,"$4.919,0",20260911
Lacteos Y Frescos,Frescos,crema de leche la serenisima para cocinar x 200 ml.,7790742141606,3213.0,"$3.213,0",20260911
Lacteos Y Frescos,Frescos,crema de leche la serenisima tetra x 200 ml.,7790742141309,3145.0,"$3.145,0",20260911
Lacteos Y Frescos,Frescos,crema de leche la serenisima uat x 200 ml.batir,7790742011701,3375.0,"$3.375,0",20260911
Lacteos Y Frescos,Frescos,crema de leche la serenisima uat x 330 ml.,7790742141101,5157.0,"$5.157,0",20260911
Lacteos Y Frescos,Frescos,crema de leche la serenisima x 200 ml liviana para cocinar,7790742141903,2879.0,"$2.879,0",20260911
Lacteos Y Frescos,Frescos,crema de leche milkaut dob.200,7794820902974,3151.0,"$3.151,0",20260911
Lacteos Y Frescos,Frescos,crema de leche milkaut simple x 200 ml.,7794820903186,3030.0,"$3.030,0",20260911
Lacteos Y Frescos,Frescos,crema de leche milkaut x 330 gr.,7794820902967,4641.0,"$4.641,0",20260911
Lacteos Y Frescos,Frescos,crema de leche pasteurizada ilolay x 200 ml.,7790787030132,2628.0,"$2.628,0",20260911
Lacteos Y Frescos,Frescos,crema de leche tonadita x 200 gr.,7798060850095,2472.0,"$2.472,0",20260911
Lacteos Y Frescos,Frescos,crema de leche tonadita x 350 gr.,7798060850101,4153.0,"$4.153,0",20260911
Lacteos Y Frescos,Frescos,crema de leche tregar x 350 ml,7793913013443,4949.0,"$4.949,0",20260911
Lacteos Y Frescos,Frescos,crema de leche tremblay x 200 gr.,7798151770011,2547.0,"$2.547,0",20260911
Lacteos Y Frescos,Frescos,crema de leche tremblay x 360 gr.,7798151770028,4375.0,"$4.375,0",20260911
Lacteos Y Frescos,Frescos,crema de leche x 520 ml culinaria,7790742142207,6909.0,"$6.909,0",20260911
Lacteos Y Frescos,Frescos,crema las 3 niaas x 190 ml 4 quesos,7798338291346,2324.0,"$2.324,0",20260911
Lacteos Y Frescos,Frescos,crema las 3 niaas x 190 ml hongos,7798338291353,2324.0,"$2.324,0",20260911
Lacteos Y Frescos,Frescos,crema las 3 niaas x 200 ml uht para batir,7798338291087,2253.0,"$2.253,0",20260911
Lacteos Y Frescos,Frescos,crema las 3 niaas x 200 nl uht para cocinar,7798338291070,2324.0,"$2.324,0",20260911
Lacteos Y Frescos,Frescos,crema las 3 niaas x 500 ml uht cocinar,7798338291063,4517.0,"$4.517,0",20260911
Lacteos Y Frescos,Frescos,crema las 3 niaas x 500 ml uht para batir,7798338291094,4756.0,"$4.756,0",20260911
Lacteos Y Frescos,Frescos,crema leche tregar x200ml.,7793913013436,2877.0,"$2.877,0",20260911
Lacteos Y Frescos,Frescos,crema tipo chantilly tregar x 250 ml.,7793913000337,10739.0,"$10.739,0",20260911
Lacteos Y Frescos,Frescos,danonino bebible x 100 ml. vainilla,7791337008687,1976.0,"$1.976,0",20260911
Lacteos Y Frescos,Frescos,discos lg copetin horno,2715210000006,1400.0,"$1.400,0",20260911
Lacteos Y Frescos,Frescos,fiambre parae mparedado fela x kilo,2010020000001,9659.0,"$9.659,0",20260911
Lacteos Y Frescos,Frescos,fiambrin la serenisima x kg.,2017670000009,23264.0,"$23.264,0",20260911
Lacteos Y Frescos,Frescos,fideos cinta fina don yeyo x 500 gr.,7795293102120,3310.0,"$3.310,0",20260911
Lacteos Y Frescos,Frescos,fideos fusiles don yeyo x 500 gr.,7795293102151,3520.0,"$3.520,0",20260911
Lacteos Y Frescos,Frescos,fideos la gallega cinta ancha x kg.,2013670000001,3800.0,"$3.800,0",20260911
Lacteos Y Frescos,Frescos,fideos la gallega cintita x kg.,2013690000005,3800.0,"$3.800,0",20260911
Lacteos Y Frescos,Frescos,fideos la gallega gomeritas x kilo x kg.,2013740000009,3800.0,"$3.800,0",20260911
Lacteos Y Frescos,Frescos,fideos la gallega yemitas x kilo x kg.,2013770000000,3800.0,"$3.800,0",20260911
Lacteos Y Frescos,Frescos,fideos tallarines la morocha x 500 gr.,7794080000366,2898.0,"$2.898,0",20260911
Lacteos Y Frescos,Frescos,flan con caramelo la serenisima pack x 2 unidades x 95 gm,7791337010666,3156.0,"$3.156,0",20260911
Lacteos Y Frescos,Frescos,flan danett pack x 2 unidades,7791337010604,5216.0,"$5.216,0",20260911
Lacteos Y Frescos,Frescos,flan danette super cremoso x 95 gr.,7791337008168,2507.0,"$2.507,0",20260911
Lacteos Y Frescos,Frescos,flan danette x 190 gr sabor dulce de leche,7791337010710,5216.0,"$5.216,0",20260911
Lacteos Y Frescos,Frescos,flan ilolay kids vainilla con caramelo x 110 gr.,7790787087334,1407.0,"$1.407,0",20260911
Lacteos Y Frescos,Frescos,"flan ilolay kids vainlla, caramelo y dce de leche",7790787087341,1407.0,"$1.407,0",20260911
Lacteos Y Frescos,Frescos,flan ser pack x 2 unidaes sabor vainilla,7791337010635,4821.0,"$4.821,0",20260911
Lacteos Y Frescos,Frescos,fondue de queso santa rosa x 400 gr.,7791564136450,18765.0,"$18.765,0",20260911
Lacteos Y Frescos,Frescos,ghee entrenuts manteca clarificada x 300 gr.,656750783948,14636.0,"$14.636,0",20260911
Lacteos Y Frescos,Frescos,jamon cocido feteado labratto x 125 gr.,7790079019159,5876.0,"$5.876,0",20260911
Lacteos Y Frescos,Frescos,jamon cocido feteado lario x 150 gr.,7790625001171,4338.0,"$4.338,0",20260911
Lacteos Y Frescos,Frescos,jamon cocido labratto x kg.,2014660000001,32180.0,"$32.180,0",20260911
Lacteos Y Frescos,Frescos,jamon cocido lario familiar envasado x 300 gm,7790625006992,7591.0,"$7.591,0",20260911
Lacteos Y Frescos,Frescos,jamon cocido lario premium x kilo x kg.,2018630000008,29919.0,"$29.919,0",20260911
Lacteos Y Frescos,Frescos,jamon cocido lario x kg.,2018640000005,23433.0,"$23.433,0",20260911
Lacteos Y Frescos,Frescos,jamon cocido paladini clasico x kg.,2014670000008,21600.0,"$21.600,0",20260911
Lacteos Y Frescos,Frescos,jamon cocido paladini fetas + finas x 200 gr.,7790079022593,6415.0,"$6.415,0",20260911
Lacteos Y Frescos,Frescos,jamon cocido paladini reducido en sodio x 150 gr.,7790079021619,4633.0,"$4.633,0",20260911
Lacteos Y Frescos,Frescos,jamon cocido reducido en sodio paladini x kg.,2026870000009,23362.0,"$23.362,0",20260911
Lacteos Y Frescos,Frescos,jamon cocido sadia x kilo x kg.,2029390000009,16843.0,"$16.843,0",20260911
Lacteos Y Frescos,Frescos,jamon crudo ermes fontana x kilo,2031970000002,72578.0,"$72.578,0",20260911
Lacteos Y Frescos,Frescos,jamon crudo espuna x 200 gramos feteado,7790079023286,18968.0,"$18.968,0",20260911
Lacteos Y Frescos,Frescos,jamon crudo fela x kg.,2026740000009,50388.0,"$50.388,0",20260911
Lacteos Y Frescos,Frescos,jamon crudo feteado lario x 120 gr.,7790625001027,7862.0,"$7.862,0",20260911
Lacteos Y Frescos,Frescos,jamon crudo labratto parma x kilo,2032050000004,77377.0,"$77.377,0",20260911
Lacteos Y Frescos,Frescos,jamon crudo lario x kg.,2018670000006,62556.0,"$62.556,0",20260911
Lacteos Y Frescos,Frescos,jamon crudo paladini bloque chico x kg x kg.,2026710000008,72065.0,"$72.065,0",20260911
Lacteos Y Frescos,Frescos,jamon crudo paladini fetas + finas x 120 gr.,7790079022630,10479.0,"$10.479,0",20260911
Lacteos Y Frescos,Frescos,jamon crudo paladini parma x kilo,2032040000007,69778.4,"$69.778,4",20260911
Lacteos Y Frescos,Frescos,leberwurst lario x 200 gr.,7790625000648,2904.0,"$2.904,0",20260911
Lacteos Y Frescos,Frescos,leberwurst paladini con finas hierbas x 200 gr.,7790079018367,2534.0,"$2.534,0",20260911
Lacteos Y Frescos,Frescos,leberwurst paladini x 250 gr.,7790079000638,3081.0,"$3.081,0",20260911
Lacteos Y Frescos,Frescos,leche almendra ades x1lt.,7790895643538,6259.0,"$6.259,0",20260911
Lacteos Y Frescos,Frescos,leche apostoles descremada larga vida x 1 litro,7798338290110,2078.0,"$2.078,0",20260911
Lacteos Y Frescos,Frescos,leche apostoles x 1 litro entera larga vida,7798338290479,2078.0,"$2.078,0",20260911
Lacteos Y Frescos,Frescos,leche armonia x 1 litro parcialmnente descremada 2,7790742336200,2300.0,"$2.300,0",20260911
Lacteos Y Frescos,Frescos,leche armonia x 400 gm,7790742331601,6774.0,"$6.774,0",20260911
Lacteos Y Frescos,Frescos,leche barista la serenisima x 1 lt.,7790742358400,3003.0,"$3.003,0",20260911
Lacteos Y Frescos,Frescos,leche chocolatada cindor x 1 lt.,7791337007253,8390.0,"$8.390,0",20260911
Lacteos Y Frescos,Frescos,leche chocolatada cindor x 1 lt. sabor mocha,7791337007796,8390.0,"$8.390,0",20260911
Lacteos Y Frescos,Frescos,leche chocolatada cindor x 200 ml.,7791337007260,3017.0,"$3.017,0",20260911
Lacteos Y Frescos,Frescos,leche chocolatada ilolay kids x 1 litro sin lactosa,7790787054022,3810.0,"$3.810,0",20260911
Lacteos Y Frescos,Frescos,leche chocolatada ilolay x 1 litro,7790787172566,3810.0,"$3.810,0",20260911
Lacteos Y Frescos,Frescos,leche chocolatada ilolay x 200 ml deslactosada,7790787054039,1463.0,"$1.463,0",20260911
Lacteos Y Frescos,Frescos,leche chocolatada ilolay x 200ml,7790787002672,1464.0,"$1.464,0",20260911
Lacteos Y Frescos,Frescos,leche chocolatada la serenisima x 1 lt.,7791337008403,5889.0,"$5.889,0",20260911
Lacteos Y Frescos,Frescos,leche chocolatada la serenisima x 200 ml.,7791337008410,2015.0,"$2.015,0",20260911
Lacteos Y Frescos,Frescos,leche chocolatada milkaut x 200 ml.,7794820004159,1535.0,"$1.535,0",20260911
Lacteos Y Frescos,Frescos,leche chocolatada nesquik menos azucar x 200 ml.,8445290848932,1979.0,"$1.979,0",20260911
Lacteos Y Frescos,Frescos,leche chocolatada nesquik x 200 ml clasica,8445291395961,1979.0,"$1.979,0",20260911
Lacteos Y Frescos,Frescos,leche chocolatada nestle x 190 ml clasica,8445291632660,2445.0,"$2.445,0",20260911
Lacteos Y Frescos,Frescos,leche chocolatada tregar x 1 lt.,7793913001990,3986.0,"$3.986,0",20260911
Lacteos Y Frescos,Frescos,leche chocolatada tregar x 200 ml.,7793913002119,1579.0,"$1.579,0",20260911
Lacteos Y Frescos,Frescos,leche condensada descremada nestle x 395 gr.,8445290883858,4501.0,"$4.501,0",20260911
Lacteos Y Frescos,Frescos,leche condensada nestle x 395 gr limon,8445290900630,4501.0,"$4.501,0",20260911
Lacteos Y Frescos,Frescos,leche condensada organica nestle x 395 gr.,8445291171121,4501.0,"$4.501,0",20260911
Lacteos Y Frescos,Frescos,leche de almendras la serenisima x 1 lt.,7790742340108,4896.0,"$4.896,0",20260911
Lacteos Y Frescos,Frescos,leche de almendras silk sin azucar x 1 lt. vainila,7791337007949,6741.0,"$6.741,0",20260911
Lacteos Y Frescos,Frescos,leche de almendras sin azucar la serenisima x 1 lt,7790742340306,4896.0,"$4.896,0",20260911
Lacteos Y Frescos,Frescos,leche descremada 0a?a? tenor graso tregar x 1 lt.,7793913002447,2301.0,"$2.301,0",20260911
Lacteos Y Frescos,Frescos,leche descremada armonia 1a?a? x 1 lt.,7793940306006,2086.0,"$2.086,0",20260911
Lacteos Y Frescos,Frescos,leche descremada en polvo la serenisima x 200 gr.,7790742436207,4242.0,"$4.242,0",20260911
Lacteos Y Frescos,Frescos,leche descremada en polvo la serenisima x 400 gr.,7790742436405,8006.0,"$8.006,0",20260911
Lacteos Y Frescos,Frescos,leche descremada la serenisima con hierro x 1 lt.,7790742335807,3003.0,"$3.003,0",20260911
Lacteos Y Frescos,Frescos,leche descremada la serenisima protein x 1 lt.,7790742358608,3003.0,"$3.003,0",20260911
Lacteos Y Frescos,Frescos,leche descremada larga vida tregar x 1 lt.,7793913012996,2301.0,"$2.301,0",20260911
Lacteos Y Frescos,Frescos,leche en polvo armonia x 800 gr.,7790742331304,12742.0,"$12.742,0",20260911
Lacteos Y Frescos,Frescos,leche en polvo descremada ilolay x 400 gr.,7790787208067,8215.0,"$8.215,0",20260911
Lacteos Y Frescos,Frescos,leche en polvo descremada ilolay x 800 gr.,7790787201303,13679.0,"$13.679,0",20260911
Lacteos Y Frescos,Frescos,leche en polvo descremada milkaut x800gr.caja,7794820000526,13436.0,"$13.436,0",20260911
Lacteos Y Frescos,Frescos,leche en polvo descremada svelty organica x 370 g.,8445290194077,9582.0,"$9.582,0",20260911
Lacteos Y Frescos,Frescos,leche en polvo entera ilolay x 400 gr.,7790787206155,7468.0,"$7.468,0",20260911
Lacteos Y Frescos,Frescos,leche en polvo entera la serenisima x 800 gr.,7790742437303,14593.0,"$14.593,0",20260911
Lacteos Y Frescos,Frescos,leche en polvo entera milkaut caja x 800 gr.,7794820001103,13436.0,"$13.436,0",20260911
Lacteos Y Frescos,Frescos,leche en polvo ilolay entera x 800 gr.,7790787201228,12863.0,"$12.863,0",20260911
Lacteos Y Frescos,Frescos,leche en polvo la lechera x 200 gm,8445291388598,3410.0,"$3.410,0",20260911
Lacteos Y Frescos,Frescos,leche en polvo la lechera x 400 gr.,8445290702302,7280.0,"$7.280,0",20260911
Lacteos Y Frescos,Frescos,leche en polvo la lechera x 800 gr.,8445290702234,13643.0,"$13.643,0",20260911
Lacteos Y Frescos,Frescos,leche en polvo la paulina entera x 800 gm,7790398100644,14312.0,"$14.312,0",20260911
Lacteos Y Frescos,Frescos,leche en polvo la serenisima zero lactosa x 400 gm entera,7790742436504,10309.0,"$10.309,0",20260911
Lacteos Y Frescos,Frescos,leche en polvo nido cero lactosa x 750 gr.,8445291216587,18065.0,"$18.065,0",20260911
Lacteos Y Frescos,Frescos,leche en polvo svelty extra calcio x 370 gr.,8445291020047,7984.0,"$7.984,0",20260911
Lacteos Y Frescos,Frescos,leche en polvo svelty extra calcio x 750 gr.,8445291020061,14708.0,"$14.708,0",20260911
Lacteos Y Frescos,Frescos,leche entera armonia 2 % sachet x 1 litro,7790742330703,2086.0,"$2.086,0",20260911
Lacteos Y Frescos,Frescos,leche entera en polvo la serenisima x 200 gr.,7790742436108,4242.0,"$4.242,0",20260911
Lacteos Y Frescos,Frescos,leche entera en polvo la serenisima x 400 gr.,7790742436306,8450.0,"$8.450,0",20260911
Lacteos Y Frescos,Frescos,leche entera larga vida la serenisima 3a?a? x 200 ml.,7790742357205,1427.0,"$1.427,0",20260911
Lacteos Y Frescos,Frescos,leche entera milkaut larga vida x 1 lt.,7794820903100,2442.0,"$2.442,0",20260911
Lacteos Y Frescos,Frescos,leche entera tregar x 1 lt. larga vida,7793913001822,2301.0,"$2.301,0",20260911
Lacteos Y Frescos,Frescos,leche la serenisima 1 a?a? descremada larga vida x 1l,7790742335609,2896.0,"$2.896,0",20260911
Lacteos Y Frescos,Frescos,leche la serenisima clasica 3 a?a? x 1 lt. larga vida,7790742363008,2838.0,"$2.838,0",20260911
Lacteos Y Frescos,Frescos,leche la serenisima descremada sachet x 1 litro protein,7790742352101,2500.0,"$2.500,0",20260911
Lacteos Y Frescos,Frescos,leche la serenisima descremada sachet x 1 litro zero lactosa,7790742352200,2500.0,"$2.500,0",20260911
Lacteos Y Frescos,Frescos,leche la serenisima descremada x1l.1a?a? sachet md,7790742348005,2243.0,"$2.243,0",20260911
Lacteos Y Frescos,Frescos,leche la serenisima en polvo protein x 400 gm,7790742437709,11852.0,"$11.852,0",20260911
Lacteos Y Frescos,Frescos,leche la serenisima en polvo zero lactosa x 400 gm 0 % grasa,7790742437105,10303.0,"$10.303,0",20260911
Lacteos Y Frescos,Frescos,leche la serenisima entera x1l.3a?a? sachet md,7790742348302,2208.0,"$2.208,0",20260911
Lacteos Y Frescos,Frescos,leche la serenisima extra calcio botella x 1 l. con colageno,7790742358103,3003.0,"$3.003,0",20260911
Lacteos Y Frescos,Frescos,leche la serenisima larga vida 3a?a? x 1 lt.,7790742335500,2896.0,"$2.896,0",20260911
Lacteos Y Frescos,Frescos,leche la serenisima multi defensas 2a?a? x 1 lt.,7790742348203,2243.0,"$2.243,0",20260911
Lacteos Y Frescos,Frescos,leche la serenisima semidescremada x1lt.2a?a? pet,7790742335401,2896.0,"$2.896,0",20260911
Lacteos Y Frescos,Frescos,leche la serenisima zero lactosa larga vida x 1 lt,7790742333605,3003.0,"$3.003,0",20260911
Lacteos Y Frescos,Frescos,leche larga vida ilolay descremada x 1 litro + proteina,7790787053230,2590.0,"$2.590,0",20260911
Lacteos Y Frescos,Frescos,leche larga vida ilolay x 1 litro entera,7790787002528,2281.0,"$2.281,0",20260911
Lacteos Y Frescos,Frescos,leche larga vida la serenisima 1 % x 1 litro,7790742363107,2838.0,"$2.838,0",20260911
Lacteos Y Frescos,Frescos,leche larga vida la serenisima con prebioticos x 1,7790742358509,3003.0,"$3.003,0",20260911
Lacteos Y Frescos,Frescos,leche las 3 niaas larga vida x 1 litro proteina,7798338291803,2551.0,"$2.551,0",20260911
Lacteos Y Frescos,Frescos,leche las tres ninas  x 1 litro descremada 0 % larga vida,7798338290301,2204.0,"$2.204,0",20260911
Lacteos Y Frescos,Frescos,leche las tres ninas 0 % lactosa larga vida x 1 litro,7798338290271,2437.0,"$2.437,0",20260911
Lacteos Y Frescos,Frescos,leche las tres ninas x 1 litro parcialmente descremada 2 %lv,7798338291469,2204.0,"$2.204,0",20260911
Lacteos Y Frescos,Frescos,leche ls vegetal almendra barista x 1 lt,7790742341600,4895.0,"$4.895,0",20260911
Lacteos Y Frescos,Frescos,leche ls.desc.x1l.0% lv.pet,7790742335302,2896.0,"$2.896,0",20260911
Lacteos Y Frescos,Frescos,leche ls.p.desc.x1l.2% vit.car,7790742363206,2838.0,"$2.838,0",20260911
Lacteos Y Frescos,Frescos,leche lv ololay descremada x 1 lt,7790787002535,2281.0,"$2.281,0",20260911
Lacteos Y Frescos,Frescos,leche milkaut  larga vida x 1 litro 0 % lactosa,7791564136863,2704.0,"$2.704,0",20260911
Lacteos Y Frescos,Frescos,leche nido 4 x 800 real aumento,8445291216563,16626.0,"$16.626,0",20260911
Lacteos Y Frescos,Frescos,leche nido x 200 ml sabor vainilla,8445291097797,1145.0,"$1.145,0",20260911
Lacteos Y Frescos,Frescos,leche nido x 350,8445291228085,9144.0,"$9.144,0",20260911
Lacteos Y Frescos,Frescos,leche nido x 370,8445290391872,8175.0,"$8.175,0",20260911
Lacteos Y Frescos,Frescos,leche nido x 750,8445290999559,15059.0,"$15.059,0",20260911
Lacteos Y Frescos,Frescos,leche parcialmente descremada milkaut larga vida .,7794820903117,2442.0,"$2.442,0",20260911
Lacteos Y Frescos,Frescos,leche reducida en lactosa tregar x 1 lt.,7793913013009,2503.0,"$2.503,0",20260911
Lacteos Y Frescos,Frescos,leche serekids,7790742336408,2166.0,"$2.166,0",20260911
Lacteos Y Frescos,Frescos,leche svelty,8445291102095,9817.0,"$9.817,0",20260911
Lacteos Y Frescos,Frescos,leche svelty x 370 gm colageno,8445291362369,9584.0,"$9.584,0",20260911
Lacteos Y Frescos,Frescos,leche tres nia?a?as liviana,7798338290035,2204.0,"$2.204,0",20260911
Lacteos Y Frescos,Frescos,leche vegetal a serenisima x 1 lt. coco,7790742340900,5057.0,"$5.057,0",20260911
Lacteos Y Frescos,Frescos,lomo a las finas hierbas lario x kg.,2018710000003,40155.0,"$40.155,0",20260911
Lacteos Y Frescos,Frescos,lomo cocido feteado paladini x 120 gr.,7790079019562,4049.0,"$4.049,0",20260911
Lacteos Y Frescos,Frescos,lomo cocido paladini x kg.,2014830000008,20230.0,"$20.230,0",20260911
Lacteos Y Frescos,Frescos,lomo horneado feteado labratto x 100 gr.,7790079019180,5096.0,"$5.096,0",20260911
Lacteos Y Frescos,Frescos,lomo horneado x kg.,2014890000000,35590.0,"$35.590,0",20260911
Lacteos Y Frescos,Frescos,longaniza bierzo tipo calabresa x kilo x kg.,2011140000001,52026.0,"$52.026,0",20260911
Lacteos Y Frescos,Frescos,manteca cotampo x 100 gr,3779806050058,1557.0,"$1.557,0",20260911
Lacteos Y Frescos,Frescos,manteca cotampo x 200 gr,7798060852044,2965.0,"$2.965,0",20260911
Lacteos Y Frescos,Frescos,manteca ilolay x 200 gr,7790787960668,4373.0,"$4.373,0",20260911
Lacteos Y Frescos,Frescos,manteca ilolay x 500 gr.,7790787960675,10324.0,"$10.324,0",20260911
Lacteos Y Frescos,Frescos,manteca ilolay x100gr.,7790787960651,2429.0,"$2.429,0",20260911
Lacteos Y Frescos,Frescos,manteca la paulina x 100 gr.,7790398100071,2183.0,"$2.183,0",20260911
Lacteos Y Frescos,Frescos,manteca la paulina x 200 gr.,7790398100088,4218.0,"$4.218,0",20260911
Lacteos Y Frescos,Frescos,manteca la paulina x 500 gr.,7794990879557,10024.0,"$10.024,0",20260911
Lacteos Y Frescos,Frescos,manteca la serenisima light x 200 gr.,7790742345707,4799.0,"$4.799,0",20260911
Lacteos Y Frescos,Frescos,manteca la serenisima x 100 gr.,7793940052002,2785.0,"$2.785,0",20260911
Lacteos Y Frescos,Frescos,manteca ls.x200gr.clasica,7793940054006,5067.0,"$5.067,0",20260911
Lacteos Y Frescos,Frescos,manteca milkaut x 100 gr.,7794820903292,2494.0,"$2.494,0",20260911
Lacteos Y Frescos,Frescos,manteca milkaut x 200 gr.,7794820903308,4819.0,"$4.819,0",20260911
Lacteos Y Frescos,Frescos,manteca tonadita extra sal x 200 gm,7798060853041,3867.0,"$3.867,0",20260911
Lacteos Y Frescos,Frescos,manteca tonadita sin sal x 200 gr.,7798060852747,3867.0,"$3.867,0",20260911
Lacteos Y Frescos,Frescos,manteca tonadita x 100 gr.,7798060850019,1933.0,"$1.933,0",20260911
Lacteos Y Frescos,Frescos,manteca tonadita x 200 gr.,7798060850026,3683.0,"$3.683,0",20260911
Lacteos Y Frescos,Frescos,manteca tonadita x 500 gr.,7798060850118,9023.0,"$9.023,0",20260911
Lacteos Y Frescos,Frescos,manteca tremblay x 200 gr.,7798151770523,3996.0,"$3.996,0",20260911
Lacteos Y Frescos,Frescos,manteca tremblay x100gr.,7798151770516,2092.0,"$2.092,0",20260911
Lacteos Y Frescos,Frescos,matambre arrollado paladini  x kilo,2010040000005,39549.0,"$39.549,0",20260911
Lacteos Y Frescos,Frescos,mortadela con pistacho labratto x kg.,2015020000006,24338.0,"$24.338,0",20260911
Lacteos Y Frescos,Frescos,mortadela con pistachos labratto fet. x 100 gr.,7790079019173,3289.0,"$3.289,0",20260911
Lacteos Y Frescos,Frescos,mortadela con pistachos paladini feteada al vacio x120 gr,7790079025556,3103.9,"$3.103,9",20260911
Lacteos Y Frescos,Frescos,mortadela con queso paladini x 300 gr.,7790079019913,4575.0,"$4.575,0",20260911
Lacteos Y Frescos,Frescos,mortadela lario bocha x 300 gr.,7790625006879,4223.0,"$4.223,0",20260911
Lacteos Y Frescos,Frescos,mortadela lario x kg.,2018740000004,12018.0,"$12.018,0",20260911
Lacteos Y Frescos,Frescos,mortadela paladini con pistacho por kilo,2038400000007,18942.3,"$18.942,3",20260911
Lacteos Y Frescos,Frescos,mortadela paladini familiar x 300 gr con pistacho,7790079025549,6363.6,"$6.363,6",20260911
Lacteos Y Frescos,Frescos,mortadela paladini fetas + finas x 200 gr.,7790079022609,4499.0,"$4.499,0",20260911
Lacteos Y Frescos,Frescos,mortadela paladini mini x 300 gr.,7790079001031,5534.0,"$5.534,0",20260911
Lacteos Y Frescos,Frescos,mortadela paladini x 500 gr.,7790079000904,8574.0,"$8.574,0",20260911
Lacteos Y Frescos,Frescos,mortadela paladini x kilo,2015140000009,16474.0,"$16.474,0",20260911
Lacteos Y Frescos,Frescos,nesquik x 200 ml trd menos azucar,8445291395923,1978.9,"$1.978,9",20260911
Lacteos Y Frescos,Frescos,noquis de espinaca la gallega x kg.,2013780000007,6700.0,"$6.700,0",20260911
Lacteos Y Frescos,Frescos,noquis de papa la saltena x 450 gr.,7790070612106,3246.0,"$3.246,0",20260911
Lacteos Y Frescos,Frescos,noquis de papa la saltena x 900 gr.,7790070621825,6182.0,"$6.182,0",20260911
Lacteos Y Frescos,Frescos,noquis de papa paladini x 500 gr.,7790079021381,3683.0,"$3.683,0",20260911
Lacteos Y Frescos,Frescos,noquis de semola la gallega x kg.,2013790000004,6700.0,"$6.700,0",20260911
Lacteos Y Frescos,Frescos,noquis don yeyo con papa x 500 gr.,7795293104100,2864.0,"$2.864,0",20260911
Lacteos Y Frescos,Frescos,nutren protein x 260 m chocolate,7891000410141,4577.0,"$4.577,0",20260911
Lacteos Y Frescos,Frescos,nutren protein x 260 ml vainilla,7891000410066,4577.0,"$4.577,0",20260911
Lacteos Y Frescos,Frescos,paleta clasica paladini x kg.,2015170000000,17333.0,"$17.333,0",20260911
Lacteos Y Frescos,Frescos,paleta d ecerdo sadia x kilo x kg.,2029400000005,13475.0,"$13.475,0",20260911
Lacteos Y Frescos,Frescos,paleta de cerdo paladini fetas + finas x 200 gr.,7790079022616,6139.0,"$6.139,0",20260911
Lacteos Y Frescos,Frescos,panceta ahumada familiar paladini al vacio,2015720000009,42705.0,"$42.705,0",20260911
Lacteos Y Frescos,Frescos,panceta ahumada lario x kg.,2018780000002,40356.0,"$40.356,0",20260911
Lacteos Y Frescos,Frescos,panceta ahumada paladini x kg.,2015260000002,36699.0,"$36.699,0",20260911
Lacteos Y Frescos,Frescos,panceta arrollada paladini x kg.,2015270000009,40016.0,"$40.016,0",20260911
Lacteos Y Frescos,Frescos,panceta salada lario x kg.,2018810000002,40357.0,"$40.357,0",20260911
Lacteos Y Frescos,Frescos,panceta salada paladini env.al vacio familiar x kilo,2015290000003,35627.0,"$35.627,0",20260911
Lacteos Y Frescos,Frescos,panceta salada paladini x kg.,2015840000002,33599.0,"$33.599,0",20260911
Lacteos Y Frescos,Frescos,pascualina mil hojas doble hojaldre x 390 gr.,7791971000092,2332.0,"$2.332,0",20260911
Lacteos Y Frescos,Frescos,pascualina paladini x 400 gr. hojaldre,7790079021374,2660.0,"$2.660,0",20260911
Lacteos Y Frescos,Frescos,pascualina paladini x 400 gr. tipo criolla,7790079022135,2660.0,"$2.660,0",20260911
Lacteos Y Frescos,Frescos,pastron paladini x kg.,2015890000007,37714.0,"$37.714,0",20260911
Lacteos Y Frescos,Frescos,pebete estadio  x 160 gm salame y queso,7798046440067,4381.0,"$4.381,0",20260911
Lacteos Y Frescos,Frescos,pebete estadio x 160 gm jamon y queso,7798046440012,4379.7,"$4.379,7",20260911
Lacteos Y Frescos,Frescos,postre danette  sabor pistacho x 190 gm,7791337010703,5216.0,"$5.216,0",20260911
Lacteos Y Frescos,Frescos,postre danette chocolate x 380 gr.,7791337009608,7860.0,"$7.860,0",20260911
Lacteos Y Frescos,Frescos,postre danette copa x 100 gr. chocolate y crema,7791337008113,2989.0,"$2.989,0",20260911
Lacteos Y Frescos,Frescos,postre danette copa x100gr.ddl,7791337008106,2990.0,"$2.990,0",20260911
Lacteos Y Frescos,Frescos,postre danette dulce de leche x 95 gr.,7791337008083,2502.0,"$2.502,0",20260911
Lacteos Y Frescos,Frescos,postre danette pack  x 2 unidades sabor crema americana,7791337010574,5216.0,"$5.216,0",20260911
Lacteos Y Frescos,Frescos,postre danette sabor chocolate x 2 unidades,7791337010598,5216.0,"$5.216,0",20260911
Lacteos Y Frescos,Frescos,postre danette sabor dulce de leche pack x 2 unidades,7791337010581,5216.0,"$5.216,0",20260911
Lacteos Y Frescos,Frescos,postre danette x 95 gr. chocolate,7791337008076,2502.0,"$2.502,0",20260911
Lacteos Y Frescos,Frescos,postre danette x 95 gr. crema americana,7791337008090,2502.0,"$2.502,0",20260911
Lacteos Y Frescos,Frescos,postre ilolay dulce de leche x 130 gr.,7790787087198,1440.0,"$1.440,0",20260911
Lacteos Y Frescos,Frescos,postre ilolay kids chocolate x 120 gr.,7790787087174,1440.0,"$1.440,0",20260911
Lacteos Y Frescos,Frescos,postre ilolay kids sabor vainilla x 120 gr.,7790787087167,1440.0,"$1.440,0",20260911
Lacteos Y Frescos,Frescos,postre ilolay kids vainilla y dulce de leche x 120,7790787087181,1440.0,"$1.440,0",20260911
Lacteos Y Frescos,Frescos,postre ilolay kids x 110 gr. top confites,7790787087204,2667.0,"$2.667,0",20260911
Lacteos Y Frescos,Frescos,postre ilolay kids x 110 gr. top crispines,7790787087211,2667.0,"$2.667,0",20260911
Lacteos Y Frescos,Frescos,postre la serenisima pack x 2 unidades sabor chocolate,7791337010642,3154.0,"$3.154,0",20260911
Lacteos Y Frescos,Frescos,postre la serenisima paxk x 2 unidades sabor vainilla,7791337010659,3154.0,"$3.154,0",20260911
Lacteos Y Frescos,Frescos,postre ser pack x 2 unidades sabor chocolate,7791337010611,5158.0,"$5.158,0",20260911
Lacteos Y Frescos,Frescos,postre ser pack x dos unidades sabor dulce de leche,7791337010628,5158.0,"$5.158,0",20260911
Lacteos Y Frescos,Frescos,postre serenito con rocklets x 120 gr.,7791337008472,3959.0,"$3.959,0",20260911
Lacteos Y Frescos,Frescos,postre serenito pack x 2 unidades sabor dulce de leche,7791337010673,4518.0,"$4.518,0",20260911
Lacteos Y Frescos,Frescos,postre serenito vainilla x 120 gr.,7791337008458,3007.0,"$3.007,0",20260911
Lacteos Y Frescos,Frescos,postre serenito x 100 gr. vainilla,7791337008441,2080.0,"$2.080,0",20260911
Lacteos Y Frescos,Frescos,postre serenito x 118 gr. vainilla con chocobombas,7791337008489,3959.0,"$3.959,0",20260911
Lacteos Y Frescos,Frescos,postre serenito x 190 gm vainilla,7791337010680,4518.0,"$4.518,0",20260911
Lacteos Y Frescos,Frescos,postre serenito x100gr.chocola,7791337008427,2120.0,"$2.120,0",20260911
Lacteos Y Frescos,Frescos,postre serenito x100gr.vainill,7791337008434,2120.0,"$2.120,0",20260911
Lacteos Y Frescos,Frescos,provoleta tremblay x kilo,2010650000006,24624.0,"$24.624,0",20260911
Lacteos Y Frescos,Frescos,pueso provolone parrillero la paulina x kg.,2026990000002,46230.0,"$46.230,0",20260911
Lacteos Y Frescos,Frescos,qs.milkaut crematto x445g.clas,7794820903070,6610.0,"$6.610,0",20260911
Lacteos Y Frescos,Frescos,queos holanda canut x kilo x kg.,2029490000008,32201.0,"$32.201,0",20260911
Lacteos Y Frescos,Frescos,queso adler sandwichin x 144 gm mozarrella,7794820903704,4113.0,"$4.113,0",20260911
Lacteos Y Frescos,Frescos,queso adler x 144 gr. danbo,7891143018389,4113.0,"$4.113,0",20260911
Lacteos Y Frescos,Frescos,queso azul babaria x kg.,2027740000006,37118.0,"$37.118,0",20260911
Lacteos Y Frescos,Frescos,queso azul bavaria envasado x 125 gr clasico,7791564136535,6229.0,"$6.229,0",20260911
Lacteos Y Frescos,Frescos,queso azul bavaria grandblu envasado x 125 gr,7791564136542,5791.0,"$5.791,0",20260911
Lacteos Y Frescos,Frescos,queso azul bavaria x kg.,2015070000001,31832.0,"$31.832,0",20260911
Lacteos Y Frescos,Frescos,queso azul fundido para untar adler x 100 gr.,7791564012495,2856.0,"$2.856,0",20260911
Lacteos Y Frescos,Frescos,queso azul ilolay x kilo x kg.,2019580000001,45888.0,"$45.888,0",20260911
Lacteos Y Frescos,Frescos,queso azul la paulina x kg.,2017340000001,33851.0,"$33.851,0",20260911
Lacteos Y Frescos,Frescos,queso azul paladini x kg.,2028880000000,29563.0,"$29.563,0",20260911
Lacteos Y Frescos,Frescos,queso azul tregar x kg.,2014000000005,29736.0,"$29.736,0",20260911
Lacteos Y Frescos,Frescos,queso azul tremblay x kg.,2010500000002,29894.0,"$29.894,0",20260911
Lacteos Y Frescos,Frescos,queso azul untable tonadita x 180 gr.,7798060853010,2161.0,"$2.161,0",20260911
Lacteos Y Frescos,Frescos,queso blanco tregar clasico x 290 gr.,7793913013719,4676.0,"$4.676,0",20260911
Lacteos Y Frescos,Frescos,queso blanco untable tregar light x 290 gr.,7793913013726,4676.0,"$4.676,0",20260911
Lacteos Y Frescos,Frescos,queso brie canut x kilo,2027860000009,41391.0,"$41.391,0",20260911
Lacteos Y Frescos,Frescos,queso brie tremblay x kg.,2028520000001,38826.0,"$38.826,0",20260911
Lacteos Y Frescos,Frescos,queso camembert tremblay x kilo franccionado,2028530000008,43791.9,"$43.791,9",20260911
Lacteos Y Frescos,Frescos,queso canut poimentino ahumado x unidad al vacio,2031810000001,25524.0,"$25.524,0",20260911
Lacteos Y Frescos,Frescos,queso casancrem x 500gr clasico,7791337061491,9698.0,"$9.698,0",20260911
Lacteos Y Frescos,Frescos,queso cheddar en fetas adler x 8 unid.,7891143018396,4113.0,"$4.113,0",20260911
Lacteos Y Frescos,Frescos,queso cheddar la paulina x kg.,2030690000002,21991.0,"$21.991,0",20260911
Lacteos Y Frescos,Frescos,queso cheddar la serenisima x kg.,2017510000008,22658.0,"$22.658,0",20260911
Lacteos Y Frescos,Frescos,queso cheddar tremblay x kg.,2024890000009,18507.0,"$18.507,0",20260911
Lacteos Y Frescos,Frescos,queso cr.s.ignacio x290g.,7790244941582,3551.0,"$3.551,0",20260911
Lacteos Y Frescos,Frescos,queso crema  tremblay x 290 gm reducido,7798151771315,4122.0,"$4.122,0",20260911
Lacteos Y Frescos,Frescos,queso crema casancrem balance x 290 gm,7791337061385,6269.0,"$6.269,0",20260911
Lacteos Y Frescos,Frescos,queso crema casancrem light x 290 gr. sin sal agra,7791337060944,6269.0,"$6.269,0",20260911
Lacteos Y Frescos,Frescos,queso crema casancrem x 290 gr.,7791337061361,6269.0,"$6.269,0",20260911
Lacteos Y Frescos,Frescos,queso crema doble la paulina x 280 gr.,7794990188659,3920.0,"$3.920,0",20260911
Lacteos Y Frescos,Frescos,queso crema la paulina sabor alioli x 250 gr.,7794990880522,3404.0,"$3.404,0",20260911
Lacteos Y Frescos,Frescos,queso crema la paulina tradicional x 290 gr.,7794990879656,3515.0,"$3.515,0",20260911
Lacteos Y Frescos,Frescos,queso crema la paulina x 250 gr. ciboullette,7794990880201,3404.0,"$3.404,0",20260911
Lacteos Y Frescos,Frescos,queso crema la serenisima x 290 gm entero,7791337061422,4386.0,"$4.386,0",20260911
Lacteos Y Frescos,Frescos,queso crema la serenisima x 450 gm entero,7791337009844,6413.0,"$6.413,0",20260911
Lacteos Y Frescos,Frescos,queso crema la serenisima x 450 gm light,7791337009851,6413.0,"$6.413,0",20260911
Lacteos Y Frescos,Frescos,queso crema light tregar x190g,7793913013214,3083.0,"$3.083,0",20260911
Lacteos Y Frescos,Frescos,queso crema milkaut crematto x 445 gm balance,7794820903087,6610.0,"$6.610,0",20260911
Lacteos Y Frescos,Frescos,queso crema san ignacio x 480 gm clasico,7790244941599,5343.0,"$5.343,0",20260911
Lacteos Y Frescos,Frescos,queso crema tonadita cremette x 480 gr. clasico,7798060853072,4791.0,"$4.791,0",20260911
Lacteos Y Frescos,Frescos,queso crema tregar light x 280 gr.,7793913013412,4533.0,"$4.533,0",20260911
Lacteos Y Frescos,Frescos,queso crema tregar x 190 gr.,7793913013207,3083.0,"$3.083,0",20260911
Lacteos Y Frescos,Frescos,queso crema tregar x 280 gr.,7793913013405,4533.0,"$4.533,0",20260911
Lacteos Y Frescos,Frescos,queso crema untable tremblay x 290 gr.,7798151771308,3504.0,"$3.504,0",20260911
Lacteos Y Frescos,Frescos,queso cremon doble crema la serenisima x kilo env. al vacio,2017620000004,21176.0,"$21.176,0",20260911
Lacteos Y Frescos,Frescos,queso cremon la serenisima cremoso x kilo,2037860000008,17581.0,"$17.581,0",20260911
Lacteos Y Frescos,Frescos,queso cremon light la serenisima x kg.,2017610000007,19576.0,"$19.576,0",20260911
Lacteos Y Frescos,Frescos,queso cremoso canut x kg.,2011370000000,17217.0,"$17.217,0",20260911
Lacteos Y Frescos,Frescos,queso cremoso doble crema la paulina x kg.,2015940000001,17016.0,"$17.016,0",20260911
Lacteos Y Frescos,Frescos,queso cremoso ilolay x kg.,2019610000001,16360.0,"$16.360,0",20260911
Lacteos Y Frescos,Frescos,queso cremoso la paulina envasado x 500 gr aproximado,2015930000004,19378.0,"$19.378,0",20260911
Lacteos Y Frescos,Frescos,queso cremoso la paulina trozado x 400 gm,2015960000005,19378.0,"$19.378,0",20260911
Lacteos Y Frescos,Frescos,queso cremoso la paulina x kg.,2015970000002,13735.0,"$13.735,0",20260911
Lacteos Y Frescos,Frescos,queso cremoso la serenisima cremon fraccionado al vacio x ki,2025990000005,18976.0,"$18.976,0",20260911
Lacteos Y Frescos,Frescos,queso cremoso paladini x kg.,2015420000002,18360.0,"$18.360,0",20260911
Lacteos Y Frescos,Frescos,queso cremoso ricrem x kg.,2017430000003,13021.0,"$13.021,0",20260911
Lacteos Y Frescos,Frescos,queso cremoso tregar fraccionado x 500gr aprox x kg.,2014020000009,18236.0,"$18.236,0",20260911
Lacteos Y Frescos,Frescos,queso cremoso tregar x kg.,2014030000006,16355.0,"$16.355,0",20260911
Lacteos Y Frescos,Frescos,queso cremoso tremblay trozado x kg envasado al vacio,2024320000005,20400.0,"$20.400,0",20260911
Lacteos Y Frescos,Frescos,queso criollo tregar al vacio x kilo,2014370000001,30672.0,"$30.672,0",20260911
Lacteos Y Frescos,Frescos,queso criollo tregar x kg.,2014060000007,26583.0,"$26.583,0",20260911
Lacteos Y Frescos,Frescos,queso criollo tremblay x kg.,2010530000003,23768.0,"$23.768,0",20260911
Lacteos Y Frescos,Frescos,queso cuartirolo ilolay x kg.,2019630000005,17352.0,"$17.352,0",20260911
Lacteos Y Frescos,Frescos,queso dambo tonadita x 8 fetas,7798060854413,2367.0,"$2.367,0",20260911
Lacteos Y Frescos,Frescos,queso danbo barra tregar x kg.,2014090000008,20871.0,"$20.871,0",20260911
Lacteos Y Frescos,Frescos,queso danbo en fetas la paulina x 180 gr.,7794990880225,4718.0,"$4.718,0",20260911
Lacteos Y Frescos,Frescos,queso danbo magro tremblay x kg.,2010540000000,19577.0,"$19.577,0",20260911
Lacteos Y Frescos,Frescos,queso danbo paladini x kg.,2015440000006,22548.0,"$22.548,0",20260911
Lacteos Y Frescos,Frescos,queso danbo psandwich canut x kg.,2011390000004,24037.0,"$24.037,0",20260911
Lacteos Y Frescos,Frescos,queso danbo tremblay x kg.,2010550000007,17991.0,"$17.991,0",20260911
Lacteos Y Frescos,Frescos,queso de cerdo paladini x kg.,2015460000000,12235.0,"$12.235,0",20260911
Lacteos Y Frescos,Frescos,queso doble crema cremon la serenisima x kilo,2017630000001,19576.0,"$19.576,0",20260911
Lacteos Y Frescos,Frescos,queso en fetas finlandia x 150 gr. cheddar,7790742167101,5828.0,"$5.828,0",20260911
Lacteos Y Frescos,Frescos,queso en fetas finlandia x 150 gr. danbo,7790742167200,5828.0,"$5.828,0",20260911
Lacteos Y Frescos,Frescos,queso en fetas la paulina env. x 500 gr danbo,7794990185184,11948.0,"$11.948,0",20260911
Lacteos Y Frescos,Frescos,queso en fetas la paulina x 180 gr. mozzarella,7794990880218,4718.0,"$4.718,0",20260911
Lacteos Y Frescos,Frescos,queso en fetas la paulina x 180 gr. tybo,7794990880232,4718.0,"$4.718,0",20260911
Lacteos Y Frescos,Frescos,queso en hebas finlandia chef x 130 gr. mozzarella,7790742667311,4834.0,"$4.834,0",20260911
Lacteos Y Frescos,Frescos,queso en hebras finlandia chef x 130 gr cheddar,7790742667755,4834.0,"$4.834,0",20260911
Lacteos Y Frescos,Frescos,queso en hebras finlandia chef x 130 gr. 4 quesos,7790742667328,4834.0,"$4.834,0",20260911
Lacteos Y Frescos,Frescos,queso en hebras finlandia chef x 130 gr. 4 quesos,7790742667649,4834.0,"$4.834,0",20260911
Lacteos Y Frescos,Frescos,queso en hebras la paulina cuatro quesos x 125 gr.,7794990177530,4059.0,"$4.059,0",20260911
Lacteos Y Frescos,Frescos,queso en hebras la paulina cuatro quesos x 500 gr.,7794990177561,15263.0,"$15.263,0",20260911
Lacteos Y Frescos,Frescos,queso en hebras la paulina mini x 80 gr. cuatro qu,7794990876570,3083.0,"$3.083,0",20260911
Lacteos Y Frescos,Frescos,queso en hebras la paulina parmesano x 125 gr.,7794990177547,4059.0,"$4.059,0",20260911
Lacteos Y Frescos,Frescos,queso en hebras la paulina parmesano x 500 gr.,7794990177585,15263.0,"$15.263,0",20260911
Lacteos Y Frescos,Frescos,queso en hebras la paulina x 125 gm chedar,7794990178742,4059.0,"$4.059,0",20260911
Lacteos Y Frescos,Frescos,queso en hebras la paulina x 125 gm italiano,7794990177523,4059.0,"$4.059,0",20260911
Lacteos Y Frescos,Frescos,queso feteado tonadita cheddar americano x 8 fetas,7798060854116,2674.0,"$2.674,0",20260911
Lacteos Y Frescos,Frescos,queso finladia x 100 gm brie,7790742372000,7158.0,"$7.158,0",20260911
Lacteos Y Frescos,Frescos,queso finlandia chef danbo light x 150 gr.,7790742167309,5828.0,"$5.828,0",20260911
Lacteos Y Frescos,Frescos,queso finlandia x 180 gm reducido en calorias,7790742321800,3838.0,"$3.838,0",20260911
Lacteos Y Frescos,Frescos,queso fontina la paulina x kg.,2016040000007,32724.0,"$32.724,0",20260911
Lacteos Y Frescos,Frescos,queso fundido adler para untar sabor fontina x 10.,7791564012501,2856.0,"$2.856,0",20260911
Lacteos Y Frescos,Frescos,queso fundido adler para untar sabor gruyere x 100,7791564013355,2856.0,"$2.856,0",20260911
Lacteos Y Frescos,Frescos,queso fundido adler para untar sabor jamon x 100 .,7791564012488,2856.0,"$2.856,0",20260911
Lacteos Y Frescos,Frescos,queso fundido adler para untar sabor salame x 100.,7791564012525,2856.0,"$2.856,0",20260911
Lacteos Y Frescos,Frescos,queso fynbo canut x kg.,2011420000004,26223.0,"$26.223,0",20260911
Lacteos Y Frescos,Frescos,queso fynbo tremblay x kg.,2010560000004,19265.0,"$19.265,0",20260911
Lacteos Y Frescos,Frescos,queso gouda canut x kg.,2011440000008,26223.0,"$26.223,0",20260911
Lacteos Y Frescos,Frescos,queso gouda la paulina x kg.,2017470000001,25812.0,"$25.812,0",20260911
Lacteos Y Frescos,Frescos,queso gouda la serenisima fraccionado sin lactosa,2028000000002,32555.0,"$32.555,0",20260911
Lacteos Y Frescos,Frescos,queso gouda tremblay al vacio x kilo,2028900000003,26492.0,"$26.492,0",20260911
Lacteos Y Frescos,Frescos,queso gouda tremblay x kg.,2010570000001,20007.0,"$20.007,0",20260911
Lacteos Y Frescos,Frescos,queso goya la paulina x kg.,2016920000004,30618.0,"$30.618,0",20260911
Lacteos Y Frescos,Frescos,queso gruyere canut x kg.,2011450000005,38837.0,"$38.837,0",20260911
Lacteos Y Frescos,Frescos,queso hebras la paulina x 500 gm italiano equilibo,7794990177578,15263.0,"$15.263,0",20260911
Lacteos Y Frescos,Frescos,queso holanda tregar fraccionado x kg.,2014180000000,28293.0,"$28.293,0",20260911
Lacteos Y Frescos,Frescos,queso il france x 125 gm brie bleu,3161712996153,13531.0,"$13.531,0",20260911
Lacteos Y Frescos,Frescos,queso ile de france x 125 gm mini brie,3161712002113,13531.0,"$13.531,0",20260911
Lacteos Y Frescos,Frescos,queso ile de france x 125 gm petit brie,3161712996146,12794.0,"$12.794,0",20260911
Lacteos Y Frescos,Frescos,queso ile de france x 125 gm petit camembert,3161712996108,12794.0,"$12.794,0",20260911
Lacteos Y Frescos,Frescos,queso ilolay crem x 290 gr balance,7790787960880,3664.0,"$3.664,0",20260911
Lacteos Y Frescos,Frescos,queso la paulina provoleta parrillera env.al vacio x 160 gr,7794990190928,7182.0,"$7.182,0",20260911
Lacteos Y Frescos,Frescos,queso la serenisima camembert x 200 gr,7790742371409,13749.0,"$13.749,0",20260911
Lacteos Y Frescos,Frescos,queso la serenisima cremon light fraccionado al vacio x kilo,2017600000000,21185.0,"$21.185,0",20260911
Lacteos Y Frescos,Frescos,queso la serenisima port salud sin sal fraccionado al vacio,2037630000009,25425.0,"$25.425,0",20260911
Lacteos Y Frescos,Frescos,queso magro canut sin sal x kg.,2011470000009,21660.0,"$21.660,0",20260911
Lacteos Y Frescos,Frescos,queso milkaut cremoso x kg.,2015300000009,15873.0,"$15.873,0",20260911
Lacteos Y Frescos,Frescos,queso milkaut dambo x kg.,2015320000003,20407.0,"$20.407,0",20260911
Lacteos Y Frescos,Frescos,queso milkaut sardo x kg.,2026970000008,41205.0,"$41.205,0",20260911
Lacteos Y Frescos,Frescos,queso minifynbo la serenisima fraccionado x kg.,2028510000004,31029.0,"$31.029,0",20260911
Lacteos Y Frescos,Frescos,queso mozarella canut feteada  x kg.envasada al vacio,2011490000003,35473.0,"$35.473,0",20260911
Lacteos Y Frescos,Frescos,queso mozzarella canut x kg.,2011500000009,23401.0,"$23.401,0",20260911
Lacteos Y Frescos,Frescos,queso mozzarella la paulina x kg.,2017110000002,19875.0,"$19.875,0",20260911
Lacteos Y Frescos,Frescos,queso mozzarella la serenisima x 220 gr.,7790742239907,7232.0,"$7.232,0",20260911
Lacteos Y Frescos,Frescos,queso mozzarella la serenisima x 500 gr.,7790742249906,14798.0,"$14.798,0",20260911
Lacteos Y Frescos,Frescos,queso mozzarella milkaut x kg.,2015570000006,20407.0,"$20.407,0",20260911
Lacteos Y Frescos,Frescos,queso mozzarella tregar x kg.,2014220000007,21740.0,"$21.740,0",20260911
Lacteos Y Frescos,Frescos,queso mozzarella tremblay x kg.,2010610000008,18136.0,"$18.136,0",20260911
Lacteos Y Frescos,Frescos,queso parmesano la paulina x kg.,2017230000005,47349.0,"$47.349,0",20260911
Lacteos Y Frescos,Frescos,queso pategras ilolay x kg.,2019780000009,30468.0,"$30.468,0",20260911
Lacteos Y Frescos,Frescos,queso pategras la paulina x kg.,2017240000002,29369.0,"$29.369,0",20260911
Lacteos Y Frescos,Frescos,queso pategras la serenisima fraccionado sin lactosa x kilo,2027990000009,38616.0,"$38.616,0",20260911
Lacteos Y Frescos,Frescos,queso pategras la serenisima sin lactosa x kg.,2028240000008,29702.0,"$29.702,0",20260911
Lacteos Y Frescos,Frescos,queso pategras las 3 niaas x kilo,2010060000009,17699.0,"$17.699,0",20260911
Lacteos Y Frescos,Frescos,queso pategras milkaut trozado x kg.,2028250000005,40301.0,"$40.301,0",20260911
Lacteos Y Frescos,Frescos,queso pategras milkaut x kg.,2015740000003,35094.0,"$35.094,0",20260911
Lacteos Y Frescos,Frescos,queso pategras paladini x kg.,2015340000007,31976.0,"$31.976,0",20260911
Lacteos Y Frescos,Frescos,queso pategras tregar x kg.,2014250000008,23964.0,"$23.964,0",20260911
Lacteos Y Frescos,Frescos,queso pategras tremblay x kg.,2010640000009,23191.0,"$23.191,0",20260911
Lacteos Y Frescos,Frescos,queso pimentino ahumado canut x kg.,2011550000004,32872.0,"$32.872,0",20260911
Lacteos Y Frescos,Frescos,queso por salut la paulina trozado x 500 gm aproximadamente,2017150000000,18991.0,"$18.991,0",20260911
Lacteos Y Frescos,Frescos,queso por salut la serenisima clasico x kilo env. al vacio,2027960000008,21184.0,"$21.184,0",20260911
Lacteos Y Frescos,Frescos,queso por salut ligh la paulina trozado x kilo al vacio,2017190000008,20448.0,"$20.448,0",20260911
Lacteos Y Frescos,Frescos,queso por salut light la serenisima fraccionado al vacio x k,2027940000004,25427.0,"$25.427,0",20260911
Lacteos Y Frescos,Frescos,queso por salut light tregar fraccionado x 500 gr x kg.,2014300000002,20864.0,"$20.864,0",20260911
Lacteos Y Frescos,Frescos,queso por salut light tregar x kg.,2014290000006,17744.0,"$17.744,0",20260911
Lacteos Y Frescos,Frescos,queso por salut tregar fraccionado x 500gr aprox x kg.,2014310000009,20586.0,"$20.586,0",20260911
Lacteos Y Frescos,Frescos,queso por salut tregar x kg.,2014320000006,17555.0,"$17.555,0",20260911
Lacteos Y Frescos,Frescos,queso por salut tremblay trozado x kg.envasado al vacio,2024330000002,22117.0,"$22.117,0",20260911
Lacteos Y Frescos,Frescos,queso port salut la paulina x kg.,2017160000007,15917.0,"$15.917,0",20260911
Lacteos Y Frescos,Frescos,queso port salut light la paulina x kg.,2017200000004,16574.0,"$16.574,0",20260911
Lacteos Y Frescos,Frescos,queso port salut light sin sal tregar x kg.,2014240000001,20942.0,"$20.942,0",20260911
Lacteos Y Frescos,Frescos,queso port salut paladini x kg.,2015490000001,19575.0,"$19.575,0",20260911
Lacteos Y Frescos,Frescos,queso port salut tremblay x kg.,2010630000002,14463.0,"$14.463,0",20260911
Lacteos Y Frescos,Frescos,queso protein la serenisima fraccionado x kilo,2038370000007,23844.8,"$23.844,8",20260911
Lacteos Y Frescos,Frescos,queso provoleta ahumada canut con pimienta x kg.al vacio,2011600000008,35480.0,"$35.480,0",20260911
Lacteos Y Frescos,Frescos,queso provoleta ahumada canut x kg.,2011570000008,31099.0,"$31.099,0",20260911
Lacteos Y Frescos,Frescos,queso provoleta canut parrillero x kg.,2011590000002,29936.0,"$29.936,0",20260911
Lacteos Y Frescos,Frescos,queso provoleta la serenisima sin lactosa x 180 gr,7790742471307,7979.0,"$7.979,0",20260911
Lacteos Y Frescos,Frescos,queso provoleta paladini x 160 gr.,7790079023101,5183.0,"$5.183,0",20260911
Lacteos Y Frescos,Frescos,queso provoleta santa rosa ahumada x kg.,2037350000006,42027.0,"$42.027,0",20260911
Lacteos Y Frescos,Frescos,queso provoleta santa rosa parrillera x kg.,2016130000009,45314.0,"$45.314,0",20260911
Lacteos Y Frescos,Frescos,queso provolone canut x kilo envasado al vacio,2011580000005,35480.0,"$35.480,0",20260911
Lacteos Y Frescos,Frescos,queso provolone la paulina x kg.,2024470000009,49490.0,"$49.490,0",20260911
Lacteos Y Frescos,Frescos,queso provolone la serenisima fraccionado sin lactosa,2028040000000,45147.0,"$45.147,0",20260911
Lacteos Y Frescos,Frescos,queso provolone tonadita x 8 fetas,7798060854109,2674.0,"$2.674,0",20260911
Lacteos Y Frescos,Frescos,queso rallado ilolay x 120 gr.,7790787002931,5505.0,"$5.505,0",20260911
Lacteos Y Frescos,Frescos,queso rallado ilolay x 40 gr.,7790787251780,1994.0,"$1.994,0",20260911
Lacteos Y Frescos,Frescos,queso rallado la paulina x 150 gr.,7790398100132,5760.0,"$5.760,0",20260911
Lacteos Y Frescos,Frescos,queso rallado la paulina x 40 gr.,7790398100118,1684.0,"$1.684,0",20260911
Lacteos Y Frescos,Frescos,queso rallado la paulina x 450 gr.,7794990880003,17828.0,"$17.828,0",20260911
Lacteos Y Frescos,Frescos,queso rallado la serenisima parmesano x 80 gr.,7790742223302,4212.0,"$4.212,0",20260911
Lacteos Y Frescos,Frescos,queso rallado la serenisima x 130 gr.,7790742223104,6899.0,"$6.899,0",20260911
Lacteos Y Frescos,Frescos,queso rallado la serenisima x 175 gr.,7790742223203,8383.0,"$8.383,0",20260911
Lacteos Y Frescos,Frescos,queso rallado la serenisima x 35 gr.,7790742222909,1913.0,"$1.913,0",20260911
Lacteos Y Frescos,Frescos,queso rallado la serenisima x 70 gr.,7790742223005,3681.0,"$3.681,0",20260911
Lacteos Y Frescos,Frescos,queso rallado milkaut x 120 gr.,7794820015247,5994.0,"$5.994,0",20260911
Lacteos Y Frescos,Frescos,queso rallado milkaut x 40 gr.,7794820000304,2174.0,"$2.174,0",20260911
Lacteos Y Frescos,Frescos,queso rallado tregar x 40 gr.,7793913000139,1748.0,"$1.748,0",20260911
Lacteos Y Frescos,Frescos,queso rallado tregar x120gr.,7793913013511,5039.0,"$5.039,0",20260911
Lacteos Y Frescos,Frescos,queso rallado tremblay x 40 gr.,7798151770189,1458.0,"$1.458,0",20260911
Lacteos Y Frescos,Frescos,queso reggianito canut x kg.,2011610000005,33765.0,"$33.765,0",20260911
Lacteos Y Frescos,Frescos,queso reggianito ilolay x kg x kg.,2019810000009,40423.0,"$40.423,0",20260911
Lacteos Y Frescos,Frescos,queso reggianito la paulina trozado x kg.,2017300000003,43501.0,"$43.501,0",20260911
Lacteos Y Frescos,Frescos,queso reggianito la paulina x kg.,2017320000007,35713.0,"$35.713,0",20260911
Lacteos Y Frescos,Frescos,queso reggianito la serenisima fraccionado x kg.,2028030000003,45147.0,"$45.147,0",20260911
Lacteos Y Frescos,Frescos,queso reggianito paladini x kg.,2015400000008,41867.0,"$41.867,0",20260911
Lacteos Y Frescos,Frescos,queso reggianito trega rx kilo x kg.,2014340000000,35701.0,"$35.701,0",20260911
Lacteos Y Frescos,Frescos,queso reggianito tregar fraccionado x kg.,2014330000003,37817.0,"$37.817,0",20260911
Lacteos Y Frescos,Frescos,queso regio la paulina x kg.,2022120000003,21936.0,"$21.936,0",20260911
Lacteos Y Frescos,Frescos,queso romanito tremblay x kg.,2010670000000,34561.0,"$34.561,0",20260911
Lacteos Y Frescos,Frescos,queso saint agur x 150 gr azul creme,3222110008111,14838.0,"$14.838,0",20260911
Lacteos Y Frescos,Frescos,queso santa  rosa envasado al vacio fontina reserva x kilo,2028480000004,41451.0,"$41.451,0",20260911
Lacteos Y Frescos,Frescos,queso santa rosa atuel x kg.,2016070000008,33051.0,"$33.051,0",20260911
Lacteos Y Frescos,Frescos,queso santa rosa azul envasado x 140 gr.,7791564000294,6443.0,"$6.443,0",20260911
Lacteos Y Frescos,Frescos,queso santa rosa azul x kg.,2016120000002,34626.0,"$34.626,0",20260911
Lacteos Y Frescos,Frescos,queso santa rosa fontina x kg.,2028470000007,36302.0,"$36.302,0",20260911
Lacteos Y Frescos,Frescos,queso santa rosa pategras x kg.,2027200000003,36060.0,"$36.060,0",20260911
Lacteos Y Frescos,Frescos,queso santa rosa pimienta x kg.,2029370000005,36809.0,"$36.809,0",20260911
Lacteos Y Frescos,Frescos,queso santa rosa provolone trozado x kg.,2016190000001,58703.0,"$58.703,0",20260911
Lacteos Y Frescos,Frescos,queso santa rosa provolone x kg.,2016160000000,49499.0,"$49.499,0",20260911
Lacteos Y Frescos,Frescos,queso santa rosa sardo x kg.,2016260000009,43629.0,"$43.629,0",20260911
Lacteos Y Frescos,Frescos,queso santa rosa trozada al vacio sardo x kilo,2016270000006,52153.0,"$52.153,0",20260911
Lacteos Y Frescos,Frescos,queso santa rosa trozado al vacio provoleta ahumada x kilo,2037360000003,51162.0,"$51.162,0",20260911
Lacteos Y Frescos,Frescos,queso santa rosa trozado al vacio provoleta x kilo,2016050000004,55163.0,"$55.163,0",20260911
Lacteos Y Frescos,Frescos,queso santa rosa trozado al vacio reggianito x kilo,2016230000008,55398.0,"$55.398,0",20260911
Lacteos Y Frescos,Frescos,queso sardo canut x kg.,2011640000006,33421.0,"$33.421,0",20260911
Lacteos Y Frescos,Frescos,queso sardo ilolay x kg.,2025800000003,37978.0,"$37.978,0",20260911
Lacteos Y Frescos,Frescos,queso sardo la paulina trozado x kilo,2026780000007,45441.0,"$45.441,0",20260911
Lacteos Y Frescos,Frescos,queso sardo la paulina x kg.,2017360000005,35270.0,"$35.270,0",20260911
Lacteos Y Frescos,Frescos,queso sardo la serenisima fraccionado slactosa x,2028020000006,42849.0,"$42.849,0",20260911
Lacteos Y Frescos,Frescos,queso sardo la serenisima x kg.,2017960000009,38402.0,"$38.402,0",20260911
Lacteos Y Frescos,Frescos,queso sardo paladini x kg.,2015510000004,39230.0,"$39.230,0",20260911
Lacteos Y Frescos,Frescos,queso sardo tremblay trozado x kg.,2024350000006,35730.0,"$35.730,0",20260911
Lacteos Y Frescos,Frescos,queso sardo tremblay x kg.,2010680000007,29599.0,"$29.599,0",20260911
Lacteos Y Frescos,Frescos,queso tregar mascarpone x 200 gr.,7793913001013,3809.0,"$3.809,0",20260911
Lacteos Y Frescos,Frescos,queso tremblay por salut light x kilo,2010620000005,15894.0,"$15.894,0",20260911
Lacteos Y Frescos,Frescos,queso tybo descremado la paulina x kg.,2017380000009,19181.0,"$19.181,0",20260911
Lacteos Y Frescos,Frescos,queso tybo ilolay x kg.,2019870000001,18330.0,"$18.330,0",20260911
Lacteos Y Frescos,Frescos,queso unt finalndia mas liviano x 290 gr sin sal,7790742324108,5754.0,"$5.754,0",20260911
Lacteos Y Frescos,Frescos,queso untable adler sabor salame x 190 gr.,7791564136573,3601.0,"$3.601,0",20260911
Lacteos Y Frescos,Frescos,queso untable azul milkaut x 190 gr.,7794820015001,3146.0,"$3.146,0",20260911
Lacteos Y Frescos,Frescos,queso untable chatel descremado x 180 gr.,7793913013641,2828.0,"$2.828,0",20260911
Lacteos Y Frescos,Frescos,queso untable chatel x 180 gm ciboulette,7793913013825,2513.0,"$2.513,0",20260911
Lacteos Y Frescos,Frescos,queso untable cremon original la serenisima x 280.,7790742373908,4447.0,"$4.447,0",20260911
Lacteos Y Frescos,Frescos,queso untable cremoso adler x 190 gr. jamon,7791564136566,3601.0,"$3.601,0",20260911
Lacteos Y Frescos,Frescos,queso untable cremoso adler x 190 gr. queso azul,7791564136580,3601.0,"$3.601,0",20260911
Lacteos Y Frescos,Frescos,queso untable cremoso casancrem balance x 500 gr.,7791337061507,9698.0,"$9.698,0",20260911
Lacteos Y Frescos,Frescos,queso untable cremoso tonadita cremette light x 48,7798060853096,4791.0,"$4.791,0",20260911
Lacteos Y Frescos,Frescos,queso untable finlandia clasico x 180 gr.,7790742321701,3838.0,"$3.838,0",20260911
Lacteos Y Frescos,Frescos,queso untable finlandia clasico x 290 gr.,7790742373205,5754.0,"$5.754,0",20260911
Lacteos Y Frescos,Frescos,queso untable finlandia light x 290 gr.,7790742373304,5754.0,"$5.754,0",20260911
Lacteos Y Frescos,Frescos,queso untable finlandia mas liviano x 180 gm,7790742324009,3838.0,"$3.838,0",20260911
Lacteos Y Frescos,Frescos,queso untable fundido adler x 100 gr. tomate y ala,7791564136672,2856.0,"$2.856,0",20260911
Lacteos Y Frescos,Frescos,queso untable ilolay crem clasico x 290 gr.,7790787960873,3664.0,"$3.664,0",20260911
Lacteos Y Frescos,Frescos,queso untable ilolay por salut balance x 190 gr,7790787016310,2940.0,"$2.940,0",20260911
Lacteos Y Frescos,Frescos,queso untable ilolay x 190 gr 4 quesos,7790787016549,2800.0,"$2.800,0",20260911
Lacteos Y Frescos,Frescos,queso untable ilolay x 190 gr clasico,7790787016518,2800.0,"$2.800,0",20260911
Lacteos Y Frescos,Frescos,queso untable ilolay x 190 gr jamon,7790787016532,2800.0,"$2.800,0",20260911
Lacteos Y Frescos,Frescos,queso untable la paulina 4 quesos x 190 gr.,7794990879823,2686.0,"$2.686,0",20260911
Lacteos Y Frescos,Frescos,queso untable la paulina azul x 190 gr.,7794990878888,2686.0,"$2.686,0",20260911
Lacteos Y Frescos,Frescos,queso untable la paulina cheddar x 190 gr.,7794990879526,2686.0,"$2.686,0",20260911
Lacteos Y Frescos,Frescos,queso untable la paulina clasico x 190 gr.,7794990878932,2686.0,"$2.686,0",20260911
Lacteos Y Frescos,Frescos,queso untable la paulina fontina x 190 gr.,7794990878871,2686.0,"$2.686,0",20260911
Lacteos Y Frescos,Frescos,queso untable la paulina jamon x 190 gr.,7794990878925,2686.0,"$2.686,0",20260911
Lacteos Y Frescos,Frescos,queso untable la paulina port salut light x 190 g.,7794990000012,2686.0,"$2.686,0",20260911
Lacteos Y Frescos,Frescos,queso untable la paulina port salut x 190 gr.,7794990000043,2686.0,"$2.686,0",20260911
Lacteos Y Frescos,Frescos,queso untable la paulina x 190 gr. salame,7794990172757,2686.0,"$2.686,0",20260911
Lacteos Y Frescos,Frescos,queso untable la serenisima cremon light x 280 gr.,7790742373809,4447.0,"$4.447,0",20260911
Lacteos Y Frescos,Frescos,queso untable la serenisima light x 290 gr.,7791337061439,4386.0,"$4.386,0",20260911
Lacteos Y Frescos,Frescos,queso untable ls sabores x 180 gr fontina,7790742326409,3076.0,"$3.076,0",20260911
Lacteos Y Frescos,Frescos,queso untable ls sabores x 180 gr jamon,7790742326607,3076.0,"$3.076,0",20260911
Lacteos Y Frescos,Frescos,queso untable ls sabores x 180 gr salame,7790742326300,3122.0,"$3.122,0",20260911
Lacteos Y Frescos,Frescos,queso untable milkaut clasico x 190 gr.,7794820014967,3146.0,"$3.146,0",20260911
Lacteos Y Frescos,Frescos,queso untable milkaut crematto balance x 285 gr.,7794820903094,4399.0,"$4.399,0",20260911
Lacteos Y Frescos,Frescos,queso untable milkaut crematto clasico x 285 gr.,7794820903063,4400.0,"$4.400,0",20260911
Lacteos Y Frescos,Frescos,queso untable milkaut jamon x 190 gr.,7794820014981,3146.0,"$3.146,0",20260911
Lacteos Y Frescos,Frescos,queso untable neufchatel x 180 gr. clasico,7793913013610,2828.0,"$2.828,0",20260911
Lacteos Y Frescos,Frescos,queso untable neufchatel x 180 gr. jamon,7793913013627,2828.0,"$2.828,0",20260911
Lacteos Y Frescos,Frescos,queso untable neufchatel x 180 gr. salame,7793913013634,2828.0,"$2.828,0",20260911
Lacteos Y Frescos,Frescos,queso untable patagonia  x 180 gm light,7798060854352,2156.0,"$2.156,0",20260911
Lacteos Y Frescos,Frescos,queso untable patagonia x 180 gm clasico,7798060854345,2156.0,"$2.156,0",20260911
Lacteos Y Frescos,Frescos,queso untable patagonia x 290 gm light,7798060854482,3080.0,"$3.080,0",20260911
Lacteos Y Frescos,Frescos,queso untable patagonia x 290 gr clasico,7798060854475,3080.0,"$3.080,0",20260911
Lacteos Y Frescos,Frescos,queso untable ricrem clasico x 180 gr,7794990184491,2072.0,"$2.072,0",20260911
Lacteos Y Frescos,Frescos,queso untable ricrem jamon x 180 gr,7794990184507,2072.0,"$2.072,0",20260911
Lacteos Y Frescos,Frescos,queso untable tonadita clasico x 180 gr.,7798060853003,2161.0,"$2.161,0",20260911
Lacteos Y Frescos,Frescos,queso untable tonadita dip cheddar x 180 gr.,7798060853119,2498.0,"$2.498,0",20260911
Lacteos Y Frescos,Frescos,queso untable tonadita x 180 gr. gruyere,7798060853034,2161.0,"$2.161,0",20260911
Lacteos Y Frescos,Frescos,queso untable tonadita x 180 gr. jamon,7798060852990,2161.0,"$2.161,0",20260911
Lacteos Y Frescos,Frescos,queso untable tregar x 180 gr. cheddar,7793913013658,2828.0,"$2.828,0",20260911
Lacteos Y Frescos,Frescos,queso untable tremblay sabor queso azul x 180gm,7798151771384,2358.0,"$2.358,0",20260911
Lacteos Y Frescos,Frescos,queso untable tremblay x 180 gm cheddar,7798151771391,2358.2,"$2.358,2",20260911
Lacteos Y Frescos,Frescos,queso untable tremblay x 180 gm por salut,7798151771445,2358.0,"$2.358,0",20260911
Lacteos Y Frescos,Frescos,queso untable tremblay x 180 gm sabor clasico,7798151771407,2358.0,"$2.358,0",20260911
Lacteos Y Frescos,Frescos,queso untable tremblay x 180 gm sabor finas hierbas,7798151771414,2358.0,"$2.358,0",20260911
Lacteos Y Frescos,Frescos,queso untable tremblay x 180 gm sabor jamon,7798151771421,2358.0,"$2.358,0",20260911
Lacteos Y Frescos,Frescos,queso untable x 180 gm sabor salame,7798151771438,2358.0,"$2.358,0",20260911
Lacteos Y Frescos,Frescos,quesos santa rsa reggianito x kg.,2016210000004,45489.0,"$45.489,0",20260911
Lacteos Y Frescos,Frescos,rav.la saltena x450gr.4quesos,7790070621863,4432.0,"$4.432,0",20260911
Lacteos Y Frescos,Frescos,rav.la saltena x450gr.cye,7790070621887,4432.0,"$4.432,0",20260911
Lacteos Y Frescos,Frescos,rav.la saltena x900gr.pyverd.,7790070621801,8725.0,"$8.725,0",20260911
Lacteos Y Frescos,Frescos,ravioles don yeyo x 500 gm espinaca y ricota,7795293106418,3869.0,"$3.869,0",20260911
Lacteos Y Frescos,Frescos,ravioles don yeyo x 500 gr. 4 quesos,7795293000174,4032.0,"$4.032,0",20260911
Lacteos Y Frescos,Frescos,ravioles don yeyo x 500 gr. carne y espinaca,7795293106111,4023.0,"$4.023,0",20260911
Lacteos Y Frescos,Frescos,ravioles don yeyo x 500 gr. espinaca y pollo,7795293106210,3869.0,"$3.869,0",20260911
Lacteos Y Frescos,Frescos,ravioles la morocha de carne y verdura x 500 gr.,7794080000458,3531.0,"$3.531,0",20260911
Lacteos Y Frescos,Frescos,ravioles la morocha de pollo cespinaca,7794080000502,3531.0,"$3.531,0",20260911
Lacteos Y Frescos,Frescos,ravioles la morocha ricota y queso x 500 gr.,7794080000441,3531.0,"$3.531,0",20260911
Lacteos Y Frescos,Frescos,ravioles la morocha x 1 kg. carne y verdura,7794080001622,6414.0,"$6.414,0",20260911
Lacteos Y Frescos,Frescos,ravioles la morocha x 1 kg. cuatro quesos,7794080001523,6414.0,"$6.414,0",20260911
Lacteos Y Frescos,Frescos,ravioles la morocha x 1 kg. espinaca y pollo,7794080001516,6414.0,"$6.414,0",20260911
Lacteos Y Frescos,Frescos,ravioles la morocha x 500 gr. 4 quesos,7794080004173,3531.0,"$3.531,0",20260911
Lacteos Y Frescos,Frescos,"ravioles la morocha x 500 gr. jamon, ricotta y moz",7794080001271,3531.0,"$3.531,0",20260911
Lacteos Y Frescos,Frescos,ravioles la morocha x 500 gr. ricota y espinaca,7794080001257,3531.0,"$3.531,0",20260911
Lacteos Y Frescos,Frescos,ravioles la saltena cuatro quesos x 900 gr.,7790070621818,8725.0,"$8.725,0",20260911
Lacteos Y Frescos,Frescos,ravioles la saltena espinaca y queso x 450 gr.,7790070621894,4432.0,"$4.432,0",20260911
Lacteos Y Frescos,Frescos,ravioles la saltena x 450 gr. jamon y mozzarella,7790070621870,4432.0,"$4.432,0",20260911
Lacteos Y Frescos,Frescos,ravioles la saltena x 450 gr. pollo y espinaca,7790070621856,4432.0,"$4.432,0",20260911
Lacteos Y Frescos,Frescos,ravioles la saltena x 450 gr. ricotta,7790070621849,4432.0,"$4.432,0",20260911
Lacteos Y Frescos,Frescos,ravioles paladini pollo y espinaca x 500 gr.,7790079021404,5022.0,"$5.022,0",20260911
Lacteos Y Frescos,Frescos,ravioles paladini x 500 gm 4 quesos,7790079025259,5125.0,"$5.125,0",20260911
Lacteos Y Frescos,Frescos,ravioles paladini x 500 gm espinacaricota y queso,7790079025266,5125.0,"$5.125,0",20260911
Lacteos Y Frescos,Frescos,ravioles paladini x 500 gr. carne y verdura,7790079021398,5022.0,"$5.022,0",20260911
Lacteos Y Frescos,Frescos,ravioles paladini x 500 gr. jamon y mozarella,7790079025303,5125.0,"$5.125,0",20260911
Lacteos Y Frescos,Frescos,ricota entera el destino x kg.,2011210000009,10041.0,"$10.041,0",20260911
Lacteos Y Frescos,Frescos,ricota entera prinlac x kg.,2011220000006,10259.0,"$10.259,0",20260911
Lacteos Y Frescos,Frescos,ricota magra el destino x kg.,2011230000003,10080.0,"$10.080,0",20260911
Lacteos Y Frescos,Frescos,ricotta entera garcia x 500 gr.,7790742102805,4926.0,"$4.926,0",20260911
Lacteos Y Frescos,Frescos,ricotta garcia x 500 gr.,7790742114204,4623.0,"$4.623,0",20260911
Lacteos Y Frescos,Frescos,ricotta magra tregar x 290 gr.,7793913013672,4655.0,"$4.655,0",20260911
Lacteos Y Frescos,Frescos,ricotta untable entera tregar x 290 gr.,7793913013665,4655.0,"$4.655,0",20260911
Lacteos Y Frescos,Frescos,salame baston paladini picado grueso x kilo,2023670000000,33871.0,"$33.871,0",20260911
Lacteos Y Frescos,Frescos,salame crespon paladini x kg.,2015530000008,31158.0,"$31.158,0",20260911
Lacteos Y Frescos,Frescos,salame de milan fela x kg.,2015540000005,21128.0,"$21.128,0",20260911
Lacteos Y Frescos,Frescos,salame de milan feteado lario x 150 gr.,7790625000303,6064.0,"$6.064,0",20260911
Lacteos Y Frescos,Frescos,salame de milan lario x kg.,2018840000003,33944.0,"$33.944,0",20260911
Lacteos Y Frescos,Frescos,salame de milan paladini x kg.,2015580000003,32280.0,"$32.280,0",20260911
Lacteos Y Frescos,Frescos,salame espaa?a?ol x kg.,2011320000005,27958.0,"$27.958,0",20260911
Lacteos Y Frescos,Frescos,salame lario 12 metro picado grueso x kilo,2029300000006,40822.0,"$40.822,0",20260911
Lacteos Y Frescos,Frescos,salame lario fuet ev.x150gr.,7790625005285,6924.0,"$6.924,0",20260911
Lacteos Y Frescos,Frescos,salame lario medio metro picado fino x kilo,2029310000003,40822.0,"$40.822,0",20260911
Lacteos Y Frescos,Frescos,salame lario tip ochacra en grasa,2018930000005,43854.0,"$43.854,0",20260911
Lacteos Y Frescos,Frescos,salame lario tipo crespon x kg.,2018940000002,40115.0,"$40.115,0",20260911
Lacteos Y Frescos,Frescos,salame picado fino `66` x kg.,2018820000009,16533.0,"$16.533,0",20260911
Lacteos Y Frescos,Frescos,salame tipo fuet labratto x 150 gr.,7790079019326,9957.0,"$9.957,0",20260911
Lacteos Y Frescos,Frescos,salame tipo milan paladini fetas + finas x 180 gr.,7790079022647,5032.0,"$5.032,0",20260911
Lacteos Y Frescos,Frescos,salamin lario x kg.,2018990000007,37151.0,"$37.151,0",20260911
Lacteos Y Frescos,Frescos,salamin picado fino paladini x kg.,2015600000006,32693.0,"$32.693,0",20260911
Lacteos Y Frescos,Frescos,salamin tandilero lario x kg.,2019000000000,37151.0,"$37.151,0",20260911
Lacteos Y Frescos,Frescos,salamin tipo crespon paladini x kg.,2015610000003,32693.0,"$32.693,0",20260911
Lacteos Y Frescos,Frescos,salchicha paladini big frankfurt x 12,7790079000560,11091.0,"$11.091,0",20260911
Lacteos Y Frescos,Frescos,salchicha patyviena x6u.clasic,7790670052388,2878.0,"$2.878,0",20260911
Lacteos Y Frescos,Frescos,salchicha vienissima x 12 unid.,7790670052418,6256.0,"$6.256,0",20260911
Lacteos Y Frescos,Frescos,salchicha vienissima x 6 unid.,7790670052401,3271.0,"$3.271,0",20260911
Lacteos Y Frescos,Frescos,salchichas 66 x 6 unid.,7790625010401,1461.0,"$1.461,0",20260911
Lacteos Y Frescos,Frescos,salchichas fela x 6 unidades,7790079000317,1820.0,"$1.820,0",20260911
Lacteos Y Frescos,Frescos,salchichas granja iris clasicas x 6 unid.,7798164602606,2949.0,"$2.949,0",20260911
Lacteos Y Frescos,Frescos,salchichas granja iris x 12 unid.,7798164602880,5354.0,"$5.354,0",20260911
Lacteos Y Frescos,Frescos,salchichas la blanca x6 190g,7790360026002,1513.0,"$1.513,0",20260911
Lacteos Y Frescos,Frescos,salchichas labratto wursten x 225 gr.,7790079019241,5562.0,"$5.562,0",20260911
Lacteos Y Frescos,Frescos,salchichas paladini x 12 unidades de viena,7790079010835,4811.0,"$4.811,0",20260911
Lacteos Y Frescos,Frescos,salchichas paladini x 6 unidades,7790079010828,2730.0,"$2.730,0",20260911
Lacteos Y Frescos,Frescos,salchichas patyviena fun x 6 unid.,7790670052364,2473.0,"$2.473,0",20260911
Lacteos Y Frescos,Frescos,salchichas patyviena tipo alemana x 4 unid.,7790670045502,5735.0,"$5.735,0",20260911
Lacteos Y Frescos,Frescos,salchichas patyviena x 12 unid.,7790670052395,5548.0,"$5.548,0",20260911
Lacteos Y Frescos,Frescos,salchichas swift kids x 6 unid.,7790360970053,2042.0,"$2.042,0",20260911
Lacteos Y Frescos,Frescos,salchichas swift largas x 12 unid.,7790360007063,10328.0,"$10.328,0",20260911
Lacteos Y Frescos,Frescos,salchichas swift x 12 unid.,7790360983954,4409.0,"$4.409,0",20260911
Lacteos Y Frescos,Frescos,salchichas swift x6unid.,7790360983947,2522.0,"$2.522,0",20260911
Lacteos Y Frescos,Frescos,salchichon con jamon paladini x 300 gr.,7790079022678,4200.0,"$4.200,0",20260911
Lacteos Y Frescos,Frescos,salchichon primavera lario x 300 gr.,7790625006886,3804.0,"$3.804,0",20260911
Lacteos Y Frescos,Frescos,salchichon primavera lario x kg.,2019020000004,11632.0,"$11.632,0",20260911
Lacteos Y Frescos,Frescos,salchichon triple paladini x 300 gr.,7790079022661,4431.0,"$4.431,0",20260911
Lacteos Y Frescos,Frescos,salchichon triple paladini x kg.,2015670000005,13275.0,"$13.275,0",20260911
Lacteos Y Frescos,Frescos,sandwich estadio triple jamon y queso pan negro,7798046440159,4197.2,"$4.197,2",20260911
Lacteos Y Frescos,Frescos,sandwich estadio triple x 160 gm salame y queso,7798046440142,4388.2,"$4.388,2",20260911
Lacteos Y Frescos,Frescos,sandwich estadio triples x 160 gm jamon y queso pan blanco,7798046440036,4199.8,"$4.199,8",20260911
Lacteos Y Frescos,Frescos,sandwich triple de miga x 8 unidades panaderos de,2023490000006,10900.0,"$10.900,0",20260911
Lacteos Y Frescos,Frescos,sandwiches estadio  x 160 gm jamon crudo y queso en pan blan,7798046440104,4929.8,"$4.929,8",20260911
Lacteos Y Frescos,Frescos,sandwiches estadio triple x 360 gm jamon y queso,7798046440135,9497.4,"$9.497,4",20260911
Lacteos Y Frescos,Frescos,sandwiches estadio x 160 gm jhm y aceituna,7798046440043,5038.6,"$5.038,6",20260911
Lacteos Y Frescos,Frescos,sandwiches estadio x 160 gm ruculapollo y queso,7798046440746,5038.6,"$5.038,6",20260911
Lacteos Y Frescos,Frescos,sorrentinos la morocha jamon y queso x 500 gr.,7794080001219,4576.0,"$4.576,0",20260911
Lacteos Y Frescos,Frescos,sorrentinos la saltena x 300 gr. jamon y muzzarela,7790236001768,3927.0,"$3.927,0",20260911
Lacteos Y Frescos,Frescos,svelty x 200 gm,8445291388918,4190.0,"$4.190,0",20260911
Lacteos Y Frescos,Frescos,tabla de fiambres surtidos x kilo peso aproximad x kg.,2037340000009,21900.0,"$21.900,0",20260911
Lacteos Y Frescos,Frescos,tapa emp.l.salt.x20u.rot.criol,7790070622068,5838.0,"$5.838,0",20260911
Lacteos Y Frescos,Frescos,tapa emp.l.salt.x20u.rot.hojal,7790070622051,5838.0,"$5.838,0",20260911
Lacteos Y Frescos,Frescos,tapa para empanadas doble hojaldre mil hojas x 12 unidades,7791971000122,2243.0,"$2.243,0",20260911
Lacteos Y Frescos,Frescos,tapa para empanadas la saltea?a?a sin tacc x 12,7790070622075,3781.0,"$3.781,0",20260911
Lacteos Y Frescos,Frescos,tapa para empanadas la salteaa x 12 unidades hojaldradas,7790070622013,2744.0,"$2.744,0",20260911
Lacteos Y Frescos,Frescos,tapa para pascualina la morocha hojaldre x 2 unid.,7794080000212,2117.0,"$2.117,0",20260911
Lacteos Y Frescos,Frescos,tapa para pascualina la saltena sin gluten x 380 .,7790070622082,4914.0,"$4.914,0",20260911
Lacteos Y Frescos,Frescos,tapa ppascualina don yeyo x 380 gr. criolla,7795293101338,2544.0,"$2.544,0",20260911
Lacteos Y Frescos,Frescos,tapa ppascualina don yeyo x 400 gr. hojaldre,7795293101314,2621.0,"$2.621,0",20260911
Lacteos Y Frescos,Frescos,tapa ppascualina la saltena x 400 gr. balance,7790070622006,3325.0,"$3.325,0",20260911
Lacteos Y Frescos,Frescos,tapa ppascualina la saltena x 400 gr. criolla,7790070622037,3327.0,"$3.327,0",20260911
Lacteos Y Frescos,Frescos,tapa ppascualina la saltena x 400 gr. hojaldre,7790070622044,3325.0,"$3.325,0",20260911
Lacteos Y Frescos,Frescos,tapas de empanadas tipo criolla paladini x 12 unid,7790079022128,2093.0,"$2.093,0",20260911
Lacteos Y Frescos,Frescos,tapas empanadas la morocha pfreir x 12 unid.,7794080000052,1738.0,"$1.738,0",20260911
Lacteos Y Frescos,Frescos,tapas para empaandas la salteaa x 22 unidades hojaldradas,7790236018346,5043.0,"$5.043,0",20260911
Lacteos Y Frescos,Frescos,tapas para empanadas la gallega horno x 12 unid.,2716890000003,1900.0,"$1.900,0",20260911
Lacteos Y Frescos,Frescos,tapas para empanadas la gallega x 12 unid. para fr,2716370000004,1900.0,"$1.900,0",20260911
Lacteos Y Frescos,Frescos,tapas para empanadas la morocha hojaldre x 12 unid,7794080000199,1738.0,"$1.738,0",20260911
Lacteos Y Frescos,Frescos,tapas para empanadas la saltena freir x 12 unid.,7790070621955,2744.0,"$2.744,0",20260911
Lacteos Y Frescos,Frescos,tapas para empanadas mil hojas para horno x 12 unid.,7791971000016,1991.0,"$1.991,0",20260911
Lacteos Y Frescos,Frescos,tapas para empanadas paladini x 12 unid. hojaldre,7790079022104,2093.0,"$2.093,0",20260911
Lacteos Y Frescos,Frescos,tapas para empanadas paladini x 12 unid. para feir,7790079022111,2093.0,"$2.093,0",20260911
Lacteos Y Frescos,Frescos,tapas para pascualina mil hojas con hojaldre x 380,7791971000054,2332.0,"$2.332,0",20260911
Lacteos Y Frescos,Frescos,tapas pempanadas don yeyo hojaldradas x 12 un. ho,7795293101116,1943.0,"$1.943,0",20260911
Lacteos Y Frescos,Frescos,tapas pempanadas don yeyo x 12 unid. para freir,7795293101123,1943.0,"$1.943,0",20260911
Lacteos Y Frescos,Frescos,tapas pempanadas don yeyo x 12 unid. tipo criolla,7795293000020,1943.0,"$1.943,0",20260911
Lacteos Y Frescos,Frescos,tapas pempanadas la saltena balance x 12 unid.,7790070621962,2744.0,"$2.744,0",20260911
Lacteos Y Frescos,Frescos,tapas pempanadas la saltena criollas x 22 unid.,7790236018353,5043.0,"$5.043,0",20260911
Lacteos Y Frescos,Frescos,tapas pempanadas la saltena x 12 unid. criollas,7790070622020,2744.0,"$2.744,0",20260911
Lacteos Y Frescos,Frescos,tapas ppastelitos la gallega x 12 unid.,2716940000007,1400.0,"$1.400,0",20260911
Lacteos Y Frescos,Frescos,tostado estadio x 250 gm,7798046440074,7577.1,"$7.577,1",20260911
Lacteos Y Frescos,Frescos,yog.g.compra bat.des.x120gr.fr,7791337008236,1024.0,"$1.024,0",20260911
Lacteos Y Frescos,Frescos,yog.milkaut 0%lact.x900gr.vain,7794820903056,3302.0,"$3.302,0",20260911
Lacteos Y Frescos,Frescos,yog.milkaut desc.sh.x900g.vain,7794820902714,3141.0,"$3.141,0",20260911
Lacteos Y Frescos,Frescos,yog.milkaut ent.x150gr.tr.frut,7794820902813,2100.0,"$2.100,0",20260911
Lacteos Y Frescos,Frescos,yog.milkaut red.lact.x120g.fru,7794820902790,1363.0,"$1.363,0",20260911
Lacteos Y Frescos,Frescos,yog.milkaut red.lact.x120g.vai,7794820902806,1363.0,"$1.363,0",20260911
Lacteos Y Frescos,Frescos,yogir tregar entero x 140 gm natural sin azucar,7793913013689,1717.0,"$1.717,0",20260911
Lacteos Y Frescos,Frescos,yogue entero dahi natural sin azucar x 190 gm,7798136870545,2670.0,"$2.670,0",20260911
Lacteos Y Frescos,Frescos,yogur  yogurisimo griego bebible x 190 gr frutilla,7791337010826,3912.1,"$3.912,1",20260911
Lacteos Y Frescos,Frescos,yogur batido descremado ilolay natural x 140 gm,7790787960927,1502.0,"$1.502,0",20260911
Lacteos Y Frescos,Frescos,yogur batido la serenisima clasico vainilla x 120.,7791337605411,1399.0,"$1.399,0",20260911
Lacteos Y Frescos,Frescos,yogur batido la serenisima clasico vainilla x 480,7791337010390,4761.0,"$4.761,0",20260911
Lacteos Y Frescos,Frescos,yogur batido ser calci+ x 120 gr. frutos rojos,7791337008571,2624.0,"$2.624,0",20260911
Lacteos Y Frescos,Frescos,yogur batido ser calci+ x 120 gr. vainilla,7791337008564,2624.0,"$2.624,0",20260911
Lacteos Y Frescos,Frescos,yogur batido ser natural sin endulzar x 175 gr.,7791337007345,2993.0,"$2.993,0",20260911
Lacteos Y Frescos,Frescos,yogur batido ser x 175 gr. colchon frutilla dulce,7791337008588,4040.0,"$4.040,0",20260911
Lacteos Y Frescos,Frescos,yogur bebible activia zero lactosa frutilla x 900,7791337009394,6595.0,"$6.595,0",20260911
Lacteos Y Frescos,Frescos,yogur bebible dahi banana x 200 gr.,7798136870248,2402.0,"$2.402,0",20260911
Lacteos Y Frescos,Frescos,yogur bebible dahi frutos del bosque x 200 gr.,7798136870255,2402.0,"$2.402,0",20260911
Lacteos Y Frescos,Frescos,yogur bebible descremado ilolay vainilla x 950 gr.,7790787960811,3023.0,"$3.023,0",20260911
Lacteos Y Frescos,Frescos,yogur bebible descremado ilolay x 900 gr. vainilla,7790787960569,2400.0,"$2.400,0",20260911
Lacteos Y Frescos,Frescos,yogur bebible descremado milkaut frutilla x 900 g.,7794820902707,3141.0,"$3.141,0",20260911
Lacteos Y Frescos,Frescos,yogur bebible descremado tregar x 900 gr. frutilla,7793913013597,2940.0,"$2.940,0",20260911
Lacteos Y Frescos,Frescos,yogur bebible deslactosado  900 gm sabor frutilla la sereni,7791337010499,5545.0,"$5.545,0",20260911
Lacteos Y Frescos,Frescos,yogur bebible gran compra frutilla x 900 gr.,7791337009684,3010.0,"$3.010,0",20260911
Lacteos Y Frescos,Frescos,yogur bebible ilolay frutilla x 185 gr.,7790787960620,2419.0,"$2.419,0",20260911
Lacteos Y Frescos,Frescos,yogur bebible ilolay kids peppa pig x 185 gm sabor vainilla,7790787045211,2500.0,"$2.500,0",20260911
Lacteos Y Frescos,Frescos,yogur bebible ilolay kids x 185 gm sabor frutilla,7790787045204,2500.0,"$2.500,0",20260911
Lacteos Y Frescos,Frescos,yogur bebible ilolay x 900 gr. frutilla-kiwi,7790787960545,2399.0,"$2.399,0",20260911
Lacteos Y Frescos,Frescos,yogur bebible light tregar x 900 gr. vainilla,7793913013603,2940.0,"$2.940,0",20260911
Lacteos Y Frescos,Frescos,yogur bebible milkaut 0 lactosa x 900 gr. frutila,7794820903049,3302.0,"$3.302,0",20260911
Lacteos Y Frescos,Frescos,yogur bebible milkaut frutilla x 950 gr.,7794820903209,3772.0,"$3.772,0",20260911
Lacteos Y Frescos,Frescos,yogur bebible milkaut sabor durazno x 900 gr.,7794820902240,3141.0,"$3.141,0",20260911
Lacteos Y Frescos,Frescos,yogur bebible milkaut vainilla x 950 gr.,7794820903216,3772.0,"$3.772,0",20260911
Lacteos Y Frescos,Frescos,"yogur bebible milkaut x 1,2 kg. frutilla",7794820902899,4119.0,"$4.119,0",20260911
Lacteos Y Frescos,Frescos,"yogur bebible milkaut x 1,2 kg. vainilla",7794820902905,4119.0,"$4.119,0",20260911
Lacteos Y Frescos,Frescos,yogur bebible milkaut x 900 gr. frutilla,7794820902264,3141.0,"$3.141,0",20260911
Lacteos Y Frescos,Frescos,yogur bebible milkaut x 900 gr. vainilla,7794820902257,3141.0,"$3.141,0",20260911
Lacteos Y Frescos,Frescos,yogur bebible ser multifruta x 190 gr.,7791337007185,3706.0,"$3.706,0",20260911
Lacteos Y Frescos,Frescos,yogur bebible ser pro + vainilla x 190 gr.,7791337939813,3560.0,"$3.560,0",20260911
Lacteos Y Frescos,Frescos,yogur bebible ser pro + x 190 gr banana,7791337010765,3560.0,"$3.560,0",20260911
Lacteos Y Frescos,Frescos,yogur bebible ser sabor frutilla x 900 gr.,7791337009639,6695.0,"$6.695,0",20260911
Lacteos Y Frescos,Frescos,yogur bebible ser sabor vainilla x 900 gr.,7791337009622,6695.0,"$6.695,0",20260911
Lacteos Y Frescos,Frescos,yogur bebible ser sin lactosa x 190 gr. frutilla,7791337007192,3706.0,"$3.706,0",20260911
Lacteos Y Frescos,Frescos,yogur bebible tregar x 900 gr. arandano,7793913013375,2940.0,"$2.940,0",20260911
Lacteos Y Frescos,Frescos,yogur bebible tregar x 900 gr. durazno,7793913013368,2940.0,"$2.940,0",20260911
Lacteos Y Frescos,Frescos,yogur bebible tregar x 900 gr. vainilla,7793913013573,2940.0,"$2.940,0",20260911
Lacteos Y Frescos,Frescos,yogur bebible tremblay durazno x 900 gr.,7798151771148,2202.0,"$2.202,0",20260911
Lacteos Y Frescos,Frescos,yogur bebible tremblay vainilla x 900 gr.,7798151771131,2202.0,"$2.202,0",20260911
Lacteos Y Frescos,Frescos,yogur bebible yogurisimo griego x 900 gr frutilla,7791337010833,6702.0,"$6.702,0",20260911
Lacteos Y Frescos,Frescos,yogur bebible yogurisimo griego x 900 gr vainilla,7791337010857,6702.0,"$6.702,0",20260911
Lacteos Y Frescos,Frescos,yogur bebible yogurisimo griego x 900 ml sabor banana,7791337010864,6702.0,"$6.702,0",20260911
Lacteos Y Frescos,Frescos,yogur bebible yogurisimo natural red. en lactosa x,7791337009776,7101.0,"$7.101,0",20260911
Lacteos Y Frescos,Frescos,yogur brbiblr yogurisimo griego x 900 gr natural endulzado,7791337010871,6702.0,"$6.702,0",20260911
Lacteos Y Frescos,Frescos,yogur con aritos de cereales ilolay x 160 gr.,7790787960484,1887.0,"$1.887,0",20260911
Lacteos Y Frescos,Frescos,yogur con cereales ilolay x 165 gr.,7790787960477,1887.0,"$1.887,0",20260911
Lacteos Y Frescos,Frescos,yogur con cereales milkaut x 155 gr. frutilla,7794820902837,2473.0,"$2.473,0",20260911
Lacteos Y Frescos,Frescos,yogur con frutas tregar x 150 gr. durazno,7793913014204,1909.0,"$1.909,0",20260911
Lacteos Y Frescos,Frescos,yogur con rocklets la serenisima x 164 gr.,7791337010451,3706.0,"$3.706,0",20260911
Lacteos Y Frescos,Frescos,yogur cremoso ilolay x 120 gm vainilla,7790787960378,929.0,"$929,0",20260911
Lacteos Y Frescos,Frescos,yogur cremoso milkaut vainilla x 120 gr.,7794820903223,1192.0,"$1.192,0",20260911
Lacteos Y Frescos,Frescos,yogur cremoso milkaut x 120 gr. frutilla,7794820903230,1192.0,"$1.192,0",20260911
Lacteos Y Frescos,Frescos,yogur dahi descremado batido x 190 gm  mango y maracuya,7798136870729,3119.0,"$3.119,0",20260911
Lacteos Y Frescos,Frescos,yogur dahi descremado batido x 190 gm frutilla,7798136870675,3119.0,"$3.119,0",20260911
Lacteos Y Frescos,Frescos,yogur dahi descremado frutos del bosque x 190 gr.,7798136870682,3119.0,"$3.119,0",20260911
Lacteos Y Frescos,Frescos,yogur dahi descremado x 190 gr durazno,7798136870705,3119.0,"$3.119,0",20260911
Lacteos Y Frescos,Frescos,yogur dahi descremado x 190 gr natural,7798136870606,2670.0,"$2.670,0",20260911
Lacteos Y Frescos,Frescos,yogur dahi deslactosado x 190 gr natural,7798136870743,3119.0,"$3.119,0",20260911
Lacteos Y Frescos,Frescos,yogur dahi entero batido x 190 gm con anana,7798136871573,3121.0,"$3.121,0",20260911
Lacteos Y Frescos,Frescos,yogur dahi entero x 130 gm choco cake,7798136870842,2489.0,"$2.489,0",20260911
Lacteos Y Frescos,Frescos,yogur dahi entero x 130 gr key lime,7798136870767,2489.0,"$2.489,0",20260911
Lacteos Y Frescos,Frescos,yogur dahi entero x 130 gr tiramisu,7798136870781,2489.0,"$2.489,0",20260911
Lacteos Y Frescos,Frescos,yogur dahi entero x 190 gr frutillas,7798136870613,3119.0,"$3.119,0",20260911
Lacteos Y Frescos,Frescos,yogur dahi entero x 190 gr vainilla,7798136870569,2670.0,"$2.670,0",20260911
Lacteos Y Frescos,Frescos,yogur dahi estilo griego x 190 gm con arandanos,7798136871597,3338.0,"$3.338,0",20260911
Lacteos Y Frescos,Frescos,yogur dahi estilo griego x 190 gm sabor frambuesa,7798136871603,3338.0,"$3.338,0",20260911
Lacteos Y Frescos,Frescos,yogur dahi firme descremado x 190 gm vainilla,7798136870583,2670.0,"$2.670,0",20260911
Lacteos Y Frescos,Frescos,yogur dahi griego x 190 gm natural,7798136870859,3119.0,"$3.119,0",20260911
Lacteos Y Frescos,Frescos,yogur dahi griego x 190 gr natural sin azucar,7798136871856,3119.1,"$3.119,1",20260911
Lacteos Y Frescos,Frescos,yogur dahi proteico x 190 gr sabor natural,7798136872006,3338.0,"$3.338,0",20260911
Lacteos Y Frescos,Frescos,yogur dahi proteico x 190 gr sabor vainilla,7798136872013,3338.0,"$3.338,0",20260911
Lacteos Y Frescos,Frescos,yogur dahi x 130 gm tentacion pistacho,7798136870897,2490.0,"$2.490,0",20260911
Lacteos Y Frescos,Frescos,yogur desc.ilolay x150gr.duraz,7790787960354,1721.0,"$1.721,0",20260911
Lacteos Y Frescos,Frescos,yogur descr.ilolay con frutas sabor frutilla x 150 gm,7790787960347,1721.0,"$1.721,0",20260911
Lacteos Y Frescos,Frescos,yogur descremado bebible tregar x 900 gr. durazno,7793913013801,2940.0,"$2.940,0",20260911
Lacteos Y Frescos,Frescos,yogur descremado cremoso ilolay x 120 gm frutilla,7790787004461,929.0,"$929,0",20260911
Lacteos Y Frescos,Frescos,yogur descremado ilolay frutilla x 900 gr.,7790787960552,2400.0,"$2.400,0",20260911
Lacteos Y Frescos,Frescos,yogur descremado ilolay frutilla x 950 gr.,7790787960804,3023.0,"$3.023,0",20260911
Lacteos Y Frescos,Frescos,yogur descremado la serenisima sachet x 900 ml vainilla,7791337010468,4687.0,"$4.687,0",20260911
Lacteos Y Frescos,Frescos,yogur descremado milkaut colchon de durazno x 150,7794820902165,2002.0,"$2.002,0",20260911
Lacteos Y Frescos,Frescos,yogur descremado milkaut colchon de frutillas x 1.,7794820902158,2002.0,"$2.002,0",20260911
Lacteos Y Frescos,Frescos,yogur descremado tregar con cereales x 164 gr.,7793913013702,2024.0,"$2.024,0",20260911
Lacteos Y Frescos,Frescos,yogur descremado tregar con frutas x 160 gr. arand,7793913014273,1909.0,"$1.909,0",20260911
Lacteos Y Frescos,Frescos,yogur descremado tregar con frutas x 160 gr. duraz,7793913014266,1909.0,"$1.909,0",20260911
Lacteos Y Frescos,Frescos,yogur descremado tregar con frutas x 160 gr. fruti,7793913014259,1909.0,"$1.909,0",20260911
Lacteos Y Frescos,Frescos,yogur descremado tregar x 125 gr. frutilla,7793913013559,944.0,"$944,0",20260911
Lacteos Y Frescos,Frescos,yogur descremado tregar x 125 gr. vainilla,7793913013566,944.0,"$944,0",20260911
Lacteos Y Frescos,Frescos,yogur ent.ilolay x150gr.durazn,7790787960330,1721.0,"$1.721,0",20260911
Lacteos Y Frescos,Frescos,yogur entero batido dahi frutos del bosque x 190 g,7798136870620,3119.0,"$3.119,0",20260911
Lacteos Y Frescos,Frescos,yogur entero batido la serenisima x 120 gr. durazo,7791337605442,1399.0,"$1.399,0",20260911
Lacteos Y Frescos,Frescos,yogur entero batido tregar ccafe x 120 gr.,7793913014020,2008.0,"$2.008,0",20260911
Lacteos Y Frescos,Frescos,yogur entero batido tregar ccoco x 120 gr.,7793913014013,2008.0,"$2.008,0",20260911
Lacteos Y Frescos,Frescos,yogur entero batido tregar climon x 120 gr.,7793913014006,2008.0,"$2.008,0",20260911
Lacteos Y Frescos,Frescos,yogur entero bebible ilolay durazno x 950 gr.,7790787960798,3023.0,"$3.023,0",20260911
Lacteos Y Frescos,Frescos,yogur entero bebible la serenisima x 900 gr. durao,7791337010376,4687.0,"$4.687,0",20260911
Lacteos Y Frescos,Frescos,yogur entero bebible la serenisima x 900 gr. vaini,7791337010369,4687.0,"$4.687,0",20260911
Lacteos Y Frescos,Frescos,yogur entero cremoso tregar vainilla x 125 gr.,7793913013535,944.0,"$944,0",20260911
Lacteos Y Frescos,Frescos,yogur entero cremoso tregar x 125 gr. frutilla,7793913013528,944.0,"$944,0",20260911
Lacteos Y Frescos,Frescos,yogur entero firme ilolay x 190 gr. vainilla,7790787960453,1487.0,"$1.487,0",20260911
Lacteos Y Frescos,Frescos,yogur entero firme milkaut frutilla x 180 gr.,7794820903254,1714.0,"$1.714,0",20260911
Lacteos Y Frescos,Frescos,yogur entero firme milkaut vainilla x 180 gr.,7794820903247,1714.0,"$1.714,0",20260911
Lacteos Y Frescos,Frescos,yogur entero ilolay colchon de frutillas x 150 gr.,7790787035007,1721.0,"$1.721,0",20260911
Lacteos Y Frescos,Frescos,yogur entero ilolay frutilla x 950 gr.,7790787960774,3023.0,"$3.023,0",20260911
Lacteos Y Frescos,Frescos,yogur entero ilolay x 950 gr tetra vainilla,7790787960781,3023.0,"$3.023,0",20260911
Lacteos Y Frescos,Frescos,yogur entero la serenisima con cereales x 159 gr.,7791337010444,3209.0,"$3.209,0",20260911
Lacteos Y Frescos,Frescos,yogur entero la serenisima cremoso x 120 gr. fruti,7791337605428,1399.0,"$1.399,0",20260911
Lacteos Y Frescos,Frescos,yogur entero tregar con cereales x 164 gr.,7793913013696,2024.0,"$2.024,0",20260911
Lacteos Y Frescos,Frescos,yogur entero tregar con fruta x 160 gr maracuya +mango,7793913014235,1909.0,"$1.909,0",20260911
Lacteos Y Frescos,Frescos,yogur entero tregar con frutas x 160 gr. arandanos,7793913014211,1909.0,"$1.909,0",20260911
Lacteos Y Frescos,Frescos,yogur entero tregar con frutas x 160 gr. frutilla,7793913014198,1909.0,"$1.909,0",20260911
Lacteos Y Frescos,Frescos,yogur entero tregar frutas cereza x 160 gr.,7793913014242,1909.0,"$1.909,0",20260911
Lacteos Y Frescos,Frescos,yogur entero tregar tops granola x 155 gr.,7793913013740,2024.0,"$2.024,0",20260911
Lacteos Y Frescos,Frescos,yogur entero tregar x 140 gr. natural,7793913002423,1717.0,"$1.717,0",20260911
Lacteos Y Frescos,Frescos,yogur firme la serenisima clasico x 190 gr. vainia,7791337010192,2190.0,"$2.190,0",20260911
Lacteos Y Frescos,Frescos,yogur gran compra bebible x 900 gr vainilla,7791337009691,3010.0,"$3.010,0",20260911
Lacteos Y Frescos,Frescos,yogur gran compra cremoso x 120 gr. vainilla,7791337008212,1024.0,"$1.024,0",20260911
Lacteos Y Frescos,Frescos,yogur gran compra x 120 gr frutilla firme,7791337007161,1024.0,"$1.024,0",20260911
Lacteos Y Frescos,Frescos,yogur gran compra x 120 gr vainilla firme,7791337007178,1024.0,"$1.024,0",20260911
Lacteos Y Frescos,Frescos,yogur ilolay  firme x 120 gm frutilla,7790787960408,929.0,"$929,0",20260911
Lacteos Y Frescos,Frescos,yogur ilolay + proteina x 180 gr frutilla,7790787035700,3044.0,"$3.044,0",20260911
Lacteos Y Frescos,Frescos,yogur ilolay + proteina x 180 gr vainilla,7790787035717,3044.0,"$3.044,0",20260911
Lacteos Y Frescos,Frescos,yogur ilolay cremoso x 120 gm frutilla,7790787960361,929.0,"$929,0",20260911
Lacteos Y Frescos,Frescos,yogur ilolay descremado con cereales x 150 gr.,7790787110551,1888.0,"$1.888,0",20260911
Lacteos Y Frescos,Frescos,yogur ilolay firme descremado frutilla x 190 gr.,7790787110520,1488.0,"$1.488,0",20260911
Lacteos Y Frescos,Frescos,yogur ilolay firme descremado vainilla x 190 gr.,7790787110513,1488.0,"$1.488,0",20260911
Lacteos Y Frescos,Frescos,yogur ilolay firme x 120 gm vainilla,7790787960422,929.0,"$929,0",20260911
Lacteos Y Frescos,Frescos,yogur ilolay firme x 190 gm dulce de leche,7790787960460,1487.0,"$1.487,0",20260911
Lacteos Y Frescos,Frescos,yogur ilolay firme x 190 gm frutilla,7790787960446,1487.0,"$1.487,0",20260911
Lacteos Y Frescos,Frescos,yogur ilolay kids x 90 gm sabor frutilla,7790787032402,936.0,"$936,0",20260911
Lacteos Y Frescos,Frescos,yogur ilolay kids x 90 gm sabor vainilla,7790787032419,936.0,"$936,0",20260911
Lacteos Y Frescos,Frescos,yogur ilolay x 150 gm arandano,7790787960712,1721.0,"$1.721,0",20260911
Lacteos Y Frescos,Frescos,yogur ilolay x 900 gm durazno,7790787960538,2399.0,"$2.399,0",20260911
Lacteos Y Frescos,Frescos,yogur ilolay x 900 gm frutilla,7790787960514,2400.0,"$2.400,0",20260911
Lacteos Y Frescos,Frescos,yogur ilolay x 900 gm vainilla,7790787960521,2400.0,"$2.400,0",20260911
Lacteos Y Frescos,Frescos,yogur la seren. clasico entero sachet x 1.3 kilos sabor vain,7791337010505,6332.0,"$6.332,0",20260911
Lacteos Y Frescos,Frescos,yogur la serenisima 0 % lactosa sachet x 900 gm,7791337010482,5545.0,"$5.545,0",20260911
Lacteos Y Frescos,Frescos,yogur la serenisima batido x 480 gm  sabor natural,7791337010536,4762.0,"$4.762,0",20260911
Lacteos Y Frescos,Frescos,yogur la serenisima cremoso natural x 120 gm sin azucar agre,7791337010727,1400.0,"$1.400,0",20260911
Lacteos Y Frescos,Frescos,yogur la serenisima descremado batido x 120 gm frutilla,7791337010314,1399.0,"$1.399,0",20260911
Lacteos Y Frescos,Frescos,yogur la serenisima descremado batido x 120 gm vainilla,7791337010307,1399.0,"$1.399,0",20260911
Lacteos Y Frescos,Frescos,yogur la serenisima en sachet descremado x 900 gm frutilla,7791337010475,4687.0,"$4.687,0",20260911
Lacteos Y Frescos,Frescos,yogur la serenisima nutricion activa firme x 4 uni. frutilla,7791337010796,4762.0,"$4.762,0",20260911
Lacteos Y Frescos,Frescos,yogur la serenisima nutricion activa firme x 4 uni. vainilla,7791337010789,4762.0,"$4.762,0",20260911
Lacteos Y Frescos,Frescos,yogur las 3 niaas y yo x 190 gm frutilla,7798338291520,1241.0,"$1.241,0",20260911
Lacteos Y Frescos,Frescos,yogur las 3 niaas y yo x 190 gm vainilla,7798338291537,1241.0,"$1.241,0",20260911
Lacteos Y Frescos,Frescos,yogur las 3 niaas y yo x 500 gm bebible sabor vainilla,7798338291544,2483.0,"$2.483,0",20260911
Lacteos Y Frescos,Frescos,yogur las 3 niaas y yo x 500 gm sabor frutilla,7798338291551,2483.0,"$2.483,0",20260911
Lacteos Y Frescos,Frescos,yogur light la serenisima con cereales x 157 gr.,7791337010291,3241.0,"$3.241,0",20260911
Lacteos Y Frescos,Frescos,yogur ls clasica batido x 480 gr frutilla,7791337010406,4761.0,"$4.761,0",20260911
Lacteos Y Frescos,Frescos,yogur ls.clas.ent.sh x900g.fru,7791337010215,4687.0,"$4.687,0",20260911
Lacteos Y Frescos,Frescos,yogur ls.clas.firme des.fru190,7791337010338,2189.0,"$2.189,0",20260911
Lacteos Y Frescos,Frescos,yogur ls.clas.firme des.vai190,7791337606111,2189.0,"$2.189,0",20260911
Lacteos Y Frescos,Frescos,yogur ls.clas.firme ent.fru120,7791337010413,1399.0,"$1.399,0",20260911
Lacteos Y Frescos,Frescos,yogur ls.clas.firme ent.fru190,7791337010185,2190.0,"$2.190,0",20260911
Lacteos Y Frescos,Frescos,yogur ls.clas.firme ent.vai120,7791337010420,1399.0,"$1.399,0",20260911
Lacteos Y Frescos,Frescos,yogur milkaut  x 950 gm tetra pack natural,7794820903605,4150.0,"$4.150,0",20260911
Lacteos Y Frescos,Frescos,yogur milkaut balance fortificado x 180 gm frtuilla,7794820903513,1715.0,"$1.715,0",20260911
Lacteos Y Frescos,Frescos,yogur milkaut balance fortificado x 180 gm vainilla,7794820903506,1715.0,"$1.715,0",20260911
Lacteos Y Frescos,Frescos,yogur milkaut con cereales x 155 gr. vainilla,7794820902844,2473.0,"$2.473,0",20260911
Lacteos Y Frescos,Frescos,yogur milkaut cremoso balance x 300 gm natural,7794820903711,3263.0,"$3.263,0",20260911
Lacteos Y Frescos,Frescos,yogur milkaut cremoso x 150 gr. colchon de durazno,7794820902820,2100.0,"$2.100,0",20260911
Lacteos Y Frescos,Frescos,yogur milkaut cremoso x 180 gr frutilla,7794820903490,1715.0,"$1.715,0",20260911
Lacteos Y Frescos,Frescos,yogur milkaut cremoso x 180 gr vainilla,7794820903483,1715.0,"$1.715,0",20260911
Lacteos Y Frescos,Frescos,yogur milkaut cremoso x 180 gr. natural,7794820902721,1785.0,"$1.785,0",20260911
Lacteos Y Frescos,Frescos,yogur milkaut cremoso x 300 gm sabor natural,7794820903612,3263.0,"$3.263,0",20260911
Lacteos Y Frescos,Frescos,yogur milkaut cremoso x 300 gr frutilla,7794820903971,2672.0,"$2.672,0",20260911
Lacteos Y Frescos,Frescos,yogur milkaut cremoso x 300 gr vainilla,7794820903988,2671.7,"$2.671,7",20260911
Lacteos Y Frescos,Frescos,yogur parcialmente descremado cremoso ilolay x 350 gm natura,7790787960934,2793.0,"$2.793,0",20260911
Lacteos Y Frescos,Frescos,yogur ser bot. x190gr frutilla y arandano,7791337009820,3560.0,"$3.560,0",20260911
Lacteos Y Frescos,Frescos,yogur ser con cereales x 166 gr.,7791337007666,4536.0,"$4.536,0",20260911
Lacteos Y Frescos,Frescos,yogur ser firme x 190 gm frutilla,7791337007864,3003.0,"$3.003,0",20260911
Lacteos Y Frescos,Frescos,yogur ser firme x 190 gr. vainilla,7791337007246,3003.0,"$3.003,0",20260911
Lacteos Y Frescos,Frescos,yogur ser natur x 300 gr natural endulzado 0 lacto,7791337007208,5144.0,"$5.144,0",20260911
Lacteos Y Frescos,Frescos,yogur ser pro + frutos rojos x 175 gr.,7791337009677,3560.0,"$3.560,0",20260911
Lacteos Y Frescos,Frescos,yogur ser pro + sabor natural x 175 gr.,7791337009660,3560.0,"$3.560,0",20260911
Lacteos Y Frescos,Frescos,yogur ser pro + x 175 gr vainilla caramel,7791337010772,3536.0,"$3.536,0",20260911
Lacteos Y Frescos,Frescos,yogur tregar descremado con frutas x 160 gr anana,7793913014280,1909.0,"$1.909,0",20260911
Lacteos Y Frescos,Frescos,yogur tregar descremado x 155 gm con granola,7793913014044,2024.0,"$2.024,0",20260911
Lacteos Y Frescos,Frescos,yogur tregar endulzado natural x 280 gr.,7793913013986,3346.0,"$3.346,0",20260911
Lacteos Y Frescos,Frescos,yogur tregar entero bebible sachet x 900 gm vainilla,7793913013580,2940.0,"$2.940,0",20260911
Lacteos Y Frescos,Frescos,yogur tregar entero cemoso x 125 gr dulce de leche,7793913013542,944.0,"$944,0",20260911
Lacteos Y Frescos,Frescos,yogur tregar entero con frutas x 160 gr anana,7793913014228,1909.0,"$1.909,0",20260911
Lacteos Y Frescos,Frescos,yogur tregar entero firme x 170 gm frutilla,7793913014075,1328.0,"$1.328,0",20260911
Lacteos Y Frescos,Frescos,yogur tregar entero firme x 170 gm vainilla,7793913014082,1328.0,"$1.328,0",20260911
Lacteos Y Frescos,Frescos,yogur tregar light firme x 170 gm frutilla,7793913014105,1328.0,"$1.328,0",20260911
Lacteos Y Frescos,Frescos,yogur tregar light firme x 170 gm vainilla,7793913014112,1328.0,"$1.328,0",20260911
Lacteos Y Frescos,Frescos,yogur tregar natural sin azucar x 280 gr.,7793913013993,3346.0,"$3.346,0",20260911
Lacteos Y Frescos,Frescos,yogur tremblay x 900 gm frutilla,7798151771124,2202.0,"$2.202,0",20260911
Lacteos Y Frescos,Frescos,yogur yogurisimo bebible griego x 190 gr vainilla,7791337010840,3912.1,"$3.912,1",20260911
Lacteos Y Frescos,Frescos,yogur yogurisimo griego firme x 180 gr frutilla,7791337010918,3122.0,"$3.122,0",20260911
Lacteos Y Frescos,Frescos,yogur yogurisimo griego firme x 180 gr vainilla,7791337010925,3122.0,"$3.122,0",20260911
Lacteos Y Frescos,Frescos,yogur yogurisimo griego x 140 gr frutilla,7791337009943,2375.0,"$2.375,0",20260911
Lacteos Y Frescos,Frescos,yogur yogurisimo griego x 140 gr vainilla,7791337009950,2375.0,"$2.375,0",20260911
Lacteos Y Frescos,Frescos,yogur yogurisimo griego x 162 gr natural con cereales,7791337010802,4626.4,"$4.626,4",20260911
Lacteos Y Frescos,Frescos,yogur yogurisimo griego x 166 gr con cereales,7791337009967,4627.0,"$4.627,0",20260911
Lacteos Y Frescos,Frescos,yogur yogurisimo griego x 168 gr con granola,7791337010093,4627.0,"$4.627,0",20260911
Lacteos Y Frescos,Frescos,yogur yogurisimo griego x 190 gr natural endulzado,7791337009981,3527.0,"$3.527,0",20260911
Lacteos Y Frescos,Frescos,yogur yogurisimo griego x 190 gr natural sin end,7791337009998,3527.0,"$3.527,0",20260911
Lacteos Y Frescos,Frescos,yogur yogurisimo griego x 300 gr natural sin end,7791337010017,5116.0,"$5.116,0",20260911
Lacteos Y Frescos,Frescos,yogur yogurisimo griego x 300 ml natural endulz,7791337010000,5116.0,"$5.116,0",20260911
Lacteos Y Frescos,Frescos,yogurisimo griego firme x 180 gr natural endulzado,7791337010932,3122.0,"$3.122,0",20260911
Lacteos Y Frescos,Frescos,yogurisimo griego x 125 gm frutilla,7791337009974,3657.4,"$3.657,4",20260911
Lacteos Y Frescos,Frescos,yogurisimo griego x 125 gr arandano,7791337010147,3657.0,"$3.657,0",20260911
Frutas Y Verduras,Frescos,acelga x paquete,2019880000008,790.0,"$790,0",20260911
Frutas Y Verduras,Frescos,ajies de colores x kilo,2027850000002,7990.0,"$7.990,0",20260911
Frutas Y Verduras,Frescos,ajies x kg.,2019900000001,4990.0,"$4.990,0",20260911
Frutas Y Verduras,Frescos,ajies x kg.,2019910000008,9990.0,"$9.990,0",20260911
Frutas Y Verduras,Frescos,ajo x unidad,2019930000002,1290.0,"$1.290,0",20260911
Frutas Y Verduras,Frescos,akusay x kg.,2019950000006,2490.0,"$2.490,0",20260911
Frutas Y Verduras,Frescos,alcauciles x unidad,2019970000000,1990.0,"$1.990,0",20260911
Frutas Y Verduras,Frescos,apio x kg.,2019990000004,3990.0,"$3.990,0",20260911
Frutas Y Verduras,Frescos,arandanos en bandeja,2020000000006,3990.0,"$3.990,0",20260911
Frutas Y Verduras,Frescos,banana ecuatoriana x kg.,2020050000001,4990.0,"$4.990,0",20260911
Frutas Y Verduras,Frescos,batata zanahoria x kilo,2029100000008,3990.0,"$3.990,0",20260911
Frutas Y Verduras,Frescos,berengena negra x kg.,2020120000009,3990.0,"$3.990,0",20260911
Frutas Y Verduras,Frescos,berenjena morada x kg.,2020100000005,5990.0,"$5.990,0",20260911
Frutas Y Verduras,Frescos,berro hidroponico en bolsa,2020140000003,2990.0,"$2.990,0",20260911
Frutas Y Verduras,Frescos,brocoli en bandeja,2020170000004,7990.0,"$7.990,0",20260911
Frutas Y Verduras,Frescos,brocoli x kg.,2020160000007,7990.0,"$7.990,0",20260911
Frutas Y Verduras,Frescos,brotes de soja shim-shim,7798004430017,2320.0,"$2.320,0",20260911
Frutas Y Verduras,Frescos,calabacita x kg.,2020180000001,3990.0,"$3.990,0",20260911
Frutas Y Verduras,Frescos,camote colorado x kg.,2020260000006,2990.0,"$2.990,0",20260911
Frutas Y Verduras,Frescos,cazuela de hortalizas  shim shim bandeja x 400 gm,7798004430321,2320.0,"$2.320,0",20260911
Frutas Y Verduras,Frescos,cebolla de verdeo x kg.,2020300000003,7990.0,"$7.990,0",20260911
Frutas Y Verduras,Frescos,cebolla x kg.,2020270000003,3990.0,"$3.990,0",20260911
Frutas Y Verduras,Frescos,champignones x kg.,2020340000001,25990.0,"$25.990,0",20260911
Frutas Y Verduras,Frescos,chaucha ballina x kg.,2020350000008,6990.0,"$6.990,0",20260911
Frutas Y Verduras,Frescos,chaucha rolliza x kg.,2020370000002,7990.0,"$7.990,0",20260911
Frutas Y Verduras,Frescos,choclo elegido x kg.,2020410000009,7990.0,"$7.990,0",20260911
Frutas Y Verduras,Frescos,chop suey bandeja x 300 gm shim shim,7798004430246,2455.0,"$2.455,0",20260911
Frutas Y Verduras,Frescos,ciruela roja x kg.,2020490000005,12990.0,"$12.990,0",20260911
Frutas Y Verduras,Frescos,coliflor x kg.,2020570000000,5990.0,"$5.990,0",20260911
Frutas Y Verduras,Frescos,curcuma x kg.,2037320000005,7990.0,"$7.990,0",20260911
Frutas Y Verduras,Frescos,ensalada caprese las parchitas x 300 gr.,7798137494450,6960.0,"$6.960,0",20260911
Frutas Y Verduras,Frescos,ensalada coleslaw las parchitas x 300 gr.,7798137494429,6995.0,"$6.995,0",20260911
Frutas Y Verduras,Frescos,ensalada de frutas x kg.,2020640000008,8900.0,"$8.900,0",20260911
Frutas Y Verduras,Frescos,ensalada gourmet shim shim bandeja x 130 gr rucula y queso,7798004430451,2577.0,"$2.577,0",20260911
Frutas Y Verduras,Frescos,ensalada italiana poquet las parchitas x 130 gr.,7798137494498,4118.0,"$4.118,0",20260911
Frutas Y Verduras,Frescos,ensalada las parchitas combinada x 200 gm,7798137490025,3503.0,"$3.503,0",20260911
Frutas Y Verduras,Frescos,ensalada las parchitas mediterranea x 200 gm,7798137494399,6255.0,"$6.255,0",20260911
Frutas Y Verduras,Frescos,ensalada las parchitas super,7798137490216,6058.0,"$6.058,0",20260911
Frutas Y Verduras,Frescos,ensalada las parchitas vegana x 300 gm,7798137494436,6165.0,"$6.165,0",20260911
Frutas Y Verduras,Frescos,ensalada las parchitas x 300 gr primavera,7798137494412,5456.3,"$5.456,3",20260911
Frutas Y Verduras,Frescos,ensalada mixta shim-shim,7798004430086,2257.0,"$2.257,0",20260911
Frutas Y Verduras,Frescos,ensaladas nutritivas bandeja x 250 gm shim shim,7798004430253,2320.0,"$2.320,0",20260911
Frutas Y Verduras,Frescos,esparragos verdes paquete,2022440000004,5990.0,"$5.990,0",20260911
Frutas Y Verduras,Frescos,especias x paquete romero,2020710000006,2790.0,"$2.790,0",20260911
Frutas Y Verduras,Frescos,espinaca atado,2020730000000,1390.0,"$1.390,0",20260911
Frutas Y Verduras,Frescos,espinaca hidroponica x paquete,2038340000006,1790.0,"$1.790,0",20260911
Frutas Y Verduras,Frescos,frutillas bandeja x 500 gm,2022450000001,3990.0,"$3.990,0",20260911
Frutas Y Verduras,Frescos,frutillas x kg.,2020750000004,7990.0,"$7.990,0",20260911
Frutas Y Verduras,Frescos,hinojo x kg.,2021020000007,1990.0,"$1.990,0",20260911
Frutas Y Verduras,Frescos,jengibre x kg.,2020860000000,7990.0,"$7.990,0",20260911
Frutas Y Verduras,Frescos,kiwi x kg.,2020890000001,11990.0,"$11.990,0",20260911
Frutas Y Verduras,Frescos,lechuga de hoja hidroponica x paquete,2037370000000,2790.0,"$2.790,0",20260911
Frutas Y Verduras,Frescos,lechuga de hoja x kg.,2020910000004,2990.0,"$2.990,0",20260911
Frutas Y Verduras,Frescos,lechuga manteca hidroponica x paquete,2037380000007,2790.0,"$2.790,0",20260911
Frutas Y Verduras,Frescos,lechuga mantecosa x kg.,2020920000001,4990.0,"$4.990,0",20260911
Frutas Y Verduras,Frescos,lechuga morada x kg.,2020930000008,2990.0,"$2.990,0",20260911
Frutas Y Verduras,Frescos,lechuga repollada x kg.,2020960000009,3990.0,"$3.990,0",20260911
Frutas Y Verduras,Frescos,lima x kg.,2020970000006,5990.0,"$5.990,0",20260911
Frutas Y Verduras,Frescos,limones x kg.,2020980000003,1990.0,"$1.990,0",20260911
Frutas Y Verduras,Frescos,mandarina elendalle x kg.,2021080000009,1990.0,"$1.990,0",20260911
Frutas Y Verduras,Frescos,mandarina encore x kilo,2021090000006,1990.0,"$1.990,0",20260911
Frutas Y Verduras,Frescos,mandarina murcot x kg.,2021120000006,1990.0,"$1.990,0",20260911
Frutas Y Verduras,Frescos,mango x kg.,2021210000008,7990.0,"$7.990,0",20260911
Frutas Y Verduras,Frescos,manzana roja deliciosa x kg.,2021250000006,5990.0,"$5.990,0",20260911
Frutas Y Verduras,Frescos,manzana verde x kg.,2021270000000,6990.0,"$6.990,0",20260911
Frutas Y Verduras,Frescos,melon amarillo x kg.,2021280000007,5990.0,"$5.990,0",20260911
Frutas Y Verduras,Frescos,melon rocio de miel x kg.,2021320000004,7990.0,"$7.990,0",20260911
Frutas Y Verduras,Frescos,mini ensalada las parchitas tropical x 230 gm,7798137494467,5170.0,"$5.170,0",20260911
Frutas Y Verduras,Frescos,naranja de jugo x kilo.,2021390000003,1590.0,"$1.590,0",20260911
Frutas Y Verduras,Frescos,naranja de ombligo x kilo,2021410000006,1990.0,"$1.990,0",20260911
Frutas Y Verduras,Frescos,palta arrugada x kg.,2021450000004,10990.0,"$10.990,0",20260911
Frutas Y Verduras,Frescos,papa elegida red x kilo,2021470000008,2790.0,"$2.790,0",20260911
Frutas Y Verduras,Frescos,papa elegida suelta x kg.,2021480000005,2790.0,"$2.790,0",20260911
Frutas Y Verduras,Frescos,papa negra suelta x kilo,2021500000008,2790.0,"$2.790,0",20260911
Frutas Y Verduras,Frescos,papas noisette x 500 gm shim shim,7798004430055,2675.0,"$2.675,0",20260911
Frutas Y Verduras,Frescos,papin x kilo x kg.,2021520000002,3990.0,"$3.990,0",20260911
Frutas Y Verduras,Frescos,pepino x kg.,2021550000003,2990.0,"$2.990,0",20260911
Frutas Y Verduras,Frescos,pera x kg.,2021720000000,4990.0,"$4.990,0",20260911
Frutas Y Verduras,Frescos,perejil x kg.,2021780000002,3990.0,"$3.990,0",20260911
Frutas Y Verduras,Frescos,pia?a?a x kg.,2021850000000,5990.0,"$5.990,0",20260911
Frutas Y Verduras,Frescos,pimiento amarillo x kg.,2021790000009,7990.0,"$7.990,0",20260911
Frutas Y Verduras,Frescos,pimiento rojo x kg.,2021820000009,9990.0,"$9.990,0",20260911
Frutas Y Verduras,Frescos,pimiento verde x kg.,2021840000003,5990.0,"$5.990,0",20260911
Frutas Y Verduras,Frescos,pomelo sanguineo x kg.,2021880000001,2490.0,"$2.490,0",20260911
Frutas Y Verduras,Frescos,portobello x kg.,2021890000008,31990.0,"$31.990,0",20260911
Frutas Y Verduras,Frescos,provenzal fresca shim-shim x60gr.bandeja,7798004430307,2320.0,"$2.320,0",20260911
Frutas Y Verduras,Frescos,puchero las parchitas x500gr.,7798137490322,5213.0,"$5.213,0",20260911
Frutas Y Verduras,Frescos,puerro x kg.,2030920000000,4990.0,"$4.990,0",20260911
Frutas Y Verduras,Frescos,quinotos x kilo,2021920000008,5990.0,"$5.990,0",20260911
Frutas Y Verduras,Frescos,rabanitos x paquete,2021930000005,1790.0,"$1.790,0",20260911
Frutas Y Verduras,Frescos,radicheta con ajo en bandeja x 120 gm shim shim,7798004430376,2142.0,"$2.142,0",20260911
Frutas Y Verduras,Frescos,radicheta cortada shim-shim,7798004430116,2119.0,"$2.119,0",20260911
Frutas Y Verduras,Frescos,radicheta x paquete,2021950000009,1990.0,"$1.990,0",20260911
Frutas Y Verduras,Frescos,remolacha x paquete,2022010000007,1790.0,"$1.790,0",20260911
Frutas Y Verduras,Frescos,repollitos de brusellas en bandeja,2022030000001,2990.0,"$2.990,0",20260911
Frutas Y Verduras,Frescos,repollo blanco x kg.,2022040000008,2490.0,"$2.490,0",20260911
Frutas Y Verduras,Frescos,repollo colorado x kg.,2022060000002,3990.0,"$3.990,0",20260911
Frutas Y Verduras,Frescos,rucula cortada shim-shim,7798004430277,2141.0,"$2.141,0",20260911
Frutas Y Verduras,Frescos,rucula hidroponica x 200 gm,7798137490254,3773.4,"$3.773,4",20260911
Frutas Y Verduras,Frescos,rucula hidroponica x paquete,2038330000009,2590.0,"$2.590,0",20260911
Frutas Y Verduras,Frescos,rucula x paquete,2022080000006,990.0,"$990,0",20260911
Frutas Y Verduras,Frescos,sandia postre x kilo,2027050000000,4990.0,"$4.990,0",20260911
Frutas Y Verduras,Frescos,sandia x kilo,2022090000003,2990.0,"$2.990,0",20260911
Frutas Y Verduras,Frescos,tomate cherry x kg.,2022130000000,14990.0,"$14.990,0",20260911
Frutas Y Verduras,Frescos,tomate larga vida en rama x kg.,2022180000005,4990.0,"$4.990,0",20260911
Frutas Y Verduras,Frescos,tomate perita x kg.,2022210000005,6990.0,"$6.990,0",20260911
Frutas Y Verduras,Frescos,tomate redondo x kg.,2022220000002,6990.0,"$6.990,0",20260911
Frutas Y Verduras,Frescos,uvas blancas x kg.,2022250000003,13990.0,"$13.990,0",20260911
Frutas Y Verduras,Frescos,uvas negras x kg.,2022280000004,13990.0,"$13.990,0",20260911
Frutas Y Verduras,Frescos,uvas rosadas x kg.,2022300000007,16990.0,"$16.990,0",20260911
Frutas Y Verduras,Frescos,verdura mixta para sopa  shim shim x 400 gm en bandeja,7798004430048,2622.0,"$2.622,0",20260911
Frutas Y Verduras,Frescos,zanahoria rallada bandeja x 200 gm shim shim,7798004430260,2119.0,"$2.119,0",20260911
Frutas Y Verduras,Frescos,zanahoria suelta x kg.,2021640000005,2990.0,"$2.990,0",20260911
Frutas Y Verduras,Frescos,zapallito largo x kg.,2021650000002,4990.0,"$4.990,0",20260911
Frutas Y Verduras,Frescos,zapallito redondo x kg.,2021660000009,3990.0,"$3.990,0",20260911
Frutas Y Verduras,Frescos,zapallo brasilero x kg.,2021680000003,2490.0,"$2.490,0",20260911
Limpieza,Limpieza,0167646 ensaladera galax flint,7791822676469,3591.0,"$3.591,0",20260911
Limpieza,Limpieza,026002 tortera desarmable 3 23cm,7790351400033,18135.0,"$18.135,0",20260911
Limpieza,Limpieza,036267 botella de vidrio ctapon x 1 lt.,7795128086847,5238.0,"$5.238,0",20260911
Limpieza,Limpieza,040004 porta espiral plastico,7794184400451,4963.0,"$4.963,0",20260911
Limpieza,Limpieza,067008 plato playo blanco cuadrado 25 cm.,4068407130108,3805.0,"$3.805,0",20260911
Limpieza,Limpieza,076386 fuente ovalada melamina blanca,8002315002931,4791.0,"$4.791,0",20260911
Limpieza,Limpieza,12 polera int blanca talle 6 al 16,2700006103450,14180.0,"$14.180,0",20260911
Limpieza,Limpieza,219 delantal lienzo,1808391,6447.0,"$6.447,0",20260911
Limpieza,Limpieza,257002 ensaladera con frutas,7797797830035,2350.0,"$2.350,0",20260911
Limpieza,Limpieza,261 toallon aloha,2700003043582,13656.0,"$13.656,0",20260911
Limpieza,Limpieza,263012 escurridor verduras,7794297025329,11862.0,"$11.862,0",20260911
Limpieza,Limpieza,263103 botella plastica deportiva,7794297020188,2752.0,"$2.752,0",20260911
Limpieza,Limpieza,276005 pelador metalico,7798005437138,4826.0,"$4.826,0",20260911
Limpieza,Limpieza,276085 limpia bombilla,7798005437640,1857.0,"$1.857,0",20260911
Limpieza,Limpieza,276176 cuchillo para untar x 2 unid.,7798005438784,2700.0,"$2.700,0",20260911
Limpieza,Limpieza,286776 vaso alegro x 6 unid.,7702147202363,17146.0,"$17.146,0",20260911
Limpieza,Limpieza,454cl6 vaso mikonos x 6 unid.,7702147245681,16991.0,"$16.991,0",20260911
Limpieza,Limpieza,519 copa helado fiesta,7702147233428,2604.0,"$2.604,0",20260911
Limpieza,Limpieza,530586 cenicero cuadrado,7792824036039,2230.0,"$2.230,0",20260911
Limpieza,Limpieza,58128 wok con mango 28 cm.,7896398327170,26262.0,"$26.262,0",20260911
Limpieza,Limpieza,692 cuchara grande x 3 unid.,7798039416925,3240.0,"$3.240,0",20260911
Limpieza,Limpieza,708014 mate madera,7080142,6980.0,"$6.980,0",20260911
Limpieza,Limpieza,711 contenedor mediano cuadrado san remo,7896359006205,5455.0,"$5.455,0",20260911
Limpieza,Limpieza,727009 percha lion x 3,7794296008033,4152.0,"$4.152,0",20260911
Limpieza,Limpieza,763004 ganchos plasticos x 12 unid.,7797130000347,3088.0,"$3.088,0",20260911
Limpieza,Limpieza,763020 ganchos plasticos dorados x 12 unid.,7797130000330,11655.0,"$11.655,0",20260911
Limpieza,Limpieza,763062 plato plastico cuadrado 23.5 cm.,7798274400079,1984.0,"$1.984,0",20260911
Limpieza,Limpieza,862473 rallador acero inoxidable,6936158133663,4205.0,"$4.205,0",20260911
Limpieza,Limpieza,abrelatas clasico chef,7798005437060,2499.0,"$2.499,0",20260911
Limpieza,Limpieza,abrelatas con manija chef,7798005437015,11327.0,"$11.327,0",20260911
Limpieza,Limpieza,abrelatas cromado loekemeyer,7795587005106,2110.0,"$2.110,0",20260911
Limpieza,Limpieza,aeo15011 plato hondo decorado rojo,7891361965076,7011.0,"$7.011,0",20260911
Limpieza,Limpieza,afila cuchillos chef,7798005437046,6740.0,"$6.740,0",20260911
Limpieza,Limpieza,ahuecador de papas chef,7798005437206,4510.0,"$4.510,0",20260911
Limpieza,Limpieza,alfambro oval peluche,7790780081858,16316.1,"$16.316,1",20260911
Limpieza,Limpieza,alfombra baao 40 x 60 cm,758647554034,10585.0,"$10.585,0",20260911
Limpieza,Limpieza,alfombra para baao pvc,7797130005045,14457.6,"$14.457,6",20260911
Limpieza,Limpieza,alfombra peluche,789236065013,15537.0,"$15.537,0",20260911
Limpieza,Limpieza,alfombra shaggy,7798363441754,13907.0,"$13.907,0",20260911
Limpieza,Limpieza,almohada palette urban,7794170052282,28116.0,"$28.116,0",20260911
Limpieza,Limpieza,amoladora 115 mm 950,6934097747163,67892.0,"$67.892,0",20260911
Limpieza,Limpieza,antidesliznte,7797130000248,5512.0,"$5.512,0",20260911
Limpieza,Limpieza,apoya fuente  ratan,742779502568,17013.0,"$17.013,0",20260911
Limpieza,Limpieza,asadera cuadrada 25.5 granito carol,7792281017718,13149.9,"$13.149,9",20260911
Limpieza,Limpieza,asadera de vidrio cuadrada ocuisine,3426470262538,12157.0,"$12.157,0",20260911
Limpieza,Limpieza,asadera n 4,7790351152048,20726.0,"$20.726,0",20260911
Limpieza,Limpieza,asadera oval,7790351152024,14950.0,"$14.950,0",20260911
Limpieza,Limpieza,asadera rectangular 33 granit carol,7792281017565,13989.3,"$13.989,3",20260911
Limpieza,Limpieza,atomizador de aceite crystal rock,7820190141382,18610.5,"$18.610,5",20260911
Limpieza,Limpieza,automate,5460472,19471.0,"$19.471,0",20260911
Limpieza,Limpieza,azucarera,4068407302451,3946.0,"$3.946,0",20260911
Limpieza,Limpieza,azucarera,7790691048100,10505.0,"$10.505,0",20260911
Limpieza,Limpieza,balde 8.5,7896359002863,8181.0,"$8.181,0",20260911
Limpieza,Limpieza,balde hielo,6932584121731,6019.0,"$6.019,0",20260911
Limpieza,Limpieza,balde para hielo,7792579009029,3200.0,"$3.200,0",20260911
Limpieza,Limpieza,balde san remo oba x 8 litros,7896359012237,8037.6,"$8.037,6",20260911
Limpieza,Limpieza,bandeja acaciamarmol,7792281032261,56390.1,"$56.390,1",20260911
Limpieza,Limpieza,bandeja bambu verde 40 x 18 cm,7792281022736,27286.4,"$27.286,4",20260911
Limpieza,Limpieza,bandeja cuadrada 25 x 25 cm verde,7792281022750,28060.0,"$28.060,0",20260911
Limpieza,Limpieza,bandeja cuadrada 30 x 30 cm verde,7792281022743,35768.1,"$35.768,1",20260911
Limpieza,Limpieza,bandeja de bambu 20 x 20 cm verde,7792281022767,21123.6,"$21.123,6",20260911
Limpieza,Limpieza,bandeja de madera color blanca,742779498052,14774.1,"$14.774,1",20260911
Limpieza,Limpieza,bandeja desayuno,763571681268,7963.0,"$7.963,0",20260911
Limpieza,Limpieza,bandeja madera redonda,742779500915,13050.0,"$13.050,0",20260911
Limpieza,Limpieza,bandeja melamina,8002315002740,13808.0,"$13.808,0",20260911
Limpieza,Limpieza,barral,7797130000422,19658.0,"$19.658,0",20260911
Limpieza,Limpieza,barral aluminio,7630064,15285.0,"$15.285,0",20260911
Limpieza,Limpieza,"basurero con pedal x 13,5 lt. san remo",7896359023790,18946.0,"$18.946,0",20260911
Limpieza,Limpieza,bateria 9 voltios energizer,39800013613,4610.0,"$4.610,0",20260911
Limpieza,Limpieza,batidor cafe,6973010390161,3293.0,"$3.293,0",20260911
Limpieza,Limpieza,batidor pera chef,7798005438029,4261.0,"$4.261,0",20260911
Limpieza,Limpieza,bifera cuadrada multiflon linea gourmet,7896398323950,38039.3,"$38.039,3",20260911
Limpieza,Limpieza,bifera induccion carol,7792281519021,55458.5,"$55.458,5",20260911
Limpieza,Limpieza,bifera multiflon acanalada 28 cm linea gourmet,7896398320812,30932.0,"$30.932,0",20260911
Limpieza,Limpieza,bols cerealero san remo,7896359025329,1651.3,"$1.651,3",20260911
Limpieza,Limpieza,bolsa,7798136930386,6696.0,"$6.696,0",20260911
Limpieza,Limpieza,bolsa aspiradora,7797581000194,3960.0,"$3.960,0",20260911
Limpieza,Limpieza,bolsa aspiradora,7797581000132,3960.0,"$3.960,0",20260911
Limpieza,Limpieza,bolsa aspiradora,7797581002631,3960.0,"$3.960,0",20260911
Limpieza,Limpieza,bolsa de agua caliente,7796851811119,8673.0,"$8.673,0",20260911
Limpieza,Limpieza,bolsa para lavarropas ordene 22 x 16 cm.,7898335070088,8167.0,"$8.167,0",20260911
Limpieza,Limpieza,bolsa para lavarropas ordene 40 x 50 cm.,7898335070040,6458.0,"$6.458,0",20260911
Limpieza,Limpieza,bolsa propa vac bag extra grande 80 x 100 cm.,7898335075717,11632.0,"$11.632,0",20260911
Limpieza,Limpieza,bolsa propa vac bag trip 60 x 40 cm.,7898335076936,5816.0,"$5.816,0",20260911
Limpieza,Limpieza,bomba periferica 1/2 hp hoteche,790757856936,64995.0,"$64.995,0",20260911
Limpieza,Limpieza,bombilla,7798030340045,5445.0,"$5.445,0",20260911
Limpieza,Limpieza,bombilla escudo,7798030340069,9128.0,"$9.128,0",20260911
Limpieza,Limpieza,bombilla mini,7798030340052,4854.0,"$4.854,0",20260911
Limpieza,Limpieza,bombilla resorte mensu,7798030340083,9003.0,"$9.003,0",20260911
Limpieza,Limpieza,botella flip top x 500 ml,7798343356436,8931.0,"$8.931,0",20260911
Limpieza,Limpieza,botella flip top x 500 ml mickey,7798343356481,8931.0,"$8.931,0",20260911
Limpieza,Limpieza,botella flip x 500 ml advengers,7798391141725,8931.4,"$8.931,4",20260911
Limpieza,Limpieza,botella seleccion argentina,7798391142203,8767.9,"$8.767,9",20260911
Limpieza,Limpieza,botella straw top x 500  ml mickey,7798343356580,10107.0,"$10.107,0",20260911
Limpieza,Limpieza,botella straw top x 500 ml minnie,7798343356597,10107.0,"$10.107,0",20260911
Limpieza,Limpieza,botella straw top x 500 ml peppa,7798343356559,10107.0,"$10.107,0",20260911
Limpieza,Limpieza,botella straw top x 500 ml spider,7798391141992,10107.0,"$10.107,0",20260911
Limpieza,Limpieza,botella termica,7798215280388,7309.0,"$7.309,0",20260911
Limpieza,Limpieza,botella termica chimolla capymila x 470 ml,2700004163333,32931.4,"$32.931,4",20260911
Limpieza,Limpieza,botella vintage con tapa,7891155083580,7989.0,"$7.989,0",20260911
Limpieza,Limpieza,botella ypsilon decanter,8004360027266,11690.0,"$11.690,0",20260911
Limpieza,Limpieza,bowl,7791822625054,1508.0,"$1.508,0",20260911
Limpieza,Limpieza,bowl,7797797830387,2058.0,"$2.058,0",20260911
Limpieza,Limpieza,bowl  cerealero paw patrol,7798343352308,4936.0,"$4.936,0",20260911
Limpieza,Limpieza,bowl 14 granito carol,7792281021616,3813.0,"$3.813,0",20260911
Limpieza,Limpieza,bowl 14.5 cerealero porcelana amarilla,7891361987467,7206.0,"$7.206,0",20260911
Limpieza,Limpieza,bowl 14.5 cerealero porcelana turquesa,7891361080243,7206.0,"$7.206,0",20260911
Limpieza,Limpieza,bowl 14.5 litros cerealero porcelana azul,7891361751150,7206.0,"$7.206,0",20260911
Limpieza,Limpieza,bowl 14.5 litros cerealero porcelana negra,7891361473281,7206.0,"$7.206,0",20260911
Limpieza,Limpieza,bowl 20 granito carol,7792281021630,7814.0,"$7.814,0",20260911
Limpieza,Limpieza,bowl 20 negro carol,7792281063203,7814.0,"$7.814,0",20260911
Limpieza,Limpieza,bowl 23 granito carol,7792281021647,9815.0,"$9.815,0",20260911
Limpieza,Limpieza,bowl 23 negro carol,7792281063234,9815.0,"$9.815,0",20260911
Limpieza,Limpieza,bowl apilable gris x 4 unidades carol,7792281024419,19289.0,"$19.289,0",20260911
Limpieza,Limpieza,bowl biona french blanco 600 cc.,7891361534364,5936.0,"$5.936,0",20260911
Limpieza,Limpieza,bowl biona french verde 600 cc.,7891361875795,7206.0,"$7.206,0",20260911
Limpieza,Limpieza,bowl ceramica 10 cm gris claro mas beige,7792281950602,5954.0,"$5.954,0",20260911
Limpieza,Limpieza,bowl ceramica 10 cm gris oscuro mas beige,7792281955102,5954.0,"$5.954,0",20260911
Limpieza,Limpieza,bowl ceramica 15 cm gris oscuro mas beige,7792281955157,11092.0,"$11.092,0",20260911
Limpieza,Limpieza,bowl ceramica carol 15 cm gris claro mas beige,7792281950503,11091.8,"$11.091,8",20260911
Limpieza,Limpieza,bowl cerealero peppa pigg,7798343355385,4936.0,"$4.936,0",20260911
Limpieza,Limpieza,bowl ensaladera chica 1100,7791822675509,4130.0,"$4.130,0",20260911
Limpieza,Limpieza,bowl frutill galax fl,7791822676452,1749.0,"$1.749,0",20260911
Limpieza,Limpieza,bowl gourmet rigolleau cerealero vidrio,7791822674182,2990.0,"$2.990,0",20260911
Limpieza,Limpieza,bowl irregular 19 x 14 cm verde,7792281022927,19246.0,"$19.246,0",20260911
Limpieza,Limpieza,bowl irregular 19 x 17 cm verde,7792281022675,13222.2,"$13.222,2",20260911
Limpieza,Limpieza,bowl melamina 14 cm infantil,422150610012,3679.0,"$3.679,0",20260911
Limpieza,Limpieza,bowl zarzis brilloso blanco,7799059051370,6206.2,"$6.206,2",20260911
Limpieza,Limpieza,budinera,7790351164041,9899.0,"$9.899,0",20260911
Limpieza,Limpieza,budinera de silicona carol 25 x 12 cm gris,7792281132053,9196.9,"$9.196,9",20260911
Limpieza,Limpieza,budinera de silicona carol 25 x 12 cm verde,7792281024952,9196.9,"$9.196,9",20260911
Limpieza,Limpieza,burlete,7794184400659,3589.0,"$3.589,0",20260911
Limpieza,Limpieza,burlete con arena,9898066,2442.0,"$2.442,0",20260911
Limpieza,Limpieza,burlete doble cuerina,9504134,10514.0,"$10.514,0",20260911
Limpieza,Limpieza,buzo frisa talles 6 al 16 color azul,2700006103085,17977.0,"$17.977,0",20260911
Limpieza,Limpieza,cable seguridad 12 hoteche,6934097721460,16900.0,"$16.900,0",20260911
Limpieza,Limpieza,cacerola con asas 22 cm,7896398333508,48054.9,"$48.054,9",20260911
Limpieza,Limpieza,cacerola induccion 20 cm carol,7792281067201,70488.9,"$70.488,9",20260911
Limpieza,Limpieza,cacerola induccion x 24 cm carol,7792281067249,87325.9,"$87.325,9",20260911
Limpieza,Limpieza,cacerola multiflon con asas 22 cm linea terracota,7896398338114,44759.5,"$44.759,5",20260911
Limpieza,Limpieza,cacerola multiflon con asas x 20 cm linea terracota,7896398338107,35675.2,"$35.675,2",20260911
Limpieza,Limpieza,cacerola multiflon linea gourmet 24 cm,7896398333690,54805.6,"$54.805,6",20260911
Limpieza,Limpieza,caja acrilico bambu s,742779499950,19251.0,"$19.251,0",20260911
Limpieza,Limpieza,caja de madera 4 espacios,742779501738,32682.0,"$32.682,0",20260911
Limpieza,Limpieza,caja de plastico con tapa bambu blanca nordica x 11 litros,742779495525,33565.0,"$33.565,0",20260911
Limpieza,Limpieza,caja para sandwich  la granja,7798343351899,7052.0,"$7.052,0",20260911
Limpieza,Limpieza,caja sandwich minnie,7798343353039,7052.0,"$7.052,0",20260911
Limpieza,Limpieza,campera con capucha talles 6 al 16 color azul,2700006103870,28211.0,"$28.211,0",20260911
Limpieza,Limpieza,canasta apilable san remo,7896359013821,5153.2,"$5.153,2",20260911
Limpieza,Limpieza,canasta base madera,742779497918,30444.0,"$30.444,0",20260911
Limpieza,Limpieza,canasto con base madera color blanco,742779502735,28205.0,"$28.205,0",20260911
Limpieza,Limpieza,canasto con manija color blanco,742779496065,25966.6,"$25.966,6",20260911
Limpieza,Limpieza,canasto con manija color negro,742779496072,25966.6,"$25.966,6",20260911
Limpieza,Limpieza,canasto forest 20 x 20 cm,7798422751879,17542.4,"$17.542,4",20260911
Limpieza,Limpieza,canasto metal base madera,742779497925,30444.0,"$30.444,0",20260911
Limpieza,Limpieza,canasto plastico cerri rectangular,6926582494584,5761.8,"$5.761,8",20260911
Limpieza,Limpieza,canasto rectangular tramada color,6926582494577,1658.0,"$1.658,0",20260911
Limpieza,Limpieza,canasto tri 23 x 25 x 20 cm,7798422751909,17542.4,"$17.542,4",20260911
Limpieza,Limpieza,candado 20 mm blister,656750793268,5535.0,"$5.535,0",20260911
Limpieza,Limpieza,candado 25 mm blister,790757856929,6852.0,"$6.852,0",20260911
Limpieza,Limpieza,candado 30 mm blister,656750793275,8359.0,"$8.359,0",20260911
Limpieza,Limpieza,candado 40 mm blister,656750793282,9749.3,"$9.749,3",20260911
Limpieza,Limpieza,candado 50 mm blister,656750793299,14585.0,"$14.585,0",20260911
Limpieza,Limpieza,candado 60 mm blister,656750793305,21535.0,"$21.535,0",20260911
Limpieza,Limpieza,candado hoteche combinable 30mm,6934097721941,17074.0,"$17.074,0",20260911
Limpieza,Limpieza,canguro con frisa 1820 color azul,2700006103931,26395.0,"$26.395,0",20260911
Limpieza,Limpieza,canguro frisa talle 6 al 16 color azul,2700006103924,23589.0,"$23.589,0",20260911
Limpieza,Limpieza,canguro friza talles s al xl color azul,2700006103948,30357.0,"$30.357,0",20260911
Limpieza,Limpieza,cepillo baao 54 cm,6900579172907,6583.0,"$6.583,0",20260911
Limpieza,Limpieza,cervecero pinta,7702147269922,3444.0,"$3.444,0",20260911
Limpieza,Limpieza,cesto bambo ovalado,742779500373,19771.4,"$19.771,4",20260911
Limpieza,Limpieza,cesto bambo rectangular,742779500380,24369.4,"$24.369,4",20260911
Limpieza,Limpieza,cesto bambu cuadrado,742779500366,19771.4,"$19.771,4",20260911
Limpieza,Limpieza,chopp bahia,7798118414347,2179.7,"$2.179,7",20260911
Limpieza,Limpieza,chopp cordoba,7798118412503,2413.0,"$2.413,0",20260911
Limpieza,Limpieza,cierra empanadas,5110094,5637.0,"$5.637,0",20260911
Limpieza,Limpieza,cintas de amarre x 2 piezas,6934097731520,19179.0,"$19.179,0",20260911
Limpieza,Limpieza,colador,7798005438241,2422.0,"$2.422,0",20260911
Limpieza,Limpieza,colador 24 cm,7798005438302,14017.0,"$14.017,0",20260911
Limpieza,Limpieza,colador de alambre 10 cm chef,7798005438258,3083.0,"$3.083,0",20260911
Limpieza,Limpieza,colador de alambre 7 cm chef,7798005438234,1818.0,"$1.818,0",20260911
Limpieza,Limpieza,colador espiral con mango,789216833335,4733.0,"$4.733,0",20260911
Limpieza,Limpieza,colapasta 21 cm tiza carol,7792281705042,23589.0,"$23.589,0",20260911
Limpieza,Limpieza,colapastas negro,7792281705035,23515.0,"$23.515,0",20260911
Limpieza,Limpieza,combo contenedor gemplast cuadrado,7793762137017,9437.0,"$9.437,0",20260911
Limpieza,Limpieza,combo contenedor gemplast rectangular,7793762155011,9437.0,"$9.437,0",20260911
Limpieza,Limpieza,compotera,4068407330065,2015.0,"$2.015,0",20260911
Limpieza,Limpieza,compotera,26102895153,4295.0,"$4.295,0",20260911
Limpieza,Limpieza,compotera,7797797830370,1595.0,"$1.595,0",20260911
Limpieza,Limpieza,compotera carine noir,26102895214,6019.1,"$6.019,1",20260911
Limpieza,Limpieza,compotera carol granito,7792281021609,2233.0,"$2.233,0",20260911
Limpieza,Limpieza,compotera cuadrada lisa,7798135264581,1449.0,"$1.449,0",20260911
Limpieza,Limpieza,compotera diwali bluer,883314801996,5844.5,"$5.844,5",20260911
Limpieza,Limpieza,compotera negra carol,7792281063111,2233.0,"$2.233,0",20260911
Limpieza,Limpieza,compotera plastico gemplast colores surtidos,7793762043639,816.0,"$816,0",20260911
Limpieza,Limpieza,conservadora 35 litros colores varios x unidad,7793762104040,31381.0,"$31.381,0",20260911
Limpieza,Limpieza,conte recto gde bajo,7896359006328,8482.0,"$8.482,0",20260911
Limpieza,Limpieza,contendor rectangular vidrio x 20.5 cm carol,7792281033206,20589.0,"$20.589,0",20260911
Limpieza,Limpieza,contenedor bajo,7793762115534,2999.0,"$2.999,0",20260911
Limpieza,Limpieza,contenedor cuadrado bajo x 1 litro,7793762113721,2025.0,"$2.025,0",20260911
Limpieza,Limpieza,"contenedor cuadrado gemplast 0,5 lt.",7793762013700,1128.0,"$1.128,0",20260911
Limpieza,Limpieza,contenedor cuadrado gemplast 1 lt.,7793762013717,1659.0,"$1.659,0",20260911
Limpieza,Limpieza,contenedor cuadrado gemplast 3 lt.,7793762013731,3296.0,"$3.296,0",20260911
Limpieza,Limpieza,contenedor cuadrado gemplast x 1.7 litros,7793762013724,2497.0,"$2.497,0",20260911
Limpieza,Limpieza,contenedor gemplast cuadrado bajo grande x 1.5 litros,7793762113738,2850.0,"$2.850,0",20260911
Limpieza,Limpieza,"contenedor rectangular gemplast 1,7 lt.",7793762015520,2387.0,"$2.387,0",20260911
Limpieza,Limpieza,contenedor rectangular x 370 ml,742779502797,11640.0,"$11.640,0",20260911
Limpieza,Limpieza,contenedor rectangular x 540 ml,742779502803,14774.1,"$14.774,1",20260911
Limpieza,Limpieza,contenedor san remo rectangular alto,7896359006236,4147.6,"$4.147,6",20260911
Limpieza,Limpieza,contenedor vidrio cuadrado x 13.5 cm carol,7792281037136,13450.0,"$13.450,0",20260911
Limpieza,Limpieza,contenedor vidrio cuadrado x 15.7 cm carol,7792281037150,16589.4,"$16.589,4",20260911
Limpieza,Limpieza,contenedor vidrio rectangular 23 cm carol,7792281033237,25730.0,"$25.730,0",20260911
Limpieza,Limpieza,copa agua aragon,840325058153,2374.0,"$2.374,0",20260911
Limpieza,Limpieza,copa agua cerveza juego x 6 unidades,7702147205470,18524.0,"$18.524,0",20260911
Limpieza,Limpieza,copa agua lexinton,813293020675,2789.0,"$2.789,0",20260911
Limpieza,Limpieza,copa agua rioja cristar chianti 386 cc.,7702147227960,2519.0,"$2.519,0",20260911
Limpieza,Limpieza,copa agua trentino,7702147276142,2991.0,"$2.991,0",20260911
Limpieza,Limpieza,copa champagne,7702147271482,2297.0,"$2.297,0",20260911
Limpieza,Limpieza,copa champagne trentino,7702147276166,2831.0,"$2.831,0",20260911
Limpieza,Limpieza,copa gran vino,7702147232087,3465.0,"$3.465,0",20260911
Limpieza,Limpieza,copa helado premier,7702147233411,2985.0,"$2.985,0",20260911
Limpieza,Limpieza,copa martini,7702147240303,3827.0,"$3.827,0",20260911
Limpieza,Limpieza,copa milshake,7702147215516,6024.0,"$6.024,0",20260911
Limpieza,Limpieza,copa riserva bormioli x 6 unidades estuche,8004360021936,51590.0,"$51.590,0",20260911
Limpieza,Limpieza,copa vino cristar aragon,7702147235361,2363.0,"$2.363,0",20260911
Limpieza,Limpieza,copa vino trentino,7702147276159,2831.0,"$2.831,0",20260911
Limpieza,Limpieza,copas blackly ball transparentes set x 6 unidades,7798422750810,41766.4,"$41.766,4",20260911
Limpieza,Limpieza,copas blacly ball fume set x 6 unidades,7798422750827,36660.9,"$36.660,9",20260911
Limpieza,Limpieza,corta pizza loekemeyer,7795587005625,5535.0,"$5.535,0",20260911
Limpieza,Limpieza,cortador vegetales,6916832166057,10736.0,"$10.736,0",20260911
Limpieza,Limpieza,cortantes x 6 plastico,7790351122010,3977.0,"$3.977,0",20260911
Limpieza,Limpieza,cortaquesos chef,7798005438098,5754.0,"$5.754,0",20260911
Limpieza,Limpieza,cortina,7794184400222,5198.0,"$5.198,0",20260911
Limpieza,Limpieza,cortina baao + alfombra,6923450658239,29207.0,"$29.207,0",20260911
Limpieza,Limpieza,cortina baao estampada con ganchos,2700004134753,16190.0,"$16.190,0",20260911
Limpieza,Limpieza,cortina de baao  tela 180 cm,7798138915404,37301.0,"$37.301,0",20260911
Limpieza,Limpieza,cortina de baao dbl con protector,4514688,16263.0,"$16.263,0",20260911
Limpieza,Limpieza,cortina de baao eliplast linea encaje,7797130000118,12976.0,"$12.976,0",20260911
Limpieza,Limpieza,cortina de baao teflon con ganchos,7798374177536,17790.0,"$17.790,0",20260911
Limpieza,Limpieza,cortina plastica pbano eiplast cprotectorgancho,7797130000170,12673.0,"$12.673,0",20260911
Limpieza,Limpieza,cubetera flexible x 2 deses plast,7794297020942,3236.5,"$3.236,5",20260911
Limpieza,Limpieza,cubiertero base de madera,742779502476,17012.6,"$17.012,6",20260911
Limpieza,Limpieza,cubiertero metal y ratan,742779502544,22070.0,"$22.070,0",20260911
Limpieza,Limpieza,cubiertero plastico,7793762060537,3198.0,"$3.198,0",20260911
Limpieza,Limpieza,cubiertero seagrass,742779502186,27936.0,"$27.936,0",20260911
Limpieza,Limpieza,cubre mantel eliplast transparente de 1.40 x 1.80 metros,7797130000828,4973.9,"$4.973,9",20260911
Limpieza,Limpieza,cuchara bariloche,7798039418820,3640.0,"$3.640,0",20260911
Limpieza,Limpieza,cuchara de madera 45 cm. chef,7798005439026,3590.0,"$3.590,0",20260911
Limpieza,Limpieza,cuchara de te tramontina new kolor x 3 negras,7891112066526,2837.0,"$2.837,0",20260911
Limpieza,Limpieza,cuchara helado,7798005437329,3140.0,"$3.140,0",20260911
Limpieza,Limpieza,cuchara para fideos nylon chef,7798005438449,2623.0,"$2.623,0",20260911
Limpieza,Limpieza,cucharas tramontina dynamic x3 mango madera,7891112017214,9625.0,"$9.625,0",20260911
Limpieza,Limpieza,cucharita matera chef,7798005437619,2293.0,"$2.293,0",20260911
Limpieza,Limpieza,cucharon de nylon chef,7798005438456,2880.0,"$2.880,0",20260911
Limpieza,Limpieza,cucharon para panqueques san remo,7896359013944,3731.0,"$3.731,0",20260911
Limpieza,Limpieza,cucharon para sopa san remo,7896359013876,3731.0,"$3.731,0",20260911
Limpieza,Limpieza,cuchilla de acero x 29 cm,7724579146459,16545.6,"$16.545,6",20260911
Limpieza,Limpieza,cuchillo,7798039418806,3530.0,"$3.530,0",20260911
Limpieza,Limpieza,cuchillos tramontina dynamic x 3 unid.,7891112018648,8326.0,"$8.326,0",20260911
Limpieza,Limpieza,cuenco cars,7798343359192,5406.0,"$5.406,0",20260911
Limpieza,Limpieza,cutter hoteche 18 mm,6934097702780,5120.0,"$5.120,0",20260911
Limpieza,Limpieza,cutters hoteche set x 3,6934097745930,6121.0,"$6.121,0",20260911
Limpieza,Limpieza,delantal plastico,1808407,11886.4,"$11.886,4",20260911
Limpieza,Limpieza,dest. hoteche juego 6 piezas,6934097702209,23640.0,"$23.640,0",20260911
Limpieza,Limpieza,destornillador juego x 3 piezas hoteche,6934097727622,8537.0,"$8.537,0",20260911
Limpieza,Limpieza,destornilladores juego x 6 piezas,6934097714806,23439.0,"$23.439,0",20260911
Limpieza,Limpieza,destornilladores juego x 6 piezas hoteche,6934097702247,13984.0,"$13.984,0",20260911
Limpieza,Limpieza,difusor,789216333170,7657.0,"$7.657,0",20260911
Limpieza,Limpieza,disco diamantado turbo weilen 110 mm,656750792940,6545.0,"$6.545,0",20260911
Limpieza,Limpieza,disco diamantado weilwn 110 mm,656750793008,6175.0,"$6.175,0",20260911
Limpieza,Limpieza,dispenser,6520203142177,6990.0,"$6.990,0",20260911
Limpieza,Limpieza,dispenser bambo redondo,742779501837,22070.4,"$22.070,4",20260911
Limpieza,Limpieza,dispenser de jugo crystal rock 2.8 litros,7795513090770,34607.6,"$34.607,6",20260911
Limpieza,Limpieza,dispenser vidriobambo x 2,742779501790,25967.0,"$25.967,0",20260911
Limpieza,Limpieza,dispernser de bambu cuadrado,742779501844,22070.4,"$22.070,4",20260911
Limpieza,Limpieza,ds diamantado seg,656750792933,6374.0,"$6.374,0",20260911
Limpieza,Limpieza,duchador,7794296008217,32696.0,"$32.696,0",20260911
Limpieza,Limpieza,dxt 41001 plato playo orquidea,7798118415009,878.0,"$878,0",20260911
Limpieza,Limpieza,embudo,7896042002781,3835.0,"$3.835,0",20260911
Limpieza,Limpieza,encendedor de cocina macao x 1 unid.,7796851806580,4736.0,"$4.736,0",20260911
Limpieza,Limpieza,ensaladera,7798135264574,6923.0,"$6.923,0",20260911
Limpieza,Limpieza,ensaladera,4068407451180,5355.0,"$5.355,0",20260911
Limpieza,Limpieza,ensaladera 20 cm,8411712086459,9990.0,"$9.990,0",20260911
Limpieza,Limpieza,ensaladera acril plast,7320026,7071.0,"$7.071,0",20260911
Limpieza,Limpieza,ensaladera blanca x 2 carol,7792281019750,109899.2,"$109.899,2",20260911
Limpieza,Limpieza,ensaladera de vidrio 12 cm,26102142196,5813.0,"$5.813,0",20260911
Limpieza,Limpieza,ensaladera negra x 2 unidades carol,7792281014328,109899.2,"$109.899,2",20260911
Limpieza,Limpieza,ensaladera san remo,7896359025336,2798.0,"$2.798,0",20260911
Limpieza,Limpieza,escurridor cubiertos,7792823225069,6108.8,"$6.108,8",20260911
Limpieza,Limpieza,escurridor de cubiertos san remo,7896359019519,3703.0,"$3.703,0",20260911
Limpieza,Limpieza,escurridor de platos plegable,7790579145877,9940.0,"$9.940,0",20260911
Limpieza,Limpieza,escurridor oval con bandeja,7792823225083,9129.0,"$9.129,0",20260911
Limpieza,Limpieza,espatula,7798005438470,1513.0,"$1.513,0",20260911
Limpieza,Limpieza,espatula 2.5,6934097734330,6233.0,"$6.233,0",20260911
Limpieza,Limpieza,espatula 3,6934097734347,6567.0,"$6.567,0",20260911
Limpieza,Limpieza,espatula amasar cornet acero,7790351218003,8679.0,"$8.679,0",20260911
Limpieza,Limpieza,espatula calada nylon,7798005438463,2719.0,"$2.719,0",20260911
Limpieza,Limpieza,espatula hoteche 2,6934097734323,5565.0,"$5.565,0",20260911
Limpieza,Limpieza,espatula lisa de nylon chef,7798005438425,2749.0,"$2.749,0",20260911
Limpieza,Limpieza,espatula san remo,7896359013913,3731.2,"$3.731,2",20260911
Limpieza,Limpieza,exprimidor acero cristal rock,7799579160781,15850.0,"$15.850,0",20260911
Limpieza,Limpieza,exprimidor jesi,7792579002129,5023.5,"$5.023,5",20260911
Limpieza,Limpieza,exprimidor limon metal chef,6985296870138,17897.0,"$17.897,0",20260911
Limpieza,Limpieza,felpudo goma varios modelos x unidad,225422552252,15568.0,"$15.568,0",20260911
Limpieza,Limpieza,felpudo koko,5412580300084,15860.0,"$15.860,0",20260911
Limpieza,Limpieza,filtro de cafe chef,7798005438364,1714.0,"$1.714,0",20260911
Limpieza,Limpieza,frasco acacia x 400 ml,7798422752647,13231.6,"$13.231,6",20260911
Limpieza,Limpieza,frasco acacia x 750 ml,7798422752654,15217.4,"$15.217,4",20260911
Limpieza,Limpieza,frasco con manija x 800 ml,7798422752623,15230.8,"$15.230,8",20260911
Limpieza,Limpieza,frasco cuadrado x 1000 ml,742779500670,11640.0,"$11.640,0",20260911
Limpieza,Limpieza,frasco cuadrado x 720 ml,742779500663,10297.0,"$10.297,0",20260911
Limpieza,Limpieza,frasco de vidrio crystal rock redondo tapa bamboo,6999579157069,5829.9,"$5.829,9",20260911
Limpieza,Limpieza,frasco de vidrio crystal rock redondo tapa bamboo x 250 ml,6999579157038,4554.6,"$4.554,6",20260911
Limpieza,Limpieza,frasco de vidrio hermetico  24 x 15 madera v,7792281361521,23827.3,"$23.827,3",20260911
Limpieza,Limpieza,frasco de vidrio hermetico 16 x 11 x 2 verde,7792281371155,12031.5,"$12.031,5",20260911
Limpieza,Limpieza,frasco de vidrio hermetico 19.5 x 13 madera v,7792281361316,18577.1,"$18.577,1",20260911
Limpieza,Limpieza,frasco de vidrio hermetico 21 x 11 madera,7792281371124,14100.5,"$14.100,5",20260911
Limpieza,Limpieza,frasco de vidrio redondo con tapa bambu x 660 ml,742779500601,10575.4,"$10.575,4",20260911
Limpieza,Limpieza,frasco fido 1000,8004360008005,14880.0,"$14.880,0",20260911
Limpieza,Limpieza,frazada flannel lisa 2 plazas,7798374178908,16721.6,"$16.721,6",20260911
Limpieza,Limpieza,frutera 24 x 12 cm,7792824115147,8864.4,"$8.864,4",20260911
Limpieza,Limpieza,fuente cuadrada panal,8682911647141,18959.9,"$18.959,9",20260911
Limpieza,Limpieza,fuente oval 35 x 24 cm,3426470010139,16526.0,"$16.526,0",20260911
Limpieza,Limpieza,fuente oval acanalada,8682911647585,12757.5,"$12.757,5",20260911
Limpieza,Limpieza,fuente rectangular 640 cc,8684000880057,8038.2,"$8.038,2",20260911
Limpieza,Limpieza,fuente rectangular le cuisine 23 x 15 cm.,3426470262521,12470.0,"$12.470,0",20260911
Limpieza,Limpieza,fuenton x 12 lt. gemplast,7793762098110,3991.0,"$3.991,0",20260911
Limpieza,Limpieza,funda colchon 1 12 plaza algodonpoliester,7796314000210,10550.0,"$10.550,0",20260911
Limpieza,Limpieza,funda para almohadas de 1 plaza,7796314000197,7233.0,"$7.233,0",20260911
Limpieza,Limpieza,funda para colchon 1 plaza,7796314000159,9821.0,"$9.821,0",20260911
Limpieza,Limpieza,funda para colchon 2 y 12 plazas,7796314000173,14708.0,"$14.708,0",20260911
Limpieza,Limpieza,funda para lavarropas carga superiror 60 x 60,8560117,14964.0,"$14.964,0",20260911
Limpieza,Limpieza,funda para lavarropas frontal  60 x 60,8560063,14964.0,"$14.964,0",20260911
Limpieza,Limpieza,funda para tabla de planchar,7796314000142,8643.0,"$8.643,0",20260911
Limpieza,Limpieza,h3664 plato postre carine negro,26102895184,4795.0,"$4.795,0",20260911
Limpieza,Limpieza,hermetico,7896359038244,8325.0,"$8.325,0",20260911
Limpieza,Limpieza,hermetico,7896359029105,7750.0,"$7.750,0",20260911
Limpieza,Limpieza,hermetico san remo con trabas x 770 ml,7896359038145,5455.0,"$5.455,0",20260911
Limpieza,Limpieza,hernetico san remo con trabas x 1.4 litros,7896359029143,6316.0,"$6.316,0",20260911
Limpieza,Limpieza,hielera con pinza de plastico siena,7795128002519,10145.0,"$10.145,0",20260911
Limpieza,Limpieza,individual,5978649020381,1212.0,"$1.212,0",20260911
Limpieza,Limpieza,individual cuerina redondo,2700009500386,4237.0,"$4.237,0",20260911
Limpieza,Limpieza,individual goma color,2700000840108,3806.0,"$3.806,0",20260911
Limpieza,Limpieza,individual set x 6 color plateado,7798422752562,24959.6,"$24.959,6",20260911
Limpieza,Limpieza,individual vintage,4892327800021,5333.0,"$5.333,0",20260911
Limpieza,Limpieza,individuales,2700006100107,987.0,"$987,0",20260911
Limpieza,Limpieza,individula set x 6 color dorado,7798422752579,24959.6,"$24.959,6",20260911
Limpieza,Limpieza,inflador plastico hoteche,6934097741451,9960.0,"$9.960,0",20260911
Limpieza,Limpieza,infusor de ta con pinza,6916466123310,4097.0,"$4.097,0",20260911
Limpieza,Limpieza,jabnera,7797130003201,2561.0,"$2.561,0",20260911
Limpieza,Limpieza,jarra bistrot 0.25 litros,8004360016789,7590.0,"$7.590,0",20260911
Limpieza,Limpieza,jarra bistrot 1 litro,8004360012101,10750.0,"$10.750,0",20260911
Limpieza,Limpieza,jarra con tapa x 1580 ml,6933890382649,14293.0,"$14.293,0",20260911
Limpieza,Limpieza,jarra genova,7702147256762,12552.5,"$12.552,5",20260911
Limpieza,Limpieza,jarra labrada 2.8 litros,7792281162913,52064.6,"$52.064,6",20260911
Limpieza,Limpieza,jarra labrada x 2 litros,7792281164085,38606.7,"$38.606,7",20260911
Limpieza,Limpieza,jarra medidora x 1 litro,7792579003041,5028.0,"$5.028,0",20260911
Limpieza,Limpieza,jarra plastica,7795589007009,7515.0,"$7.515,0",20260911
Limpieza,Limpieza,jarra plastica blanca x 1.5 litros,7792281018753,20667.0,"$20.667,0",20260911
Limpieza,Limpieza,jarra plastica negra x 1.5 litros carol,7792281018746,20667.0,"$20.667,0",20260911
Limpieza,Limpieza,jarra plastica translucida x 1.5 litros carol,7792281200455,20667.0,"$20.667,0",20260911
Limpieza,Limpieza,jarra venecia,7702147235347,11096.0,"$11.096,0",20260911
Limpieza,Limpieza,jarro aluminio el siglo numero 10,7798120230140,5037.0,"$5.037,0",20260911
Limpieza,Limpieza,jarro ceramica biona mug 330 cc.,7891361069538,4650.0,"$4.650,0",20260911
Limpieza,Limpieza,jarro chopp,2700004161278,9645.0,"$9.645,0",20260911
Limpieza,Limpieza,jarro de aluminio el siglo numero 12,7798120230164,6585.0,"$6.585,0",20260911
Limpieza,Limpieza,jarro frases positivas,7792824905700,5190.0,"$5.190,0",20260911
Limpieza,Limpieza,jarro guinda,7798118414194,3075.0,"$3.075,0",20260911
Limpieza,Limpieza,jarro hervidor multiflon 10 cm linea gourmet,7896398321239,16149.0,"$16.149,0",20260911
Limpieza,Limpieza,jarro hervidor multiflon 12 cm linea gourmet,7896398320188,19569.0,"$19.569,0",20260911
Limpieza,Limpieza,jarro hervidor multiflon 14 cm linea gourmet,7896398320096,22617.0,"$22.617,0",20260911
Limpieza,Limpieza,jarro hervidor multiflon 14 cm linea terracota,7896398338138,21502.9,"$21.502,9",20260911
Limpieza,Limpieza,jarro london,7702147218395,4133.0,"$4.133,0",20260911
Limpieza,Limpieza,jarro luxor lima,7798118414187,3074.6,"$3.074,6",20260911
Limpieza,Limpieza,jarro mug,7891361080267,4650.0,"$4.650,0",20260911
Limpieza,Limpieza,jarro mug,7790691021783,4384.0,"$4.384,0",20260911
Limpieza,Limpieza,jarro mug 360,7891361000562,4650.0,"$4.650,0",20260911
Limpieza,Limpieza,jarro mug amarillo,7891361987504,9368.0,"$9.368,0",20260911
Limpieza,Limpieza,jarro mug amarillo x 360 cc,7891361987474,4650.0,"$4.650,0",20260911
Limpieza,Limpieza,jarro mug combinado,7891361267088,6623.0,"$6.623,0",20260911
Limpieza,Limpieza,jarro mug combinado azul y amarillo,7891361267101,6623.0,"$6.623,0",20260911
Limpieza,Limpieza,jarro mug combinado rosa y verde,7891361267071,6623.0,"$6.623,0",20260911
Limpieza,Limpieza,jarro mug deco melamina,4172307381840,3606.0,"$3.606,0",20260911
Limpieza,Limpieza,jarro mug mama,7798094910666,5990.0,"$5.990,0",20260911
Limpieza,Limpieza,jarro mug porcion de 200 ml,7798111201142,7071.0,"$7.071,0",20260911
Limpieza,Limpieza,jarro mug vidrio 740,7891361875788,9368.0,"$9.368,0",20260911
Limpieza,Limpieza,jarro mugg 360,7891361031948,4650.0,"$4.650,0",20260911
Limpieza,Limpieza,jarro mugg transparente,7702147201199,4133.0,"$4.133,0",20260911
Limpieza,Limpieza,jarro mugg x 360 ml verde,7891361987375,4650.0,"$4.650,0",20260911
Limpieza,Limpieza,jarro plastico sorbito,7795128002823,1909.0,"$1.909,0",20260911
Limpieza,Limpieza,jarro quartier blanco,7891361501182,6068.0,"$6.068,0",20260911
Limpieza,Limpieza,jarro quartier negro,7891361554799,6068.0,"$6.068,0",20260911
Limpieza,Limpieza,jarro termico,7794297010400,6232.0,"$6.232,0",20260911
Limpieza,Limpieza,juego de cama 1 12 plaza,7796314000067,18333.0,"$18.333,0",20260911
Limpieza,Limpieza,juego de cubiertos 25 piezas blanco,7898132134389,19690.0,"$19.690,0",20260911
Limpieza,Limpieza,juego de sabanas 2 12 plaza,7798374170667,28438.0,"$28.438,0",20260911
Limpieza,Limpieza,juego de sabanas 2 12 plazas cotton,7798374171220,41395.0,"$41.395,0",20260911
Limpieza,Limpieza,juego de sabanas 2 y  12 plazas,7798146904759,23974.3,"$23.974,3",20260911
Limpieza,Limpieza,juego de sabanas basic 1 plaza y 12,7798374170636,24986.5,"$24.986,5",20260911
Limpieza,Limpieza,juego de sabanas cotton king,7798374171244,68181.4,"$68.181,4",20260911
Limpieza,Limpieza,juego de sabanas cotton queen,7798374171237,61269.9,"$61.269,9",20260911
Limpieza,Limpieza,juego de sabanas est. queen,7798374171114,37945.6,"$37.945,6",20260911
Limpieza,Limpieza,juego de toalla y toallon palette,7794170051674,20066.0,"$20.066,0",20260911
Limpieza,Limpieza,juego de toalla y toallon palette,7794170016390,20066.0,"$20.066,0",20260911
Limpieza,Limpieza,juego hoteche de 15 tarugos y 15 tornillos,6934097745459,6227.0,"$6.227,0",20260911
Limpieza,Limpieza,juego hoteche de 60 tarugos y tornillos,6934097745442,5978.0,"$5.978,0",20260911
Limpieza,Limpieza,juego punta y bocallaves hoteche,6934097703305,30863.0,"$30.863,0",20260911
Limpieza,Limpieza,juego toalla y toallon arco iris,7794170051094,29326.0,"$29.326,0",20260911
Limpieza,Limpieza,juego toalla y toallon palette,7794170057188,20066.0,"$20.066,0",20260911
Limpieza,Limpieza,juego toalla y toallon palette,7794170052244,20066.0,"$20.066,0",20260911
Limpieza,Limpieza,jumbo mug azul,7891361874910,9368.0,"$9.368,0",20260911
Limpieza,Limpieza,jumbo mug negro,7891361320592,9368.0,"$9.368,0",20260911
Limpieza,Limpieza,jumbo mugg turquesa,7891361080304,9368.0,"$9.368,0",20260911
Limpieza,Limpieza,kit vasos seleccion,7798149301517,33503.8,"$33.503,8",20260911
Limpieza,Limpieza,lampara antimosquitos,6934097750101,67335.0,"$67.335,0",20260911
Limpieza,Limpieza,lata de yerba manzana verde,7792281710176,18268.8,"$18.268,8",20260911
Limpieza,Limpieza,lata para fideos color verde,7792281711432,19916.8,"$19.916,8",20260911
Limpieza,Limpieza,legumbrera,7798039415157,6290.0,"$6.290,0",20260911
Limpieza,Limpieza,limpiamamaderas,7798005433079,4222.0,"$4.222,0",20260911
Limpieza,Limpieza,linterna hoteche,6934097720593,15082.0,"$15.082,0",20260911
Limpieza,Limpieza,linterna recargable bicicleta,6934097735627,50752.0,"$50.752,0",20260911
Limpieza,Limpieza,linterna vincha hoteche,6934097723198,31388.0,"$31.388,0",20260911
Limpieza,Limpieza,llave ajustable 6 weilen,790757856882,14114.0,"$14.114,0",20260911
Limpieza,Limpieza,llave ajustable 8,790757856899,19322.0,"$19.322,0",20260911
Limpieza,Limpieza,llave ajustable plavatorio,6934097733500,27257.0,"$27.257,0",20260911
Limpieza,Limpieza,llave allen 9 piezas,6934097702278,14024.0,"$14.024,0",20260911
Limpieza,Limpieza,llave cruz 14 hoteche,6934097705958,30162.0,"$30.162,0",20260911
Limpieza,Limpieza,llaves allen hoteche juego 10 piezas,6934097706160,9238.0,"$9.238,0",20260911
Limpieza,Limpieza,llaves combinadas 8 piezas hoteche,6934097713045,48990.0,"$48.990,0",20260911
Limpieza,Limpieza,lonchera termica infantil,6935579174415,6445.7,"$6.445,7",20260911
Limpieza,Limpieza,manga repostera para decorar,7794297040216,4053.0,"$4.053,0",20260911
Limpieza,Limpieza,mantel rectangular 140 x 180,7797130000729,6797.0,"$6.797,0",20260911
Limpieza,Limpieza,mantel rectangular 140 x 220,7797130000736,8561.5,"$8.561,5",20260911
Limpieza,Limpieza,mantquera acrilico,7794297012398,5420.0,"$5.420,0",20260911
Limpieza,Limpieza,martillo galponero hoteche,6934097726748,21930.0,"$21.930,0",20260911
Limpieza,Limpieza,mate ecocuero,7798170120293,10097.0,"$10.097,0",20260911
Limpieza,Limpieza,mate plastico con saca yerba,7792579019226,3762.0,"$3.762,0",20260911
Limpieza,Limpieza,mate termico acero,4910238745054,13474.0,"$13.474,0",20260911
Limpieza,Limpieza,mixing bowl 0.5 x 14 cm,5010762103333,8338.0,"$8.338,0",20260911
Limpieza,Limpieza,mixing bowl 3 litros,3426470012331,15792.0,"$15.792,0",20260911
Limpieza,Limpieza,mixing bowl x 1 litro 16 cm,5010762103340,10092.0,"$10.092,0",20260911
Limpieza,Limpieza,mochila porta herramientas,6934097733913,92523.0,"$92.523,0",20260911
Limpieza,Limpieza,molde de silicona airfryer,6920250114019,7543.0,"$7.543,0",20260911
Limpieza,Limpieza,molde de silicona redondo con manija,6589579176155,12343.0,"$12.343,0",20260911
Limpieza,Limpieza,molde desmontable granit,7792281017619,21389.6,"$21.389,6",20260911
Limpieza,Limpieza,molde muffin x 12 granito carol,7792281200288,18569.5,"$18.569,5",20260911
Limpieza,Limpieza,molde muffins x 6,7834668321985,5892.0,"$5.892,0",20260911
Limpieza,Limpieza,molde papel cuadrado  airfryer x 40,6967969168780,5486.0,"$5.486,0",20260911
Limpieza,Limpieza,molde papel rectangular airfryer x 40,6967969168797,7543.0,"$7.543,0",20260911
Limpieza,Limpieza,molde papel redondo airfryer x 40,6967969168773,5074.0,"$5.074,0",20260911
Limpieza,Limpieza,molde para budin carol granito,7792281017510,11249.7,"$11.249,7",20260911
Limpieza,Limpieza,molde para hamburguesas,7795589002400,3601.0,"$3.601,0",20260911
Limpieza,Limpieza,molde para ravioles x 24 unidades,5110247,14373.0,"$14.373,0",20260911
Limpieza,Limpieza,molde para sorrentinos,4513636,5637.0,"$5.637,0",20260911
Limpieza,Limpieza,molde pastafrola,7790351158033,9209.0,"$9.209,0",20260911
Limpieza,Limpieza,molde pizza granit x unidad carol,7792281017756,12489.7,"$12.489,7",20260911
Limpieza,Limpieza,molde tarta oval x 25 cm,5010762102947,11326.0,"$11.326,0",20260911
Limpieza,Limpieza,molinillo bambu 16 cm blanco,7792281025065,24254.4,"$24.254,4",20260911
Limpieza,Limpieza,molinillo bambu 16 cm negro,7792281353205,24254.4,"$24.254,4",20260911
Limpieza,Limpieza,n6611 plato playo carine granit,883314668674,6046.0,"$6.046,0",20260911
Limpieza,Limpieza,nivel torpedo 9,6934097736563,4563.0,"$4.563,0",20260911
Limpieza,Limpieza,organizador plastico hoteche,6934097745404,25513.0,"$25.513,0",20260911
Limpieza,Limpieza,p2613 plato postre diwali turquio,883314734133,5523.0,"$5.523,0",20260911
Limpieza,Limpieza,paa?a?o secaplatos,58703060920,6844.0,"$6.844,0",20260911
Limpieza,Limpieza,pala jardinera hoteche,6934097725314,15651.0,"$15.651,0",20260911
Limpieza,Limpieza,palangana san remo chica hydrus,7896359002825,9472.0,"$9.472,0",20260911
Limpieza,Limpieza,palita para canelones chef,7798005438586,5438.0,"$5.438,0",20260911
Limpieza,Limpieza,palmeta,7794297010080,936.0,"$936,0",20260911
Limpieza,Limpieza,palo de amasar madera c,9504127,8298.0,"$8.298,0",20260911
Limpieza,Limpieza,palto postre cuadrado blanco roswell,7795513090640,2233.0,"$2.233,0",20260911
Limpieza,Limpieza,panera,6935888150094,5180.0,"$5.180,0",20260911
Limpieza,Limpieza,panquequera induccion 22 cm carol,7792281571227,35619.0,"$35.619,0",20260911
Limpieza,Limpieza,pantalon  rustico chupin color azul talles 6 al 16,2700006103511,17977.0,"$17.977,0",20260911
Limpieza,Limpieza,pantalon chupin talle 18 al 20,2700006103559,20123.0,"$20.123,0",20260911
Limpieza,Limpieza,pantalon chupin talle s al xl,2700006103566,25240.0,"$25.240,0",20260911
Limpieza,Limpieza,pantalon frisa color azul talle 6 al 16,2700006103467,17977.0,"$17.977,0",20260911
Limpieza,Limpieza,pantalon friza talle 6 al 16,2700006103115,17977.0,"$17.977,0",20260911
Limpieza,Limpieza,pantalon rustico  color azul talle s al xl,2700006103535,25240.0,"$25.240,0",20260911
Limpieza,Limpieza,paraguas largo automatico,5020263,15507.0,"$15.507,0",20260911
Limpieza,Limpieza,pela y pica ajo aluminio,6930058930148,6040.0,"$6.040,0",20260911
Limpieza,Limpieza,pelacable ajustable,6934097726373,10956.0,"$10.956,0",20260911
Limpieza,Limpieza,pelacable automatico 7 hoteche,6934097701653,20145.0,"$20.145,0",20260911
Limpieza,Limpieza,pelapapas chef,7798005430993,3322.0,"$3.322,0",20260911
Limpieza,Limpieza,pelapapas loekemeyer,7795587004789,3955.0,"$3.955,0",20260911
Limpieza,Limpieza,percha,7794296008026,5261.0,"$5.261,0",20260911
Limpieza,Limpieza,percha,7794297083596,5509.0,"$5.509,0",20260911
Limpieza,Limpieza,percha,7794297183609,1882.0,"$1.882,0",20260911
Limpieza,Limpieza,percha acrilica,7630484,1568.0,"$1.568,0",20260911
Limpieza,Limpieza,percha de madera x 1 unid.,7796870080015,3404.0,"$3.404,0",20260911
Limpieza,Limpieza,percha grande plegable,7794296008019,3469.2,"$3.469,2",20260911
Limpieza,Limpieza,perchas san remo pack x 6 unidades,7896359033881,6456.9,"$6.456,9",20260911
Limpieza,Limpieza,perchitas plasticas  x 5 unidades,7794296008088,5035.0,"$5.035,0",20260911
Limpieza,Limpieza,pico de loro 10 weilen,790757856790,22082.0,"$22.082,0",20260911
Limpieza,Limpieza,pila duracell aaa x2u.blister,41333001074,4509.0,"$4.509,0",20260911
Limpieza,Limpieza,pila duracell aaa x4u.blister,41333001098,7801.0,"$7.801,0",20260911
Limpieza,Limpieza,pila energizer aa x 2,39800015464,3956.0,"$3.956,0",20260911
Limpieza,Limpieza,pila energizer aaa x4,39800099099,7699.0,"$7.699,0",20260911
Limpieza,Limpieza,pila energizer gde.x2e95,39800011398,8357.0,"$8.357,0",20260911
Limpieza,Limpieza,pila energizer med. x2e93,39800011367,6314.0,"$6.314,0",20260911
Limpieza,Limpieza,pila eveready aaa x 2,39800052636,1897.0,"$1.897,0",20260911
Limpieza,Limpieza,pilas comunes eveready extra duracion c x 2 unid.,7501037600032,3948.0,"$3.948,0",20260911
Limpieza,Limpieza,pilas duracell aa x 2 unid.,41333001005,4365.0,"$4.365,0",20260911
Limpieza,Limpieza,pilas duracell aa x 4 unidades,41333001029,7823.0,"$7.823,0",20260911
Limpieza,Limpieza,pilas duracell d x 2 unid.,41333000985,10728.0,"$10.728,0",20260911
Limpieza,Limpieza,pilas energizer aa x 4 unidades,39800011329,7699.0,"$7.699,0",20260911
Limpieza,Limpieza,pilas energizer aaa x 2,39800014009,3956.0,"$3.956,0",20260911
Limpieza,Limpieza,pilas eveready aa x 4,7501037600056,3795.0,"$3.795,0",20260911
Limpieza,Limpieza,pilas eveready d x 2 unid.,7501037600018,5284.0,"$5.284,0",20260911
Limpieza,Limpieza,pilas philco aa x 4 unidades,7799111698468,4570.0,"$4.570,0",20260911
Limpieza,Limpieza,pilas philco aaa x 4 unidades,7799111698475,4428.0,"$4.428,0",20260911
Limpieza,Limpieza,pilas rayovac alcalina aaa x4,12800389353,4825.0,"$4.825,0",20260911
Limpieza,Limpieza,pimientero,6985468250041,10127.0,"$10.127,0",20260911
Limpieza,Limpieza,pincel silicona,7791531553327,4099.0,"$4.099,0",20260911
Limpieza,Limpieza,pinza de plastico para ensaladas,7320057,2546.0,"$2.546,0",20260911
Limpieza,Limpieza,pinza media caaa 7,656750793428,11533.0,"$11.533,0",20260911
Limpieza,Limpieza,pinza media cana 6 weilen,656750793411,10671.0,"$10.671,0",20260911
Limpieza,Limpieza,pinza para fideos chef,7798005430559,8387.0,"$8.387,0",20260911
Limpieza,Limpieza,pinza para fideos san remo,7896359013937,3731.2,"$3.731,2",20260911
Limpieza,Limpieza,pinza para hielo chef luxe,7798005438524,5606.0,"$5.606,0",20260911
Limpieza,Limpieza,pinza para pesca hoteche 6,6934097734255,17074.0,"$17.074,0",20260911
Limpieza,Limpieza,pinza presion recta 10,6934097718941,27034.0,"$27.034,0",20260911
Limpieza,Limpieza,pinza sacabocados 9 hoteche,6934097701592,35571.0,"$35.571,0",20260911
Limpieza,Limpieza,pinza universal 6 hoteche,6934097701356,15697.0,"$15.697,0",20260911
Limpieza,Limpieza,pinza universal 7 weilen,656750793398,13944.0,"$13.944,0",20260911
Limpieza,Limpieza,pinza universal 8 weilen,656750793404,14740.0,"$14.740,0",20260911
Limpieza,Limpieza,pisa papa nylon chef,7798005437893,3351.0,"$3.351,0",20260911
Limpieza,Limpieza,pisa papas cristal rock,7798005436094,5783.0,"$5.783,0",20260911
Limpieza,Limpieza,pisa papas fundicion jovifel,7795722025006,8288.0,"$8.288,0",20260911
Limpieza,Limpieza,pistola riego ajustable hoteche,6934097710853,13098.0,"$13.098,0",20260911
Limpieza,Limpieza,pizzera redonda 35 cm blanca yes,7792579017802,9907.0,"$9.907,0",20260911
Limpieza,Limpieza,plato diwali blue,883314734102,6223.6,"$6.223,6",20260911
Limpieza,Limpieza,plato fenix,7798118410134,1058.0,"$1.058,0",20260911
Limpieza,Limpieza,plato firenze,7798118413456,2872.0,"$2.872,0",20260911
Limpieza,Limpieza,plato gourmet,7791822623005,2865.0,"$2.865,0",20260911
Limpieza,Limpieza,plato harena,883314513844,5836.0,"$5.836,0",20260911
Limpieza,Limpieza,plato hondo,26102895207,5854.0,"$5.854,0",20260911
Limpieza,Limpieza,plato hondo,7791822673215,2888.0,"$2.888,0",20260911
Limpieza,Limpieza,plato hondo aquamar,7791822625016,1710.0,"$1.710,0",20260911
Limpieza,Limpieza,plato hondo baunilha,7891361442812,9625.5,"$9.625,5",20260911
Limpieza,Limpieza,plato hondo blanco,7891361406548,6402.0,"$6.402,0",20260911
Limpieza,Limpieza,plato hondo carine blanco,26102895146,4433.0,"$4.433,0",20260911
Limpieza,Limpieza,plato hondo carine granit luminare,883314668643,6046.0,"$6.046,0",20260911
Limpieza,Limpieza,plato hondo classique,5423241020043,3311.0,"$3.311,0",20260911
Limpieza,Limpieza,plato hondo diwali blue,883314727531,6223.6,"$6.223,6",20260911
Limpieza,Limpieza,plato hondo diwali turquesa,883314727517,6224.0,"$6.224,0",20260911
Limpieza,Limpieza,plato hondo galaxia rigolleau,7791822676414,1777.0,"$1.777,0",20260911
Limpieza,Limpieza,plato hondo gray,7891361379972,9090.6,"$9.090,6",20260911
Limpieza,Limpieza,plato hondo puzzling,7891361222797,6395.0,"$6.395,0",20260911
Limpieza,Limpieza,plato hondo verde manzana,7891361965038,6142.0,"$6.142,0",20260911
Limpieza,Limpieza,plato infantil,7790691016222,6263.0,"$6.263,0",20260911
Limpieza,Limpieza,plato melamina 21 cm infantil,422150640149,8360.0,"$8.360,0",20260911
Limpieza,Limpieza,"plato playo 26,6 cm. luminarc carine noir",26102895191,5854.0,"$5.854,0",20260911
Limpieza,Limpieza,plato playo acquamarine flint,7791822625009,1688.0,"$1.688,0",20260911
Limpieza,Limpieza,plato playo blanco,7891361406517,6681.0,"$6.681,0",20260911
Limpieza,Limpieza,plato playo carine blanco,26102895139,4433.0,"$4.433,0",20260911
Limpieza,Limpieza,plato playo decorado amarillo,7891361964963,6681.0,"$6.681,0",20260911
Limpieza,Limpieza,plato playo diwali,26102289556,4025.3,"$4.025,3",20260911
Limpieza,Limpieza,plato playo galaxia rigolleau,7791822676407,1722.0,"$1.722,0",20260911
Limpieza,Limpieza,plato playo gray,7891361379989,11046.7,"$11.046,7",20260911
Limpieza,Limpieza,plato playo la granja,7798343351721,5876.0,"$5.876,0",20260911
Limpieza,Limpieza,plato playo melamina infaltin,8002315000005,3657.0,"$3.657,0",20260911
Limpieza,Limpieza,plato playo melamina redondo blanco,4068407310104,2960.0,"$2.960,0",20260911
Limpieza,Limpieza,plato playo minnie,7798343352865,5876.0,"$5.876,0",20260911
Limpieza,Limpieza,plato playo peppa pig,7798343355378,5876.0,"$5.876,0",20260911
Limpieza,Limpieza,plato playo tilcara flint,7791822673208,2749.0,"$2.749,0",20260911
Limpieza,Limpieza,plato playo verde manzana 24 cm biona donna,7891361965014,6681.0,"$6.681,0",20260911
Limpieza,Limpieza,plato postre,4068407130085,2536.0,"$2.536,0",20260911
Limpieza,Limpieza,plato postre,26102895122,4167.0,"$4.167,0",20260911
Limpieza,Limpieza,plato postre carreta,7891361001507,5663.0,"$5.663,0",20260911
Limpieza,Limpieza,plato postre classique,5423241020036,2215.0,"$2.215,0",20260911
Limpieza,Limpieza,plato postre puzziling,7891361222940,5320.0,"$5.320,0",20260911
Limpieza,Limpieza,plato postre terrazzo,7891361223008,5320.0,"$5.320,0",20260911
Limpieza,Limpieza,plato puzzling,7891361222681,7424.0,"$7.424,0",20260911
Limpieza,Limpieza,platp,7791822623012,2600.0,"$2.600,0",20260911
Limpieza,Limpieza,plumero,7790918202605,6356.0,"$6.356,0",20260911
Limpieza,Limpieza,porta papel delfin,3790001085379,9995.4,"$9.995,4",20260911
Limpieza,Limpieza,porta papel higienico metal,6897579167340,17764.0,"$17.764,0",20260911
Limpieza,Limpieza,porta sachet plast,7795128004162,2615.0,"$2.615,0",20260911
Limpieza,Limpieza,portarollo,1013399,8889.0,"$8.889,0",20260911
Limpieza,Limpieza,portarollos de mesa cromado,6916466113656,3844.8,"$3.844,8",20260911
Limpieza,Limpieza,portarrollo ratan,742779502582,25967.0,"$25.967,0",20260911
Limpieza,Limpieza,postre diwali,883314734126,5523.0,"$5.523,0",20260911
Limpieza,Limpieza,protector decortina nueva casa,7798142945060,7656.0,"$7.656,0",20260911
Limpieza,Limpieza,protector plastico para cortina de bano eliplast m,7797130000071,6500.0,"$6.500,0",20260911
Limpieza,Limpieza,pullover colegial talle 14 al 18,2700001309123,38888.1,"$38.888,1",20260911
Limpieza,Limpieza,pullover talle 6 al 8,2700001309109,30633.5,"$30.633,5",20260911
Limpieza,Limpieza,pulverizador 2 lts,6934097721095,12058.0,"$12.058,0",20260911
Limpieza,Limpieza,rallador chico cilindro,7798005438395,2824.0,"$2.824,0",20260911
Limpieza,Limpieza,rallador cilindro,7798005438401,3131.0,"$3.131,0",20260911
Limpieza,Limpieza,rallador hudson 4 caras,7798319210892,11552.1,"$11.552,1",20260911
Limpieza,Limpieza,rallador manzana,7792610006307,1674.0,"$1.674,0",20260911
Limpieza,Limpieza,rallador seis caras  20 cm,7792829901257,9967.7,"$9.967,7",20260911
Limpieza,Limpieza,rastrillo jardinero hoteche,6934097734200,15082.0,"$15.082,0",20260911
Limpieza,Limpieza,regador platico 3 picos,6934097736150,13578.0,"$13.578,0",20260911
Limpieza,Limpieza,remachadora 10,6934097701714,16866.0,"$16.866,0",20260911
Limpieza,Limpieza,repasador,2700001617969,2095.0,"$2.095,0",20260911
Limpieza,Limpieza,repasador,7798125290514,2883.0,"$2.883,0",20260911
Limpieza,Limpieza,repasador cuadrito,7798125290026,3432.0,"$3.432,0",20260911
Limpieza,Limpieza,repasador dohler,7798444910438,4202.6,"$4.202,6",20260911
Limpieza,Limpieza,repasador dumoy,2700004263910,2095.2,"$2.095,2",20260911
Limpieza,Limpieza,repasador gourmet,2700006104297,4190.0,"$4.190,0",20260911
Limpieza,Limpieza,repasador toalla,7798125290163,2905.0,"$2.905,0",20260911
Limpieza,Limpieza,reposera carioca aluminio,7798093290165,64687.0,"$64.687,0",20260911
Limpieza,Limpieza,repuesto compacto tango x 1 litro,7793015000099,11609.0,"$11.609,0",20260911
Limpieza,Limpieza,"repuesto termo 0,65 lt.",7793015001058,9182.0,"$9.182,0",20260911
Limpieza,Limpieza,repuesto termo 1 lt.,7793015001041,9876.0,"$9.876,0",20260911
Limpieza,Limpieza,rompenueces chef,7798005437077,7175.0,"$7.175,0",20260911
Limpieza,Limpieza,sabana ajustable 1 12 plaza,7796314000517,7253.0,"$7.253,0",20260911
Limpieza,Limpieza,sabanas newells,7798368423021,32588.3,"$32.588,3",20260911
Limpieza,Limpieza,sabanas rosario central,7798368423038,32588.3,"$32.588,3",20260911
Limpieza,Limpieza,sabanas soft spiderman 1 plaza y 12,7796384060831,52719.6,"$52.719,6",20260911
Limpieza,Limpieza,sabanas soft stitch 1 plaza 12,7796384060206,52719.6,"$52.719,6",20260911
Limpieza,Limpieza,sacachorchos doble impuslo chef,7798005437275,7598.0,"$7.598,0",20260911
Limpieza,Limpieza,sacacorcho cabo madera chef,7798005437251,3696.0,"$3.696,0",20260911
Limpieza,Limpieza,sacacorcho loekemeyer,7798005437343,7998.0,"$7.998,0",20260911
Limpieza,Limpieza,sacacorcho loekemeyer mango ergonomico,7795587000576,2850.0,"$2.850,0",20260911
Limpieza,Limpieza,sacacorcho mengo plastico,7795587005816,3342.0,"$3.342,0",20260911
Limpieza,Limpieza,sacacorchos combinado chef,7798005437312,8196.0,"$8.196,0",20260911
Limpieza,Limpieza,sacacorchos doble aleta chef,7798005437237,16066.0,"$16.066,0",20260911
Limpieza,Limpieza,sacacorchos tipo mozo chef,7798005437305,6903.0,"$6.903,0",20260911
Limpieza,Limpieza,sacafuentes con mango de madera chef,7798005437084,9060.0,"$9.060,0",20260911
Limpieza,Limpieza,salero y pimentero vidrio modelos varios,7798115703048,2782.0,"$2.782,0",20260911
Limpieza,Limpieza,sarten 24 cm terracota,7896398338053,18176.0,"$18.176,0",20260911
Limpieza,Limpieza,sarten 26 cm terracota,7896398338060,19989.0,"$19.989,0",20260911
Limpieza,Limpieza,sarten ceramica de 26 cm,7798319211387,24850.0,"$24.850,0",20260911
Limpieza,Limpieza,sarten francesa 26 cm,7896398320102,20261.0,"$20.261,0",20260911
Limpieza,Limpieza,sarten francesa de 20 cm,7896398320133,14683.0,"$14.683,0",20260911
Limpieza,Limpieza,sarten francesa multiflon 22 cm linea gourmet,7896398320126,18000.4,"$18.000,4",20260911
Limpieza,Limpieza,sarten francesa multiflon 28 cm linea gourmet,7896398322236,26855.0,"$26.855,0",20260911
Limpieza,Limpieza,sarten francesa x 24 cm,7896398320119,18417.0,"$18.417,0",20260911
Limpieza,Limpieza,sarten multiflon 18 cm linea gourmet,7896398320140,13940.0,"$13.940,0",20260911
Limpieza,Limpieza,sarten multiflon 20 cm linea terracota,7896398338039,14841.0,"$14.841,0",20260911
Limpieza,Limpieza,sarten multiflon 22 cm linea terracota,7896398338046,16969.1,"$16.969,1",20260911
Limpieza,Limpieza,sarten multiflon 30 cm linea gourmet,7896398333300,28223.0,"$28.223,0",20260911
Limpieza,Limpieza,savarin 23 x 9 cm sil verde,7792281025225,10253.0,"$10.253,0",20260911
Limpieza,Limpieza,savarin carol antiadherente bajo x 24 cm granito negro,7792281017688,16589.2,"$16.589,2",20260911
Limpieza,Limpieza,savarin carol relieve x 23 cm granito negro,7792281017671,15949.4,"$15.949,4",20260911
Limpieza,Limpieza,secaplatos,7793762006023,9513.0,"$9.513,0",20260911
Limpieza,Limpieza,ser baao x 4 redondo,7792824117066,22990.4,"$22.990,4",20260911
Limpieza,Limpieza,serrucho de poda,6934097727790,33823.0,"$33.823,0",20260911
Limpieza,Limpieza,servilletero,7795722043024,2374.0,"$2.374,0",20260911
Limpieza,Limpieza,set 7 piezas sushi,7798111202088,31263.9,"$31.263,9",20260911
Limpieza,Limpieza,set de 2 fuentes redondas,8682911647080,29019.4,"$29.019,4",20260911
Limpieza,Limpieza,set de baao blanco x 4,742779501929,28967.0,"$28.967,0",20260911
Limpieza,Limpieza,set de condimentos x 4 crystal rock,6916466110235,11245.8,"$11.245,8",20260911
Limpieza,Limpieza,set jardineria 3 piezas hoteche,6934097721330,25383.0,"$25.383,0",20260911
Limpieza,Limpieza,set paaos cocina x 4 unidades,7782511643404,6664.7,"$6.664,7",20260911
Limpieza,Limpieza,set x 3 canastas cuadradas,7792281903035,33461.3,"$33.461,3",20260911
Limpieza,Limpieza,set x 3 canastas redondas,7792281901031,29951.8,"$29.951,8",20260911
Limpieza,Limpieza,sillon emperador aluminio colores varios,7798093290141,75468.0,"$75.468,0",20260911
Limpieza,Limpieza,sorbito tintin,7792579006011,2413.0,"$2.413,0",20260911
Limpieza,Limpieza,sujeta sabanas,8560018,9503.0,"$9.503,0",20260911
Limpieza,Limpieza,super pegamento cyanocrilato,6934097722245,705.0,"$705,0",20260911
Limpieza,Limpieza,tacho de basura con tapa san remo 6.5 litros color blanco,7896359009145,7953.3,"$7.953,3",20260911
Limpieza,Limpieza,tacho de basura con tapa san remo x 6.5 litros color gris,7896359028429,7953.3,"$7.953,3",20260911
Limpieza,Limpieza,tapon,7794296008743,4079.0,"$4.079,0",20260911
Limpieza,Limpieza,tarro de plastico ceplast x 1 kilo,7797797830073,3652.5,"$3.652,5",20260911
Limpieza,Limpieza,tarro de residuos x 8 litros gemplast,7793762096123,4455.0,"$4.455,0",20260911
Limpieza,Limpieza,tarro vaiven x 8 lt. gemplast,7793762006115,6713.0,"$6.713,0",20260911
Limpieza,Limpieza,tartera redonda 24 granit,7792281017657,12689.7,"$12.689,7",20260911
Limpieza,Limpieza,tartera redonda 30 granito,7792281017664,15689.9,"$15.689,9",20260911
Limpieza,Limpieza,taza grande toy story,7798343353565,4113.0,"$4.113,0",20260911
Limpieza,Limpieza,taza jarro luxor azul,7798118414170,3074.6,"$3.074,6",20260911
Limpieza,Limpieza,taza mango rectangular,7798422752685,9692.6,"$9.692,6",20260911
Limpieza,Limpieza,tazo con plato personajes,7796529822362,6138.0,"$6.138,0",20260911
Limpieza,Limpieza,tazon amanecer x 370 ml,7791822660499,2714.0,"$2.714,0",20260911
Limpieza,Limpieza,tender,7798093290189,45900.0,"$45.900,0",20260911
Limpieza,Limpieza,tender con sogas y caao aluminio,7798093290196,66235.0,"$66.235,0",20260911
Limpieza,Limpieza,tender piso negro,7896741390813,27579.0,"$27.579,0",20260911
Limpieza,Limpieza,tenedores tramontina dynamic x 3 unid.,7891112017207,9625.0,"$9.625,0",20260911
Limpieza,Limpieza,tenedores tramontina new kolor x 3 color rojo,7891112094604,4309.0,"$4.309,0",20260911
Limpieza,Limpieza,tenedores tramontina new kolor x 3 unid.,7891112066472,4305.0,"$4.305,0",20260911
Limpieza,Limpieza,termo acero inoxidable,7794769212523,54875.6,"$54.875,6",20260911
Limpieza,Limpieza,termo alfa,7793015000594,13550.0,"$13.550,0",20260911
Limpieza,Limpieza,termo boca juniors - 1 litro,7793015315124,19927.0,"$19.927,0",20260911
Limpieza,Limpieza,termo creta 0.65 litros,7793015000433,13516.0,"$13.516,0",20260911
Limpieza,Limpieza,termo lumilagro creta 1 litro,7793015000532,15941.0,"$15.941,0",20260911
Limpieza,Limpieza,termo lumilagro sigma 1 lt.,7793015000587,17241.0,"$17.241,0",20260911
Limpieza,Limpieza,termo lumilagro supertermica 1 lt.,7793015102700,10916.0,"$10.916,0",20260911
Limpieza,Limpieza,termo lumilagro tango 1 lt.,7793015002567,19936.0,"$19.936,0",20260911
Limpieza,Limpieza,termo lumilagro terra - 650 cc.,7793015000426,12303.0,"$12.303,0",20260911
Limpieza,Limpieza,termo por 1 litro de river,7793015315155,19926.7,"$19.926,7",20260911
Limpieza,Limpieza,termo rosario central,7793015315247,19927.0,"$19.927,0",20260911
Limpieza,Limpieza,termo tatu x 1 litro,7793015100553,15699.0,"$15.699,0",20260911
Limpieza,Limpieza,termo terra x 1 litro,7793015000440,16115.0,"$16.115,0",20260911
Limpieza,Limpieza,tester digital hoteche,6934097706344,3562.0,"$3.562,0",20260911
Limpieza,Limpieza,tester hoteche x 190 mm,6934097719627,3784.0,"$3.784,0",20260911
Limpieza,Limpieza,tijera de poda reforzada,6934097723846,28937.0,"$28.937,0",20260911
Limpieza,Limpieza,tijera para pvc 42 mm,6934097702360,21480.0,"$21.480,0",20260911
Limpieza,Limpieza,tijera poda 7 hoteche,6934097727950,18497.0,"$18.497,0",20260911
Limpieza,Limpieza,toalla arcoiris detro are 8805,7794170054392,7530.0,"$7.530,0",20260911
Limpieza,Limpieza,toalla arcoiris detro blanco 0001,7798180145750,7530.0,"$7.530,0",20260911
Limpieza,Limpieza,toalla fantasia knut graf 9955,7794170046106,3885.0,"$3.885,0",20260911
Limpieza,Limpieza,toalla fantasia rufa color blanco,7794170034455,3885.3,"$3.885,3",20260911
Limpieza,Limpieza,toalla pallette color blanco,7794170016321,7530.0,"$7.530,0",20260911
Limpieza,Limpieza,toalla visita fantasia clip blanco 0001,7794170029680,2934.0,"$2.934,0",20260911
Limpieza,Limpieza,toallon arco iris,7794170056068,19880.0,"$19.880,0",20260911
Limpieza,Limpieza,toallon arco iris,7794170039900,19880.0,"$19.880,0",20260911
Limpieza,Limpieza,toallon arco iris belly,7794170036367,19880.0,"$19.880,0",20260911
Limpieza,Limpieza,toallon arco iris detroit,7794170056204,19880.0,"$19.880,0",20260911
Limpieza,Limpieza,toallon arco iris nautical,7794170052947,19880.0,"$19.880,0",20260911
Limpieza,Limpieza,toallon arcoiris colores varios x unidad,7794170056051,19880.0,"$19.880,0",20260911
Limpieza,Limpieza,toallon bouquet 262,2700001441571,15725.0,"$15.725,0",20260911
Limpieza,Limpieza,toallon karsten yuna colores varios x unidad,7890254271362,35999.6,"$35.999,6",20260911
Limpieza,Limpieza,toallon liso arco iris,7798180145835,19880.0,"$19.880,0",20260911
Limpieza,Limpieza,toallon newells,7798432810788,20484.0,"$20.484,0",20260911
Limpieza,Limpieza,toallon palet serena,7794170055351,19880.0,"$19.880,0",20260911
Limpieza,Limpieza,toallon palette,7794170016932,19880.0,"$19.880,0",20260911
Limpieza,Limpieza,toallon prata,7794170055054,11535.2,"$11.535,2",20260911
Limpieza,Limpieza,toallon rosario central,7798432810771,20484.0,"$20.484,0",20260911
Limpieza,Limpieza,toallon rostro bouquet 246,2700001441564,6904.0,"$6.904,0",20260911
Limpieza,Limpieza,toallon secado rapido,677144147979,20755.0,"$20.755,0",20260911
Limpieza,Limpieza,topetina,7794296008965,2732.0,"$2.732,0",20260911
Limpieza,Limpieza,topetina,7794296008972,2732.0,"$2.732,0",20260911
Limpieza,Limpieza,tornillo hoteche trompeta punta agua,6934097734002,7968.0,"$7.968,0",20260911
Limpieza,Limpieza,tortera,7790351400040,20314.0,"$20.314,0",20260911
Limpieza,Limpieza,tortera cuadrada,7790351153014,17503.0,"$17.503,0",20260911
Limpieza,Limpieza,tortera de silicona carol 24 x 5.5 cm gris,7792281203241,9063.9,"$9.063,9",20260911
Limpieza,Limpieza,tortera de silicona carol 24 x 5.5 cm verde,7792281025157,9063.9,"$9.063,9",20260911
Limpieza,Limpieza,tortera ondeada lecuisine x 25 c,7797046002381,12104.2,"$12.104,2",20260911
Limpieza,Limpieza,tortera savarin,7790351163044,30304.0,"$30.304,0",20260911
Limpieza,Limpieza,tostador,7798005438739,14748.0,"$14.748,0",20260911
Limpieza,Limpieza,tostador chapa,7798005438722,8687.0,"$8.687,0",20260911
Limpieza,Limpieza,traba u hoteche,6934097732619,29978.0,"$29.978,0",20260911
Limpieza,Limpieza,triset kamacolor 1 12 plaza,7892949552893,40629.0,"$40.629,0",20260911
Limpieza,Limpieza,triset kamacolor 2 12 plaza,7892949552879,53254.0,"$53.254,0",20260911
Limpieza,Limpieza,triset kamacolor 2 12 plaza,7892949982041,53254.0,"$53.254,0",20260911
Limpieza,Limpieza,triset kamacolor queen,7892949552886,61289.0,"$61.289,0",20260911
Limpieza,Limpieza,"tupper hermetico con trabas san remo x 1,24 lt.",7896359029112,6602.0,"$6.602,0",20260911
Limpieza,Limpieza,"tupper hermetico con trabas san remo x 1,6 lt.",7896359029099,8325.0,"$8.325,0",20260911
Limpieza,Limpieza,turbsnte baa?a?o,2700001608776,6024.0,"$6.024,0",20260911
Limpieza,Limpieza,tve173 vasos juliana x 6 unid.,7798118411735,5900.0,"$5.900,0",20260911
Limpieza,Limpieza,utensillos x 2 bambu verde,7792281022637,13709.7,"$13.709,7",20260911
Limpieza,Limpieza,vaso allegro alto,7702147202349,2326.0,"$2.326,0",20260911
Limpieza,Limpieza,vaso alto capella,7702147276067,2449.0,"$2.449,0",20260911
Limpieza,Limpieza,vaso alto durax coraline 350 cc.,7798118410172,963.0,"$963,0",20260911
Limpieza,Limpieza,vaso alto durax irupe 350 cc.,7798118410769,963.0,"$963,0",20260911
Limpieza,Limpieza,vaso alto durax renda 400 cc..,7797046004040,3443.0,"$3.443,0",20260911
Limpieza,Limpieza,vaso alto val p5255,883314759068,5837.0,"$5.837,0",20260911
Limpieza,Limpieza,vaso bajo p537,883314760033,5836.6,"$5.836,6",20260911
Limpieza,Limpieza,vaso con asas,7796384092375,19179.0,"$19.179,0",20260911
Limpieza,Limpieza,vaso durax nilda pack x 6 unidades,7798118411155,7240.6,"$7.240,6",20260911
Limpieza,Limpieza,vaso durax pampa,7798118412510,1082.0,"$1.082,0",20260911
Limpieza,Limpieza,vaso facetado,7798118410462,1067.0,"$1.067,0",20260911
Limpieza,Limpieza,vaso infantil,7790691028898,5234.0,"$5.234,0",20260911
Limpieza,Limpieza,vaso itapema,7891240000300,5425.0,"$5.425,0",20260911
Limpieza,Limpieza,vaso juliana,7798118410721,783.0,"$783,0",20260911
Limpieza,Limpieza,vaso lexinton whisky,840325034270,2307.0,"$2.307,0",20260911
Limpieza,Limpieza,vaso london bajo,840325021232,2525.0,"$2.525,0",20260911
Limpieza,Limpieza,vaso london cooler,7702147231585,3213.0,"$3.213,0",20260911
Limpieza,Limpieza,vaso london largo,850038667153,2680.0,"$2.680,0",20260911
Limpieza,Limpieza,vaso luna beverage,8004360046885,5740.0,"$5.740,0",20260911
Limpieza,Limpieza,vaso luna rocks,8004360046847,5390.0,"$5.390,0",20260911
Limpieza,Limpieza,vaso lunita,7798118412152,848.0,"$848,0",20260911
Limpieza,Limpieza,vaso medidor,7792579003027,6323.0,"$6.323,0",20260911
Limpieza,Limpieza,vaso mikonos alto,8403250456726,2525.0,"$2.525,0",20260911
Limpieza,Limpieza,vaso mikonos bajo x 343 cc,840325063980,2525.0,"$2.525,0",20260911
Limpieza,Limpieza,vaso rumba,7790691028904,6263.0,"$6.263,0",20260911
Limpieza,Limpieza,vaso shot,7702147217718,1150.0,"$1.150,0",20260911
Limpieza,Limpieza,vaso shotsoda,7702147202011,1150.0,"$1.150,0",20260911
Limpieza,Limpieza,vaso siena verde,7797046006068,2234.0,"$2.234,0",20260911
Limpieza,Limpieza,vaso soda,7798118411919,1006.0,"$1.006,0",20260911
Limpieza,Limpieza,vaso termico x 1200 ml,7790774371224,35990.0,"$35.990,0",20260911
Limpieza,Limpieza,vaso termico x 300 cc,2700004161025,3127.0,"$3.127,0",20260911
Limpieza,Limpieza,vaso tornado,7798118410745,783.0,"$783,0",20260911
Limpieza,Limpieza,vaso x 6 london bajo,7702147229667,17450.9,"$17.450,9",20260911
Limpieza,Limpieza,vasolo color pack x 3 unidades,3800864009310,14792.5,"$14.792,5",20260911
Limpieza,Limpieza,vasos blackly ball fume set x 6 unidades,7798422750889,36660.9,"$36.660,9",20260911
Limpieza,Limpieza,vasos blacly ball transpareentes set x 6 unidades,7798422750841,34109.1,"$34.109,1",20260911
Limpieza,Limpieza,vasos brasil ouro preto x 6 unid.,7891240000263,5425.0,"$5.425,0",20260911
Limpieza,Limpieza,vasos crystal x 6 unid.,7891240007484,5425.0,"$5.425,0",20260911
Limpieza,Limpieza,vertedor doble yerba + azucar,7797232005943,9905.0,"$9.905,0",20260911
Limpieza,Limpieza,vertedor para sal gruesa,7795128087615,3273.2,"$3.273,2",20260911
Limpieza,Limpieza,yerbera gemplast,7793762004807,1882.0,"$1.882,0",20260911
Limpieza,Limpieza,yerbera y azucarera duo gemplast,7793762004814,3243.0,"$3.243,0",20260911
Perfumeria,Cuidado Personal,aceite de coco entrenuts neutro x 200 gr.,763571722411,5672.0,"$5.672,0",20260911
Perfumeria,Cuidado Personal,alimento a base de jarabe y miel decfa x 250 gr.,7793046027027,1380.0,"$1.380,0",20260911
Perfumeria,Cuidado Personal,alimento defca a base de jarabe de glucosa y miel x 500 gr,7793046027010,2483.0,"$2.483,0",20260911
Perfumeria,Cuidado Personal,amaretti whisper,7798018100043,3008.0,"$3.008,0",20260911
Perfumeria,Cuidado Personal,aritos de miel granix x 130 gr.,7791078022744,1932.0,"$1.932,0",20260911
Perfumeria,Cuidado Personal,aritos frutales granix x130gr.,7790045826965,1816.0,"$1.816,0",20260911
Perfumeria,Cuidado Personal,avena granix x 400 gm extrafina,7790045001522,3396.6,"$3.396,6",20260911
Perfumeria,Cuidado Personal,baloncitos chocolatados granix x 150 gr.,7790045000457,1968.0,"$1.968,0",20260911
Perfumeria,Cuidado Personal,barquillos hhisper x 240 gr.,7798018100081,3653.0,"$3.653,0",20260911
Perfumeria,Cuidado Personal,barra de cereal crowie x 4 unidades dark,7798228641138,3609.0,"$3.609,0",20260911
Perfumeria,Cuidado Personal,barra de cereal crowie x 4 unidades original,7798228641152,2849.0,"$2.849,0",20260911
Perfumeria,Cuidado Personal,barra de cereal flow x 6 unidades almendra mani y miel,7790380020233,6341.0,"$6.341,0",20260911
Perfumeria,Cuidado Personal,barra de cereal georgalos flow x 6 unidades granola con choc,7790380020004,5362.0,"$5.362,0",20260911
Perfumeria,Cuidado Personal,barra de cereal grano enterox 26 gm pasion de chocolate,7790040100206,1347.0,"$1.347,0",20260911
Perfumeria,Cuidado Personal,barra de cereal mix x 38 gr pistacho y mana,7790040153196,1479.3,"$1.479,3",20260911
Perfumeria,Cuidado Personal,barra de cereal zafran x 112 gm mani y cacao,7798187760833,5137.8,"$5.137,8",20260911
Perfumeria,Cuidado Personal,barra de cereal zafran x 112 gm nuez y algarroba,7798187760895,5137.8,"$5.137,8",20260911
Perfumeria,Cuidado Personal,barra de cereal zafran x 112 gr almendras y coco,7798187760826,5137.8,"$5.137,8",20260911
Perfumeria,Cuidado Personal,barra de cereal zafran x 112 gr cajaro y semillas de zapallo,7798187760857,5137.8,"$5.137,8",20260911
Perfumeria,Cuidado Personal,barra de cereal zafran x 96 gm manzana y chia,7798187760840,5137.8,"$5.137,8",20260911
Perfumeria,Cuidado Personal,barra de cereal zafran x 96 gr arandanos y almendras,7798187760871,5137.8,"$5.137,8",20260911
Perfumeria,Cuidado Personal,barrita cereal bar crowie x 4 unidades cacao y algarroba,7798228641169,2848.9,"$2.848,9",20260911
Perfumeria,Cuidado Personal,barritas de cereal flow georgalos x 6 unidades frutos del bo,7790380016199,5362.0,"$5.362,0",20260911
Perfumeria,Cuidado Personal,bizcochitos alem x 170 gr clasico,7798264430130,2246.0,"$2.246,0",20260911
Perfumeria,Cuidado Personal,bizcochitos alem x 170 gr lino y chia,7798264430154,2246.0,"$2.246,0",20260911
Perfumeria,Cuidado Personal,bizcochitos alem x 170 gr queso,7798264430147,2246.0,"$2.246,0",20260911
Perfumeria,Cuidado Personal,bizcochitos la cumbre materos clasicos x 170gr.,645554041101,1248.0,"$1.248,0",20260911
Perfumeria,Cuidado Personal,bizcochitos la cumbre x 170 gr. con semillas de ch,645554001082,1481.0,"$1.481,0",20260911
Perfumeria,Cuidado Personal,bizcochos don satur tortitas negra x 200 gm,7795735000342,1556.0,"$1.556,0",20260911
Perfumeria,Cuidado Personal,bizcochos don satur x 170 gm 100 % vegetal,7795735601228,1556.0,"$1.556,0",20260911
Perfumeria,Cuidado Personal,bizcochos don satur x 200 gr dulces,7795735000335,1556.0,"$1.556,0",20260911
Perfumeria,Cuidado Personal,bizcochos don satur x 200 gr queso,7795735000519,2898.0,"$2.898,0",20260911
Perfumeria,Cuidado Personal,bizcochos don satur x 200 gr salados,7795735000328,1556.0,"$1.556,0",20260911
Perfumeria,Cuidado Personal,bizcochos dulces de arroz gallo x 100 gr.,7790070418425,2915.0,"$2.915,0",20260911
Perfumeria,Cuidado Personal,bizcochos granix x 180 gr. con semillas de sesamo,7790045823865,1837.0,"$1.837,0",20260911
Perfumeria,Cuidado Personal,bizcochos granix x180 tradicio,7790045823872,1837.0,"$1.837,0",20260911
Perfumeria,Cuidado Personal,bizcochos la cumbre semillas de sesamo x 170 gr.,645554001105,1481.0,"$1.481,0",20260911
Perfumeria,Cuidado Personal,bizcochos whisper,7791706000045,1096.0,"$1.096,0",20260911
Perfumeria,Cuidado Personal,bocadito granix x180 avena,7791078022690,2406.0,"$2.406,0",20260911
Perfumeria,Cuidado Personal,bocadito granix x180 relfruti,7791078022706,3171.0,"$3.171,0",20260911
Perfumeria,Cuidado Personal,bocadito granix x180 relmani,7790045002123,3171.0,"$3.171,0",20260911
Perfumeria,Cuidado Personal,bocaditos de cereal rellenos granix x 180 gm avellanas,7791078022713,3171.0,"$3.171,0",20260911
Perfumeria,Cuidado Personal,bocaditos de cereales granix x 180 gr salvado,7791078022751,2406.0,"$2.406,0",20260911
Perfumeria,Cuidado Personal,bocaditos de cereales y chocolate granix x 180 gr.,7790045825470,3875.0,"$3.875,0",20260911
Perfumeria,Cuidado Personal,bocaditos de cereales y chocolate granix x 180 grn,7790045825487,3232.0,"$3.232,0",20260911
Perfumeria,Cuidado Personal,bolitas de cereal chocolino x 200 gr.,7790150831106,3823.0,"$3.823,0",20260911
Perfumeria,Cuidado Personal,braunichoc sabe bien! x 35 gr.,7793890261530,1071.0,"$1.071,0",20260911
Perfumeria,Cuidado Personal,brownie chips sabe bien! x 62 gr.,7793890261578,1517.0,"$1.517,0",20260911
Perfumeria,Cuidado Personal,brownie mini sabe bien x 35 gm,7793890261646,1071.0,"$1.071,0",20260911
Perfumeria,Cuidado Personal,cafa en capsulas nescafe dolce gusto x 10u.macaccino canela,7891000421543,14713.0,"$14.713,0",20260911
Perfumeria,Cuidado Personal,cafe bonafide tostado molido x 200 gm equilibrado,7792360097747,11625.0,"$11.625,0",20260911
Perfumeria,Cuidado Personal,cafe bonafide tostado molido x 200 gm intenso,7792360097754,11625.0,"$11.625,0",20260911
Perfumeria,Cuidado Personal,cafe cabrales capsulas moka x 8 unidades,7790550019135,10722.0,"$10.722,0",20260911
Perfumeria,Cuidado Personal,cafe cabrales capsulas x 10 unidades nescafe dec,7790550019333,8384.0,"$8.384,0",20260911
Perfumeria,Cuidado Personal,cafe cabrales capsulas x 10 unidades nescafe dimattina,7790550019357,8384.0,"$8.384,0",20260911
Perfumeria,Cuidado Personal,cafe cabrales capsulas x 10 unidades nespreso pass,7790550019371,8384.0,"$8.384,0",20260911
Perfumeria,Cuidado Personal,cafe cabrales en capsulas x 10 unid espresso,7790550019234,7850.0,"$7.850,0",20260911
Perfumeria,Cuidado Personal,cafe cabrales en capsulas x 10 unid lungo,7790550019197,7850.0,"$7.850,0",20260911
Perfumeria,Cuidado Personal,cafe cabrales en capsulas x 8 unid capuccino,7790550000119,10722.0,"$10.722,0",20260911
Perfumeria,Cuidado Personal,cafe cabrales x 250 gm descafeinado,7790550002519,17648.0,"$17.648,0",20260911
Perfumeria,Cuidado Personal,cafe cabrales x 250gm,7790550022456,17637.0,"$17.637,0",20260911
Perfumeria,Cuidado Personal,cafe descafeinado nescafe decaf x 100 gr.,7613035379213,15066.0,"$15.066,0",20260911
Perfumeria,Cuidado Personal,cafe en capsulas cabrales la planta clasico x 8 u.,7790550019098,6482.0,"$6.482,0",20260911
Perfumeria,Cuidado Personal,cafe en capsulas cabrales la planta intenso x 8 u.,7790550019111,6482.0,"$6.482,0",20260911
Perfumeria,Cuidado Personal,cafe en capsulas cabrales la planta suave x 8 uni.,7790550019074,6482.0,"$6.482,0",20260911
Perfumeria,Cuidado Personal,cafe en capsulas cabrales latte x 10 unid.,7790550019159,10722.0,"$10.722,0",20260911
Perfumeria,Cuidado Personal,cafe en capsulas cabrales peru x 10 unid.,7790550019012,10952.0,"$10.952,0",20260911
Perfumeria,Cuidado Personal,cafe en capsulas docle gusto espresso milano x 60 gr,7891000454466,14713.0,"$14.713,0",20260911
Perfumeria,Cuidado Personal,cafe en capsulas la morenita colombia x 10 unid.,7790170903692,8573.0,"$8.573,0",20260911
Perfumeria,Cuidado Personal,cafe en capsulas la morenita honduras x 10 unid.,7790170903609,8573.0,"$8.573,0",20260911
Perfumeria,Cuidado Personal,cafe en capsulas la morenita tipo italiano x 10 u.,7790170903654,8573.0,"$8.573,0",20260911
Perfumeria,Cuidado Personal,cafe en capsulas la virginia cappuccino x 8 unid.,7790150090145,12991.0,"$12.991,0",20260911
Perfumeria,Cuidado Personal,cafe en capsulas la virginia cappuccino y avellana,7790150090190,12991.0,"$12.991,0",20260911
Perfumeria,Cuidado Personal,cafe en capsulas la virginia cappuccino y dce d le,7790150090169,12991.0,"$12.991,0",20260911
Perfumeria,Cuidado Personal,cafe en capsulas la virginia equilibrado x 10 uni.,7790150080825,8165.0,"$8.165,0",20260911
Perfumeria,Cuidado Personal,cafe en capsulas la virginia equilibrado x 20 uni.,7790150080573,14696.0,"$14.696,0",20260911
Perfumeria,Cuidado Personal,cafe en capsulas la virginia extra intenso x 10 un,7790150080900,8165.0,"$8.165,0",20260911
Perfumeria,Cuidado Personal,cafe en capsulas la virginia intenso x 10 unid.,7790150080849,8165.0,"$8.165,0",20260911
Perfumeria,Cuidado Personal,cafe en capsulas la virginia x 8 unidades espresso,7790150090251,8467.0,"$8.467,0",20260911
Perfumeria,Cuidado Personal,cafe en capsulas nescafe dolce gusto americano x 1,7891000421048,14713.0,"$14.713,0",20260911
Perfumeria,Cuidado Personal,cafe en capsulas nescafe dolce gusto au lait desc.,7891000421369,14713.0,"$14.713,0",20260911
Perfumeria,Cuidado Personal,cafe en capsulas nescafe dolce gusto au lait x 10,7891000434239,14713.0,"$14.713,0",20260911
Perfumeria,Cuidado Personal,cafe en capsulas nescafe dolce gusto kit kat x 10,7891000405291,14713.0,"$14.713,0",20260911
Perfumeria,Cuidado Personal,cafe en capsulas starbucks blonde espresso roast x,8445290814425,15500.0,"$15.500,0",20260911
Perfumeria,Cuidado Personal,cafe en capsulas starbucks colombia x 12 unid.,7613036961448,15500.0,"$15.500,0",20260911
Perfumeria,Cuidado Personal,cafe en capsulas starbucks dolce gusto capuccino x,8445291061330,15613.0,"$15.613,0",20260911
Perfumeria,Cuidado Personal,cafe en capsulas starbucks hazelnut macchiato x 123 gr,8445292315425,15613.0,"$15.613,0",20260911
Perfumeria,Cuidado Personal,cafe en capsulas starbucks macchiato vainilla x 12,8445291061347,15613.0,"$15.613,0",20260911
Perfumeria,Cuidado Personal,cafe en granos la morenita colombia x 500 gr. tostado,7790170949096,28808.0,"$28.808,0",20260911
Perfumeria,Cuidado Personal,cafe en granos la virginia puro aroma x 500 gm tostado,7790150006429,25217.0,"$25.217,0",20260911
Perfumeria,Cuidado Personal,cafe en granos nescafe gold x 250 gr.,8445291830806,20250.0,"$20.250,0",20260911
Perfumeria,Cuidado Personal,cafe en saquitos cabrales la planta x 18 unid.,7790550010255,5093.0,"$5.093,0",20260911
Perfumeria,Cuidado Personal,cafe en saquitos la morenita intenso x 20 unid.,7790170903937,5641.0,"$5.641,0",20260911
Perfumeria,Cuidado Personal,cafe en saquitos la virginia puro aroma x 20 unid.,7790150080146,9571.0,"$9.571,0",20260911
Perfumeria,Cuidado Personal,cafe en saquitos la virginia x 20 unidades,7790150079904,6058.0,"$6.058,0",20260911
Perfumeria,Cuidado Personal,cafe en saqutios cabrales x 18 unidades,7790550011290,5704.0,"$5.704,0",20260911
Perfumeria,Cuidado Personal,cafe happy day molido x 190 gm,7790550022371,9413.0,"$9.413,0",20260911
Perfumeria,Cuidado Personal,cafe instantaneo arlistan suave x 100 gr.,7790070933645,6501.0,"$6.501,0",20260911
Perfumeria,Cuidado Personal,cafe instantaneo arlistan suave x 170 gr.,7790070933638,10436.0,"$10.436,0",20260911
Perfumeria,Cuidado Personal,cafe instantaneo arlistan suave x 50 gr.,7790070933652,3687.0,"$3.687,0",20260911
Perfumeria,Cuidado Personal,cafe instantaneo cabrales la planta suave x 100 gr,7790550029479,6829.0,"$6.829,0",20260911
Perfumeria,Cuidado Personal,cafe instantaneo clasico doy pack la virginia x 170 gm,7790150100462,8734.0,"$8.734,0",20260911
Perfumeria,Cuidado Personal,cafe instantaneo la morenita intenso x 170 gr.,7790170904507,8472.0,"$8.472,0",20260911
Perfumeria,Cuidado Personal,cafe instantaneo la planta cabrales suave x 170 g.,7790550029455,11610.0,"$11.610,0",20260911
Perfumeria,Cuidado Personal,cafe instantaneo la virginia clasico x 100 gr.,7790150100783,6420.0,"$6.420,0",20260911
Perfumeria,Cuidado Personal,cafe instantaneo la virginia clasico x 170 gr.,7790150100486,10037.0,"$10.037,0",20260911
Perfumeria,Cuidado Personal,cafe instantaneo la virginia clasico x 50 gr.,7790150100677,3554.0,"$3.554,0",20260911
Perfumeria,Cuidado Personal,cafe instantaneo la virginia cortado x 10 sobres,7790150161401,6751.0,"$6.751,0",20260911
Perfumeria,Cuidado Personal,cafe instantaneo la virginia cortado x 125 gr.,7790150161371,4227.0,"$4.227,0",20260911
Perfumeria,Cuidado Personal,cafe instantaneo la virginia doy pack x 100 gr. cl,7790150100806,5588.0,"$5.588,0",20260911
Perfumeria,Cuidado Personal,cafe instantaneo la virginia doy pack x 100 gr. su,7790150101780,5588.0,"$5.588,0",20260911
Perfumeria,Cuidado Personal,cafe instantaneo la virginia latte x 125 gr.,7790150161326,4449.0,"$4.449,0",20260911
Perfumeria,Cuidado Personal,cafe instantaneo la virginia selec.granu. x 150 gm doy pack,7790150150276,12191.0,"$12.191,0",20260911
Perfumeria,Cuidado Personal,cafe instantaneo la virginia seleccion x 100 gr.,7790150150573,8970.0,"$8.970,0",20260911
Perfumeria,Cuidado Personal,cafe instantaneo la virginia suave doy pack x 170.,7790150101476,8734.0,"$8.734,0",20260911
Perfumeria,Cuidado Personal,cafe instantaneo la virginia suave x 100 gr.,7790150101773,6420.0,"$6.420,0",20260911
Perfumeria,Cuidado Personal,cafe instantaneo la virginia suave x 170 gr.,7790150101490,10037.0,"$10.037,0",20260911
Perfumeria,Cuidado Personal,cafe instantaneo la virginia suave x 36 sobres,7790150101087,6992.0,"$6.992,0",20260911
Perfumeria,Cuidado Personal,cafe instantaneo la virginia x 36 sobres,7790150100172,6992.0,"$6.992,0",20260911
Perfumeria,Cuidado Personal,cafe instantaneo nescafe black roast x 110 gm doy pack,8445290254023,10593.0,"$10.593,0",20260911
Perfumeria,Cuidado Personal,cafe instantaneo nescafe dolca cappuccino x 100 gr,8445291749238,3858.0,"$3.858,0",20260911
Perfumeria,Cuidado Personal,cafe instantaneo nescafe dolca choco mocha x 125 .,8445291749290,4685.0,"$4.685,0",20260911
Perfumeria,Cuidado Personal,cafe instantaneo nescafe dolca choco mocha x 225 g,8445291749313,7157.0,"$7.157,0",20260911
Perfumeria,Cuidado Personal,cafe instantaneo nescafe dolca frasco x 170 gr.,8445291082212,15099.0,"$15.099,0",20260911
Perfumeria,Cuidado Personal,cafe instantaneo nescafe dolca original x 50 gr.,8445291082175,6529.0,"$6.529,0",20260911
Perfumeria,Cuidado Personal,cafe instantaneo nescafe dolca suave frasco x 100,8445291082113,10103.0,"$10.103,0",20260911
Perfumeria,Cuidado Personal,cafe instantaneo nescafe dolca suave x 50 gr.,8445291081895,6529.0,"$6.529,0",20260911
Perfumeria,Cuidado Personal,cafe instantaneo nescafe dolca x 100 gm suave doy pack,8445291311558,7268.0,"$7.268,0",20260911
Perfumeria,Cuidado Personal,cafe instantaneo nescafe dolca x 100 gr.,8445291082199,10103.0,"$10.103,0",20260911
Perfumeria,Cuidado Personal,cafe instantaneo nescafe dolca x 125 gr. caramel,8445291749665,4685.0,"$4.685,0",20260911
Perfumeria,Cuidado Personal,cafe instantaneo nescafe dolca x 30 sobres,8445291857957,7571.0,"$7.571,0",20260911
Perfumeria,Cuidado Personal,cafe instantaneo nescafe espresso x 100 gr.,7613036312752,20025.0,"$20.025,0",20260911
Perfumeria,Cuidado Personal,cafe instantaneo nescafe gold x 100 gm doy pack,8445291055070,15872.0,"$15.872,0",20260911
Perfumeria,Cuidado Personal,cafe instantaneo nescafe gold x 95 gm caramel,8445292304764,18300.0,"$18.300,0",20260911
Perfumeria,Cuidado Personal,cafe instantaneo nescafe gold x 95 gr.,8445291738775,17636.0,"$17.636,0",20260911
Perfumeria,Cuidado Personal,cafe instantaneo nescafe gold x 956 gr vainilla,8445292304368,18300.0,"$18.300,0",20260911
Perfumeria,Cuidado Personal,cafe instantaneo nestle cofee mate x 170 gr. livia,7501059240605,5761.0,"$5.761,0",20260911
Perfumeria,Cuidado Personal,cafe instantaneo nestle cofee mate x 170 gr. origl,7506475119573,5762.0,"$5.762,0",20260911
Perfumeria,Cuidado Personal,cafe instantaneo nestle coffee mate x 170 gr. orig,7506475114141,5762.0,"$5.762,0",20260911
Perfumeria,Cuidado Personal,cafe l.morenita cap.x10 brasil,7790170903678,8573.0,"$8.573,0",20260911
Perfumeria,Cuidado Personal,cafe l.morenita cap.x10 etiop.,7790170903715,8573.0,"$8.573,0",20260911
Perfumeria,Cuidado Personal,cafe la morenita x 100 gm suave frasco,7790170905009,6174.0,"$6.174,0",20260911
Perfumeria,Cuidado Personal,cafe la morenita x 170 gm granulado doy pack,7790170905207,9170.0,"$9.170,0",20260911
Perfumeria,Cuidado Personal,cafe la morenita x 170 gm granulado f,7790170905245,10510.0,"$10.510,0",20260911
Perfumeria,Cuidado Personal,cafe la morenita x 170 gm suave frasco,7790170905108,9710.0,"$9.710,0",20260911
Perfumeria,Cuidado Personal,cafe la morenita x 80 gm liofilizado,7790170905504,10513.0,"$10.513,0",20260911
Perfumeria,Cuidado Personal,cafe la morenita x100g.tor.int,7790170904798,6159.0,"$6.159,0",20260911
Perfumeria,Cuidado Personal,cafe la morenita x170g.tor.int,7790170904668,9687.0,"$9.687,0",20260911
Perfumeria,Cuidado Personal,cafe la planta inst.clx170g.fr,7790550029431,11610.0,"$11.610,0",20260911
Perfumeria,Cuidado Personal,cafe la planta inst.svx160g.dp,7790550029493,10135.0,"$10.135,0",20260911
Perfumeria,Cuidado Personal,cafe la planta inst.x100gr.fra,7790550016837,7733.0,"$7.733,0",20260911
Perfumeria,Cuidado Personal,cafe la planta inst.x160gr.dp,7790550026652,10135.0,"$10.135,0",20260911
Perfumeria,Cuidado Personal,cafe la virginia en capsulas x 10 unid descafeinad,7790150080955,8573.0,"$8.573,0",20260911
Perfumeria,Cuidado Personal,cafe la virginia instantaneo x 50 gm suave especial,7790150101667,3554.0,"$3.554,0",20260911
Perfumeria,Cuidado Personal,cafe la virginia molido tostado mas x 250 gm,7790150007501,8807.0,"$8.807,0",20260911
Perfumeria,Cuidado Personal,cafe lv.espresso cap.x10 sutil,7790150080801,8165.0,"$8.165,0",20260911
Perfumeria,Cuidado Personal,cafe lv.inst.x100gr.kalma equi,7790150110188,8583.0,"$8.583,0",20260911
Perfumeria,Cuidado Personal,cafe lv.inst.x170g.sel.tost.eq,7790150150252,14750.0,"$14.750,0",20260911
Perfumeria,Cuidado Personal,cafe lv.inst.x170gr.kalma equi,7790150110386,14364.0,"$14.364,0",20260911
Perfumeria,Cuidado Personal,cafe moilido bonafide torrado intenso x 500 gm,7792360002062,12672.0,"$12.672,0",20260911
Perfumeria,Cuidado Personal,cafe molido bonafide torrado instenso x 250 gm,7792360002079,6775.0,"$6.775,0",20260911
Perfumeria,Cuidado Personal,cafe molido cabrales colombia x 250 gr.,7790550022418,17637.0,"$17.637,0",20260911
Perfumeria,Cuidado Personal,cafe molido cabrales la planta de cafe x 500 gr.,7790550000164,14154.0,"$14.154,0",20260911
Perfumeria,Cuidado Personal,cafe molido cabrales la planta x 1 kg.,7790550000171,28308.0,"$28.308,0",20260911
Perfumeria,Cuidado Personal,cafe molido la morenita colombia x 250 gr.,7790170949027,14005.0,"$14.005,0",20260911
Perfumeria,Cuidado Personal,cafe molido la morenita colombia x 500 gr. tostado,7790170949072,26677.0,"$26.677,0",20260911
Perfumeria,Cuidado Personal,cafe molido la morenita intenso x 1 kg.,7790170902022,27372.0,"$27.372,0",20260911
Perfumeria,Cuidado Personal,cafe molido la morenita intenso x 125 gr.,7790170901957,3824.0,"$3.824,0",20260911
Perfumeria,Cuidado Personal,cafe molido la morenita intenso x 500 gr.,7790170902008,13686.0,"$13.686,0",20260911
Perfumeria,Cuidado Personal,cafe molido la morenita puro tostado  mas x 250 gr.,7790170902503,8209.0,"$8.209,0",20260911
Perfumeria,Cuidado Personal,cafe molido la virginia arabica x 250 gr. tostado,7790150037041,13211.0,"$13.211,0",20260911
Perfumeria,Cuidado Personal,cafe molido la virginia torrado clasico x 1 kg.,7790150006375,29390.0,"$29.390,0",20260911
Perfumeria,Cuidado Personal,cafe molido la virginia torrado clasico x 125 gr.,7790150006306,4106.0,"$4.106,0",20260911
Perfumeria,Cuidado Personal,cafe molido la virginia torrado clasico x 250 gr.,7790150006320,7348.0,"$7.348,0",20260911
Perfumeria,Cuidado Personal,cafe molido la virginia tostado intenso x 250 gr.,7790150037201,13211.0,"$13.211,0",20260911
Perfumeria,Cuidado Personal,cafe molido la virginia tostado sutil x 250 gr.,7790150037140,13211.0,"$13.211,0",20260911
Perfumeria,Cuidado Personal,cafe molido nescafe tostado puro x 190 gr.,8445291583719,13060.0,"$13.060,0",20260911
Perfumeria,Cuidado Personal,cafe molido starbucks colombia x 250 gr.,762111364357,26787.0,"$26.787,0",20260911
Perfumeria,Cuidado Personal,cafe molido starbucks house blend x 250 gr.,762111364364,26787.0,"$26.787,0",20260911
Perfumeria,Cuidado Personal,cafe molido starbucks veranda blend x 250 gr.,8445290624819,26787.0,"$26.787,0",20260911
Perfumeria,Cuidado Personal,cafe molido starbucks verona x 250 gr.,762111364418,26787.0,"$26.787,0",20260911
Perfumeria,Cuidado Personal,cafe molido super cabrales x 500 gr.,7790550022258,28314.0,"$28.314,0",20260911
Perfumeria,Cuidado Personal,cafe molido torrado la virginia x 500 gr.,7790150006351,14695.0,"$14.695,0",20260911
Perfumeria,Cuidado Personal,cafe molido torrado nescafe dolca x 190 gm,8445291586864,10121.0,"$10.121,0",20260911
Perfumeria,Cuidado Personal,cafe molido tostado cabrales x 250 gm prestige,7790550022272,17835.0,"$17.835,0",20260911
Perfumeria,Cuidado Personal,cafe molido tostado morenita blend tipo italiano x 250.,7790170949300,14005.0,"$14.005,0",20260911
Perfumeria,Cuidado Personal,cafe molido tostado morenita brasil x 250 gr.,7790170949201,14005.0,"$14.005,0",20260911
Perfumeria,Cuidado Personal,cafe nescafe dolca suave x 170 gm frasco,8445291082137,15099.0,"$15.099,0",20260911
Perfumeria,Cuidado Personal,cafe nescafe instantaneoespresso original x 100 gm doy pack,8445291311572,18044.0,"$18.044,0",20260911
Perfumeria,Cuidado Personal,cafe seattles best x 170 gm house blend,8445292539425,13713.0,"$13.713,0",20260911
Perfumeria,Cuidado Personal,cafe sensasiones x 18 saquitos bonafide,7792360094968,6193.0,"$6.193,0",20260911
Perfumeria,Cuidado Personal,cafe super cabrales x125gr.tos,7790550022210,7079.0,"$7.079,0",20260911
Perfumeria,Cuidado Personal,cafe super cabrales x250gr.tos,7790550022234,14157.0,"$14.157,0",20260911
Perfumeria,Cuidado Personal,cafe tostado molido cabrales x 250 gm brasil,7790550022470,17637.0,"$17.637,0",20260911
Perfumeria,Cuidado Personal,cafe tostado molido cabrales x 250 gm vita,7790550022333,20834.0,"$20.834,0",20260911
Perfumeria,Cuidado Personal,cafe tostado molido nescafe gold x 250 gm equilibrado medio,8445290114181,21827.0,"$21.827,0",20260911
Perfumeria,Cuidado Personal,cafe tostado molido nescafe gold x 250 gm intenso,8445290114174,21827.0,"$21.827,0",20260911
Perfumeria,Cuidado Personal,cafe tostado molido seattles best x 170 gr portside,8445292539326,13713.0,"$13.713,0",20260911
Perfumeria,Cuidado Personal,cafe tostado molido x 500 gm arabica la virginia,7790150037072,25164.0,"$25.164,0",20260911
Perfumeria,Cuidado Personal,cappuccino l.planta x110g.ligh,7790550026492,3483.0,"$3.483,0",20260911
Perfumeria,Cuidado Personal,cappuccino l.planta x115g.latt,7790550026454,3483.0,"$3.483,0",20260911
Perfumeria,Cuidado Personal,cappuccino l.planta x115g.moka,7790550026478,3483.0,"$3.483,0",20260911
Perfumeria,Cuidado Personal,cappuccino l.planta x115gr.dp.,7790550000065,3483.0,"$3.483,0",20260911
Perfumeria,Cuidado Personal,cappuccino l.planta x125gr.dp.,7790550026430,5278.0,"$5.278,0",20260911
Perfumeria,Cuidado Personal,cappuccino la planta x 100 gm caramelo,7790550026553,3483.0,"$3.483,0",20260911
Perfumeria,Cuidado Personal,cappuccino la virginia espuma de vainilla x 155 g.,7790150161128,5064.0,"$5.064,0",20260911
Perfumeria,Cuidado Personal,cappuccino la virginia mousse chocolate y avellana,7790150161029,5064.0,"$5.064,0",20260911
Perfumeria,Cuidado Personal,cappuccino la virginia mousse de chocolate x 10 so,7790150161081,7344.0,"$7.344,0",20260911
Perfumeria,Cuidado Personal,cappuccino la virginia sabor dulce de leche x 155,7790150161227,5064.0,"$5.064,0",20260911
Perfumeria,Cuidado Personal,cappuccino la virginia tradicional x 10 sobres 12,7790150160657,5779.0,"$5.779,0",20260911
Perfumeria,Cuidado Personal,cappuccino la virginia tradicional x 210 gr.,7790150160787,8570.0,"$8.570,0",20260911
Perfumeria,Cuidado Personal,cappuccino nescafe dolca x 225 gr.,8445291749269,7157.0,"$7.157,0",20260911
Perfumeria,Cuidado Personal,capsulas bonafide x 10 unidades espresso,7792360096931,9108.0,"$9.108,0",20260911
Perfumeria,Cuidado Personal,capuccino instantaneo la virginia tradicional x 12,7790150160725,3988.0,"$3.988,0",20260911
Perfumeria,Cuidado Personal,capuccino l.virg.10x9gr.light,7790150160961,6129.0,"$6.129,0",20260911
Perfumeria,Cuidado Personal,capuccino l.virg.x100g.ligh.dp,7790150160923,4227.0,"$4.227,0",20260911
Perfumeria,Cuidado Personal,capuccino l.virg.x275g.dp,7790150160824,8450.0,"$8.450,0",20260911
Perfumeria,Cuidado Personal,capuccino la virginia choco mocha x 125 gr.,7790150161500,5064.0,"$5.064,0",20260911
Perfumeria,Cuidado Personal,cer.formis x145gr.choco,7790040142480,2179.0,"$2.179,0",20260911
Perfumeria,Cuidado Personal,cer.formis x145gr.popcorn,7790040142527,1933.0,"$1.933,0",20260911
Perfumeria,Cuidado Personal,cer.formis x245gr.frutal,7790040142510,3117.0,"$3.117,0",20260911
Perfumeria,Cuidado Personal,cer.georgalos flowx6 frutalme,7790380015024,5362.0,"$5.362,0",20260911
Perfumeria,Cuidado Personal,cereal de maiz la egipciana  inflado y ocnfitado x 100 gm,7790681001931,1763.0,"$1.763,0",20260911
Perfumeria,Cuidado Personal,cereal flynn paff x200gr.caram,7790380019824,3797.0,"$3.797,0",20260911
Perfumeria,Cuidado Personal,cereal formis tortugas sabor chocolate x 245 gr.,7790040142497,3117.0,"$3.117,0",20260911
Perfumeria,Cuidado Personal,cereal frutal trix x 230 gr.,8445290270184,6679.0,"$6.679,0",20260911
Perfumeria,Cuidado Personal,cereal granix fibra total con pasas x 400 gr.,7790045000778,4424.0,"$4.424,0",20260911
Perfumeria,Cuidado Personal,cereal kelloggs choco krispis pops x 185 gr.,7702103799883,4371.0,"$4.371,0",20260911
Perfumeria,Cuidado Personal,cereal kelloggs choco krispis x 265 gr.,7702103503916,6284.0,"$6.284,0",20260911
Perfumeria,Cuidado Personal,cereal kellogs choco krispis x 240 gr.,7793306993604,6284.0,"$6.284,0",20260911
Perfumeria,Cuidado Personal,cereal kellogs froot loops x 195 gr.,7702103751416,4201.0,"$4.201,0",20260911
Perfumeria,Cuidado Personal,cereal kellogs musli x 255 gr. con chocolate,7896004004990,4479.0,"$4.479,0",20260911
Perfumeria,Cuidado Personal,cereal kellogs musli x 255 gr. manzana y pasas dea,7896004005010,4479.0,"$4.479,0",20260911
Perfumeria,Cuidado Personal,cereal l.egip.x100gr.arroz,7790681001948,1763.0,"$1.763,0",20260911
Perfumeria,Cuidado Personal,cereal l.egip.x100gr.trigo,7790681001924,1763.0,"$1.763,0",20260911
Perfumeria,Cuidado Personal,cereal mix granix x160gr.,7790045826989,1912.0,"$1.912,0",20260911
Perfumeria,Cuidado Personal,cereal mix light x26gr.frutill,77965370,1373.0,"$1.373,0",20260911
Perfumeria,Cuidado Personal,cereal mix x 33 gm frutos secos,7790040146686,1479.0,"$1.479,0",20260911
Perfumeria,Cuidado Personal,cereal mix yoghurt y frutilla x 6 unid.,7790040146365,5842.0,"$5.842,0",20260911
Perfumeria,Cuidado Personal,cereal naturitos granix dulce de leche x 90 gr.,7791078023376,1872.0,"$1.872,0",20260911
Perfumeria,Cuidado Personal,cereal naturitos granix frutos rojos x 90 gr.,7790045827399,1872.0,"$1.872,0",20260911
Perfumeria,Cuidado Personal,cereal naturitos granix sabor banana x 90 gr.,7790045827696,1872.0,"$1.872,0",20260911
Perfumeria,Cuidado Personal,cereal nesquik x 210 gm duo,7891000445174,6679.0,"$6.679,0",20260911
Perfumeria,Cuidado Personal,cereal nesquik x 210 gr.,7891000337271,6679.0,"$6.679,0",20260911
Perfumeria,Cuidado Personal,cereal nesquik x400gr.matinal,7891000360552,11540.0,"$11.540,0",20260911
Perfumeria,Cuidado Personal,cereal trix x 330,7613034155030,8163.0,"$8.163,0",20260911
Perfumeria,Cuidado Personal,cereal zucaritas chocolate x 240 gr.,7896004004983,3073.0,"$3.073,0",20260911
Perfumeria,Cuidado Personal,choco biscuit  bauducco x 80 gm con leche,7891962056500,3016.0,"$3.016,0",20260911
Perfumeria,Cuidado Personal,choco biscuit bauducco x 80 gm blanco,7891962079585,3016.0,"$3.016,0",20260911
Perfumeria,Cuidado Personal,choco biscuit bauducco x 80 gr amargo,7891962056678,3016.0,"$3.016,0",20260911
Perfumeria,Cuidado Personal,combo nescafe cappuchinomocha mas vaso reutilizable,8445292323987,14199.0,"$14.199,0",20260911
Perfumeria,Cuidado Personal,combo nescafe dolca x 170 gr. + coffee mate x 170.,8445291904392,17394.0,"$17.394,0",20260911
Perfumeria,Cuidado Personal,cookies bauducco original x 60 gr.,7891962071152,1035.0,"$1.035,0",20260911
Perfumeria,Cuidado Personal,cookies bauducco x60gr.choc.,7891962071169,1035.0,"$1.035,0",20260911
Perfumeria,Cuidado Personal,copos de maiz azucarados skarchitos granix x 240 g,7790045001607,2131.0,"$2.131,0",20260911
Perfumeria,Cuidado Personal,copos de maiz azucarados zucaritas x 240 gr.,7896004004921,3485.0,"$3.485,0",20260911
Perfumeria,Cuidado Personal,copos de maiz granix x160gr.,7790045001584,1510.0,"$1.510,0",20260911
Perfumeria,Cuidado Personal,copos de maiz tradicionales granix x 400 gr.,7790045001591,2998.0,"$2.998,0",20260911
Perfumeria,Cuidado Personal,crema de mani bon o bon x 290 gr.,7790580134327,6582.0,"$6.582,0",20260911
Perfumeria,Cuidado Personal,cubanitos whisper x 200 gr,7798018100050,2780.0,"$2.780,0",20260911
Perfumeria,Cuidado Personal,dce.batata arcor choc.x500gr.,7790580504809,2295.0,"$2.295,0",20260911
Perfumeria,Cuidado Personal,dce.batata arcor choc.xkg.lata,2013190000000,4416.0,"$4.416,0",20260911
Perfumeria,Cuidado Personal,dce.batata arcor vain.xkg.caj,2013210000003,4080.0,"$4.080,0",20260911
Perfumeria,Cuidado Personal,dce.batata l.camp.vainx500gr.e,7793360126970,2779.0,"$2.779,0",20260911
Perfumeria,Cuidado Personal,dce.membrillo l.camp.x700gr.la,7793360126987,6809.0,"$6.809,0",20260911
Perfumeria,Cuidado Personal,donuts bonafide chocolate blanco x 78 gr.,7792360096825,2724.0,"$2.724,0",20260911
Perfumeria,Cuidado Personal,ducle de leche rosquinense x 400 gm repostero,7790289001715,3057.0,"$3.057,0",20260911
Perfumeria,Cuidado Personal,dulce de batanta esnaola x 500 gr.,7791451071000,2915.0,"$2.915,0",20260911
Perfumeria,Cuidado Personal,dulce de batata a la vanilla dulcor x 500 gr.,7793046001416,2481.0,"$2.481,0",20260911
Perfumeria,Cuidado Personal,dulce de batata arcor en lata x kg.,2013220000000,5206.0,"$5.206,0",20260911
Perfumeria,Cuidado Personal,dulce de batata arcor x 500 gr.estuche,7790580504410,2295.0,"$2.295,0",20260911
Perfumeria,Cuidado Personal,dulce de batata con cerezas x kilo dulcor,2016290000000,8120.0,"$8.120,0",20260911
Perfumeria,Cuidado Personal,dulce de batata con chocolate en caja arcor . x kg.,2012080000007,4080.0,"$4.080,0",20260911
Perfumeria,Cuidado Personal,dulce de batata cormilot x 430 gm,7793046001256,2583.0,"$2.583,0",20260911
Perfumeria,Cuidado Personal,dulce de batata dulcor con chocolate x kg.,2016310000003,4414.0,"$4.414,0",20260911
Perfumeria,Cuidado Personal,dulce de batata dulcor lata x kg.,2016340000004,5891.0,"$5.891,0",20260911
Perfumeria,Cuidado Personal,dulce de batata dulcor x 500 gr. vanilla y chocole,7793046002215,2484.0,"$2.484,0",20260911
Perfumeria,Cuidado Personal,dulce de batata en caja dulcor x kg.,2016330000007,4347.0,"$4.347,0",20260911
Perfumeria,Cuidado Personal,dulce de batata la campagnola x 700 gr.,7793360126994,5504.0,"$5.504,0",20260911
Perfumeria,Cuidado Personal,dulce de leche esnaola x 450 gr envase de vidrio,7791451811309,5656.0,"$5.656,0",20260911
Perfumeria,Cuidado Personal,dulce de leche ilolay clasico pote x 1 kg.,7790787150632,9074.0,"$9.074,0",20260911
Perfumeria,Cuidado Personal,dulce de leche ilolay repostero x 1 kg.,7790787000654,9439.0,"$9.439,0",20260911
Perfumeria,Cuidado Personal,dulce de leche ilolay repostero x 400 gr.,7790787153671,4295.0,"$4.295,0",20260911
Perfumeria,Cuidado Personal,dulce de leche ilolay x 200 gr.,7790787153657,2147.0,"$2.147,0",20260911
Perfumeria,Cuidado Personal,dulce de leche ilolay x 400 gr.,7790787153664,3607.0,"$3.607,0",20260911
Perfumeria,Cuidado Personal,dulce de leche la paulina repostero x 1 kg.,7790398000326,9405.0,"$9.405,0",20260911
Perfumeria,Cuidado Personal,dulce de leche la paulina repostero x 400 gr.,7794990866977,3858.0,"$3.858,0",20260911
Perfumeria,Cuidado Personal,dulce de leche la paulina x 1 kg.,7790398100026,8511.0,"$8.511,0",20260911
Perfumeria,Cuidado Personal,dulce de leche la paulina x 200 gr.,7794990184897,2265.0,"$2.265,0",20260911
Perfumeria,Cuidado Personal,dulce de leche la paulina x 400 gr.,7794990878581,3461.0,"$3.461,0",20260911
Perfumeria,Cuidado Personal,dulce de leche la serenesima clasico x 1 kg.,7790742104304,10522.0,"$10.522,0",20260911
Perfumeria,Cuidado Personal,dulce de leche la serenisima clasico x 250 gr.,7790742104809,3022.0,"$3.022,0",20260911
Perfumeria,Cuidado Personal,dulce de leche la serenisima clasico x 400 gr.,7790742625304,3996.0,"$3.996,0",20260911
Perfumeria,Cuidado Personal,dulce de leche la serenisima colonial x 1 kg.,7790742625403,11082.0,"$11.082,0",20260911
Perfumeria,Cuidado Personal,dulce de leche la serenisima colonial x 250 gr.,7790742625106,3138.0,"$3.138,0",20260911
Perfumeria,Cuidado Personal,dulce de leche la serenisima colonial x 400gr.,7790742625205,4439.0,"$4.439,0",20260911
Perfumeria,Cuidado Personal,dulce de leche la serenisima repostero x 400 gr.,7790742067005,4686.0,"$4.686,0",20260911
Perfumeria,Cuidado Personal,dulce de leche la serenisima x 250 gm zero lactosa,7790742624109,3295.0,"$3.295,0",20260911
Perfumeria,Cuidado Personal,dulce de leche milkaut de campo x 395 gr.,7794820902950,3505.0,"$3.505,0",20260911
Perfumeria,Cuidado Personal,dulce de leche milkaut repostero x 1 kg.,7794820001547,9962.0,"$9.962,0",20260911
Perfumeria,Cuidado Personal,dulce de leche milkaut x 1 kg.,7794820000885,9366.0,"$9.366,0",20260911
Perfumeria,Cuidado Personal,dulce de leche milkaut x 245 gr.,7794820902028,2772.0,"$2.772,0",20260911
Perfumeria,Cuidado Personal,dulce de leche milkaut x 400 gr repostero,7794820902943,4316.0,"$4.316,0",20260911
Perfumeria,Cuidado Personal,dulce de leche milkaut x 400 gr.,7794820902936,4016.0,"$4.016,0",20260911
Perfumeria,Cuidado Personal,dulce de leche poncho negro frasco x 450 gr.,7793360004759,6347.0,"$6.347,0",20260911
Perfumeria,Cuidado Personal,dulce de leche rosquinense x 1 kg.,7790289000169,6614.0,"$6.614,0",20260911
Perfumeria,Cuidado Personal,dulce de leche rosquinense x 200 gr.,7790289000145,1548.0,"$1.548,0",20260911
Perfumeria,Cuidado Personal,dulce de leche rosquinense x 450 gm vidrio,7790289000190,6271.0,"$6.271,0",20260911
Perfumeria,Cuidado Personal,dulce de leche rosquiniense x 400 gr.,7790289001654,2920.0,"$2.920,0",20260911
Perfumeria,Cuidado Personal,dulce de leche ser x 400 gm,7790742387806,4476.0,"$4.476,0",20260911
Perfumeria,Cuidado Personal,dulce de leche tonadita x 250 gr.,7798060853317,1943.8,"$1.943,8",20260911
Perfumeria,Cuidado Personal,dulce de leche tonadita x 400 gr.,7798060853324,2820.0,"$2.820,0",20260911
Perfumeria,Cuidado Personal,dulce de leche tregar x 200 gr.,7793913001945,2270.0,"$2.270,0",20260911
Perfumeria,Cuidado Personal,dulce de leche tregar x 400 gr.,7793913000931,3551.0,"$3.551,0",20260911
Perfumeria,Cuidado Personal,dulce de leche tremblay x 400 gr.,7798151770073,2899.0,"$2.899,0",20260911
Perfumeria,Cuidado Personal,dulce de membrillo arcor x 500 gr estuche,7790580504601,2674.0,"$2.674,0",20260911
Perfumeria,Cuidado Personal,dulce de membrillo cormillot sin azucar x 430 gr.,7793046004240,4565.0,"$4.565,0",20260911
Perfumeria,Cuidado Personal,dulce de membrillo cormillot x 430 gr.,7793046004257,3514.0,"$3.514,0",20260911
Perfumeria,Cuidado Personal,dulce de membrillo dulcor lata x kg.,2016360000008,8106.0,"$8.106,0",20260911
Perfumeria,Cuidado Personal,dulce de membrillo dulcor sachet x 500 gr.,7793046004141,3467.0,"$3.467,0",20260911
Perfumeria,Cuidado Personal,dulce de membrillo en caja dulcor x kg.,2016350000001,6084.0,"$6.084,0",20260911
Perfumeria,Cuidado Personal,dulce de membrillo en cajon arcor x kilo. x kg.,2013230000007,5160.0,"$5.160,0",20260911
Perfumeria,Cuidado Personal,dulce de membrillo en lata arcor x kg.,2013260000008,6361.0,"$6.361,0",20260911
Perfumeria,Cuidado Personal,dulce de membrillo en lata la campagnola x kg.,2027680000005,7700.0,"$7.700,0",20260911
Perfumeria,Cuidado Personal,dulce de membrillo esnaola x 500 gm,7791451080040,3996.0,"$3.996,0",20260911
Perfumeria,Cuidado Personal,dulce de membrillo la campagnola x 500 gr.,7793360126963,3236.0,"$3.236,0",20260911
Perfumeria,Cuidado Personal,fibra total cpasas x200gr.,7790045001034,2432.0,"$2.432,0",20260911
Perfumeria,Cuidado Personal,fibra total granix x 250 gr 4 fibras,7790045823094,2760.0,"$2.760,0",20260911
Perfumeria,Cuidado Personal,filtros de papel para cafe la virginia x 40 unidas,7790150811061,4561.0,"$4.561,0",20260911
Perfumeria,Cuidado Personal,filtros pcafe melitta n4 x30,7891021002592,5080.0,"$5.080,0",20260911
Perfumeria,Cuidado Personal,gall. rocklet x118gr,7790040110748,1814.0,"$1.814,0",20260911
Perfumeria,Cuidado Personal,gall.anillos surtido terrab170,7622201808884,1995.0,"$1.995,0",20260911
Perfumeria,Cuidado Personal,gall.boca de dama x170gr.,7622201808860,1545.0,"$1.545,0",20260911
Perfumeria,Cuidado Personal,gall.cereal mix x207gr.avepa,7790040135741,2221.0,"$2.221,0",20260911
Perfumeria,Cuidado Personal,gall.cerealitas x170gr.avecac,7622202241505,2361.0,"$2.361,0",20260911
Perfumeria,Cuidado Personal,gall.cerealitas x212gr.clasica,7622201736033,2312.0,"$2.312,0",20260911
Perfumeria,Cuidado Personal,gall.cerealitas x636gr.clasica,7622201745905,6254.0,"$6.254,0",20260911
Perfumeria,Cuidado Personal,gall.chocolinas x250gr.,7790040143234,2462.0,"$2.462,0",20260911
Perfumeria,Cuidado Personal,gall.club social x141gr.jamon,7622210691835,3369.0,"$3.369,0",20260911
Perfumeria,Cuidado Personal,gall.cofler block x124gr.,7790040116955,1814.0,"$1.814,0",20260911
Perfumeria,Cuidado Personal,gall.coquitas x177gr,7790040143258,1857.0,"$1.857,0",20260911
Perfumeria,Cuidado Personal,gall.coquitas x260gr.,7790040143265,2462.0,"$2.462,0",20260911
Perfumeria,Cuidado Personal,gall.criollitas mas gdes.x169,7790040946101,1111.0,"$1.111,0",20260911
Perfumeria,Cuidado Personal,gall.criollitas orig.3x100gr.,7790040377806,1880.0,"$1.880,0",20260911
Perfumeria,Cuidado Personal,gall.criollitas sin sal x169gr,7790040946309,925.0,"$925,0",20260911
Perfumeria,Cuidado Personal,gall.fiesta surtido x350gr.,7790045824886,2504.0,"$2.504,0",20260911
Perfumeria,Cuidado Personal,gall.frutigran av.y pasas x250,7790045001188,2366.0,"$2.366,0",20260911
Perfumeria,Cuidado Personal,gall.frutigran av.y pasas x500,7790045001218,4462.0,"$4.462,0",20260911
Perfumeria,Cuidado Personal,gall.frutigran avena-f.rojx250,7790045825791,2884.0,"$2.884,0",20260911
Perfumeria,Cuidado Personal,gall.frutigran cchia-lino240,7790045825395,2366.0,"$2.366,0",20260911
Perfumeria,Cuidado Personal,gall.frutigran cses-ama-gi260,7790045825401,2366.0,"$2.366,0",20260911
Perfumeria,Cuidado Personal,gall.frutigran salv.dce.x500gr,7790045001201,4309.0,"$4.309,0",20260911
Perfumeria,Cuidado Personal,gall.frutigran tropical x250gr,7790045823452,2884.0,"$2.884,0",20260911
Perfumeria,Cuidado Personal,gall.granix salvado x720gr.,7790045826231,5598.0,"$5.598,0",20260911
Perfumeria,Cuidado Personal,gall.granix sandwich 3en1 x600,7790045001379,4286.0,"$4.286,0",20260911
Perfumeria,Cuidado Personal,gall.granix sandwich x200gr.,7790045001133,1472.0,"$1.472,0",20260911
Perfumeria,Cuidado Personal,gall.granix sesamo ssal x175g,7790045826309,1495.0,"$1.495,0",20260911
Perfumeria,Cuidado Personal,gall.granovita x140gr.limon,7790045000846,1567.0,"$1.567,0",20260911
Perfumeria,Cuidado Personal,gall.granovita x140gr.vainilla,7790045000853,1567.0,"$1.567,0",20260911
Perfumeria,Cuidado Personal,gall.hogarena mix cereal 3x185,7790040136106,4100.0,"$4.100,0",20260911
Perfumeria,Cuidado Personal,gall.hogarena mix de cereal185,7790040136090,1537.0,"$1.537,0",20260911
Perfumeria,Cuidado Personal,gall.hogarenas salvado x200gr,7790040132962,1538.0,"$1.538,0",20260911
Perfumeria,Cuidado Personal,gall.lincoln x153gr.,7622201386719,1964.0,"$1.964,0",20260911
Perfumeria,Cuidado Personal,gall.lincoln x153gr.coco,7622300742713,1964.0,"$1.964,0",20260911
Perfumeria,Cuidado Personal,gall.lincoln x219gr.clasica,7622201735319,2680.0,"$2.680,0",20260911
Perfumeria,Cuidado Personal,gall.mana 3x136gr.vainilla,7790040137844,3196.0,"$3.196,0",20260911
Perfumeria,Cuidado Personal,gall.mana x136gr.vainilla,7790040137837,1209.0,"$1.209,0",20260911
Perfumeria,Cuidado Personal,gall.media tarde sand.x321gr.,7790040143005,2159.0,"$2.159,0",20260911
Perfumeria,Cuidado Personal,gall.media tarde sand.x535gr.,7790040143012,3456.0,"$3.456,0",20260911
Perfumeria,Cuidado Personal,gall.melba x120gr.angry birds,7622300829728,1544.0,"$1.544,0",20260911
Perfumeria,Cuidado Personal,gall.melitas x159gr.,7790040139770,1296.0,"$1.296,0",20260911
Perfumeria,Cuidado Personal,gall.merengadas x88gr.frutila,7790040139657,1555.0,"$1.555,0",20260911
Perfumeria,Cuidado Personal,gall.mini oreo x150gr.,7622202219337,3079.0,"$3.079,0",20260911
Perfumeria,Cuidado Personal,gall.mini oreo x50gr.,7622201761288,1131.0,"$1.131,0",20260911
Perfumeria,Cuidado Personal,gall.mini pepitos x50gr.,7622201740399,1131.0,"$1.131,0",20260911
Perfumeria,Cuidado Personal,gall.opera x92gr.,77903518,1209.0,"$1.209,0",20260911
Perfumeria,Cuidado Personal,gall.oreo x118gr.,7622202830020,2430.0,"$2.430,0",20260911
Perfumeria,Cuidado Personal,gall.pepitos x119gr.regular,7622201735906,2282.0,"$2.282,0",20260911
Perfumeria,Cuidado Personal,gall.pepitos x357gr.clasica,7622201735883,6177.0,"$6.177,0",20260911
Perfumeria,Cuidado Personal,gall.polvorita x81gr.chocvain,7790040139183,824.0,"$824,0",20260911
Perfumeria,Cuidado Personal,gall.polvorita x81gr.vainvain,7790040139169,824.0,"$824,0",20260911
Perfumeria,Cuidado Personal,gall.portenitas x139gr.,7790040132689,1296.0,"$1.296,0",20260911
Perfumeria,Cuidado Personal,gall.rumba 3x110gr.,7790040143524,4198.0,"$4.198,0",20260911
Perfumeria,Cuidado Personal,gall.rumba x110gr.,7790040143517,1555.0,"$1.555,0",20260911
Perfumeria,Cuidado Personal,gall.toddy x126gr.chispas choc,7790380023432,2721.0,"$2.721,0",20260911
Perfumeria,Cuidado Personal,gall.traviatas 3x118gr.,7790040144088,2050.0,"$2.050,0",20260911
Perfumeria,Cuidado Personal,gall.traviatas x540gr.,7790040144095,3135.0,"$3.135,0",20260911
Perfumeria,Cuidado Personal,gall.variedad x300gr.chocolate,7622202839986,3396.0,"$3.396,0",20260911
Perfumeria,Cuidado Personal,gall.variedad x300gr.dorada,7622202839993,3396.0,"$3.396,0",20260911
Perfumeria,Cuidado Personal,gall.variedad x390gr.mix,7622202839962,3979.0,"$3.979,0",20260911
Perfumeria,Cuidado Personal,gall.vocacion clasica x141gr.,7790040146389,1134.0,"$1.134,0",20260911
Perfumeria,Cuidado Personal,gall.vocacion fort.acaram.x145,7790040133211,1134.0,"$1.134,0",20260911
Perfumeria,Cuidado Personal,galletitas amor 3 x 110 gr. cu,7790040143500,4198.0,"$4.198,0",20260911
Perfumeria,Cuidado Personal,galletitas anillos clasicos x 300 gr.,7622201504007,3519.0,"$3.519,0",20260911
Perfumeria,Cuidado Personal,galletitas bagley salvado pack 3 unid x 169 gr.,7790040136243,4100.0,"$4.100,0",20260911
Perfumeria,Cuidado Personal,galletitas cachafaz x 250 gr. algarroba,7798128000684,3101.0,"$3.101,0",20260911
Perfumeria,Cuidado Personal,galletitas cachafaz x 250 gr. avena chips chocol,7798128000691,3901.0,"$3.901,0",20260911
Perfumeria,Cuidado Personal,galletitas cachafaz x 250 gr. avena y pasas,7798128000677,3101.0,"$3.101,0",20260911
Perfumeria,Cuidado Personal,galletitas cachafaz x 250 gr. granola,7798128000707,3701.0,"$3.701,0",20260911
Perfumeria,Cuidado Personal,galletitas cereal mix x 207 gm frutilla y chia,7790040135765,2221.0,"$2.221,0",20260911
Perfumeria,Cuidado Personal,galletitas cereales bagley con salvado x 169 gr.,7790040136250,1537.0,"$1.537,0",20260911
Perfumeria,Cuidado Personal,galletitas cerealitas salvado x 208 gr.,7622201745981,2386.0,"$2.386,0",20260911
Perfumeria,Cuidado Personal,galletitas cerealitas salvado x 624 gr.,7622201746032,6478.0,"$6.478,0",20260911
Perfumeria,Cuidado Personal,galletitas chocobrownie x 80 gr,7891962077802,4366.0,"$4.366,0",20260911
Perfumeria,Cuidado Personal,galletitas chocolinas blanco x 170 gr.,7790040148857,1857.0,"$1.857,0",20260911
Perfumeria,Cuidado Personal,galletitas chocolinas blanco x 245 gr.,7790040142985,2462.0,"$2.462,0",20260911
Perfumeria,Cuidado Personal,galletitas chocolinas negro x 258 gr.,7790040142992,2462.0,"$2.462,0",20260911
Perfumeria,Cuidado Personal,galletitas chocolinas x 100 gm,7790040143241,1123.0,"$1.123,0",20260911
Perfumeria,Cuidado Personal,galletitas chocolinas x 181 gr negro,7790040148864,1857.0,"$1.857,0",20260911
Perfumeria,Cuidado Personal,galletitas chocolinas x 77 gr rellenas,7790040154445,1555.0,"$1.555,0",20260911
Perfumeria,Cuidado Personal,galletitas club social x 144 gm original,7622202293733,3501.0,"$3.501,0",20260911
Perfumeria,Cuidado Personal,galletitas cofler choco-cookies banadas x 132 gr.,7790040143692,3196.0,"$3.196,0",20260911
Perfumeria,Cuidado Personal,galletitas cofler choco-cookies bon o bon x 105.6,7790040143739,3196.0,"$3.196,0",20260911
Perfumeria,Cuidado Personal,galletitas cofler choco-cookies chocolate x 105 g.,7790040143753,3196.0,"$3.196,0",20260911
Perfumeria,Cuidado Personal,galletitas cofler choco-creamy x 85 gr.,7790040143777,1209.0,"$1.209,0",20260911
Perfumeria,Cuidado Personal,galletitas cofler cookies x 120 gr.,7790040127944,1814.0,"$1.814,0",20260911
Perfumeria,Cuidado Personal,galletitas cofler rellenas de chocolate x 85 gr.,7790040143784,1209.0,"$1.209,0",20260911
Perfumeria,Cuidado Personal,galletitas criollitas original x 100 gr.,7790040377707,683.0,"$683,0",20260911
Perfumeria,Cuidado Personal,galletitas don satur x 300 gm pepas,7795735600924,1754.0,"$1.754,0",20260911
Perfumeria,Cuidado Personal,galletitas donuts x 78 gm leche,7792360096818,2725.0,"$2.725,0",20260911
Perfumeria,Cuidado Personal,galletitas dulces con salvado frutigran x 250 gr.,7790045001195,2237.0,"$2.237,0",20260911
Perfumeria,Cuidado Personal,galletitas frutigran cchips chocolate x 255 gr.,7790045824893,2926.0,"$2.926,0",20260911
Perfumeria,Cuidado Personal,galletitas granix cereal x 175 gr,7790045827535,1495.0,"$1.495,0",20260911
Perfumeria,Cuidado Personal,galletitas granix lino x 175 gr.,7790045827542,1429.0,"$1.429,0",20260911
Perfumeria,Cuidado Personal,galletitas granix salvado sin sal x 230 gm,7790045826095,1712.0,"$1.712,0",20260911
Perfumeria,Cuidado Personal,galletitas granix salvado sin sal x 690 gr.,7790045826101,4957.0,"$4.957,0",20260911
Perfumeria,Cuidado Personal,galletitas granix salvado x 135 gr.,7790045823209,1226.0,"$1.226,0",20260911
Perfumeria,Cuidado Personal,galletitas granix semoladas x 420 gr.,7790045827047,3725.0,"$3.725,0",20260911
Perfumeria,Cuidado Personal,galletitas granix sesamo x 175 gr.,7790045827559,1494.0,"$1.494,0",20260911
Perfumeria,Cuidado Personal,galletitas granix sin sal x 140 gr.,7790045000907,1137.0,"$1.137,0",20260911
Perfumeria,Cuidado Personal,galletitas granix sin sal x 600 gm,7790045827740,4599.0,"$4.599,0",20260911
Perfumeria,Cuidado Personal,galletitas granix x 240 gr. salvado,7790045826200,1902.0,"$1.902,0",20260911
Perfumeria,Cuidado Personal,galletitas granolitas granix x 150 gr avena-pasas,7790045827580,2053.0,"$2.053,0",20260911
Perfumeria,Cuidado Personal,galletitas granolitas x 150 gm chocolate y naranja,7790045827610,2053.0,"$2.053,0",20260911
Perfumeria,Cuidado Personal,galletitas granovita x 140 gr. coco,7790045000860,1567.0,"$1.567,0",20260911
Perfumeria,Cuidado Personal,galletitas granovita x142gr. algarroba,7790045000877,1567.0,"$1.567,0",20260911
Perfumeria,Cuidado Personal,galletitas grasnix sin sal x 200 gm,7790045827733,1603.0,"$1.603,0",20260911
Perfumeria,Cuidado Personal,galletitas hogarenas 7 semillas pack 3 unid x 189.,7790040136076,4100.0,"$4.100,0",20260911
Perfumeria,Cuidado Personal,galletitas hogarenas 7 semillas x 189 gr.,7790040136069,1537.0,"$1.537,0",20260911
Perfumeria,Cuidado Personal,galletitas la cumbre cookies con chips x 150 gr.,645554001013,1429.0,"$1.429,0",20260911
Perfumeria,Cuidado Personal,galletitas la cumbre cookies-chips chocolate x 150,645554001020,1656.0,"$1.656,0",20260911
Perfumeria,Cuidado Personal,galletitas lincoln sabor chocolate x 153 gr.,7622300742676,1964.0,"$1.964,0",20260911
Perfumeria,Cuidado Personal,galletitas macucas x 110 gr.,7790040145337,1117.0,"$1.117,0",20260911
Perfumeria,Cuidado Personal,galletitas mana acarameladas x 145 gr,7790040151901,1209.0,"$1.209,0",20260911
Perfumeria,Cuidado Personal,galletitas mana rellenas chocolate x 152 gr,7790040133242,1555.0,"$1.555,0",20260911
Perfumeria,Cuidado Personal,galletitas mana rellenas x 152 gr. frutilla,7790040133266,1555.0,"$1.555,0",20260911
Perfumeria,Cuidado Personal,galletitas manon x 182 gr.,7622201385255,1665.0,"$1.665,0",20260911
Perfumeria,Cuidado Personal,galletitas media tarde x 3 unid.,7790040143586,1683.0,"$1.683,0",20260911
Perfumeria,Cuidado Personal,galletitas melba x 360 gr.,7794600004539,4161.0,"$4.161,0",20260911
Perfumeria,Cuidado Personal,galletitas mellizas 3 x 110 gr. cu,7790040143555,4198.0,"$4.198,0",20260911
Perfumeria,Cuidado Personal,galletitas merengadas x 264 gr.,7790040139091,4198.0,"$4.198,0",20260911
Perfumeria,Cuidado Personal,galletitas milka mousse x 124 gr vainilla,7622202210051,2656.0,"$2.656,0",20260911
Perfumeria,Cuidado Personal,galletitas oreo golden x 118 gr.,7622201806552,2430.0,"$2.430,0",20260911
Perfumeria,Cuidado Personal,galletitas oreo golden x 354 gr.,7622201806538,6551.0,"$6.551,0",20260911
Perfumeria,Cuidado Personal,galletitas oreo original x 354 gr.,7622201759636,6551.0,"$6.551,0",20260911
Perfumeria,Cuidado Personal,galletitas oreo x 118 gr sabor frutilla,7622202049057,2430.0,"$2.430,0",20260911
Perfumeria,Cuidado Personal,galletitas organicas cachafaz x 170 gr. avena y mi,7798128002138,2600.0,"$2.600,0",20260911
Perfumeria,Cuidado Personal,galletitas organicas cachafaz x 170 gr. cacao y mi,7798128002145,2600.0,"$2.600,0",20260911
Perfumeria,Cuidado Personal,galletitas portenitas x 3 x 169 gr,7790040151192,3541.0,"$3.541,0",20260911
Perfumeria,Cuidado Personal,galletitas rellenas x 108 gm chocolate bauducco,7891962072319,1392.0,"$1.392,0",20260911
Perfumeria,Cuidado Personal,galletitas rellenas x 108 gm sabor frutilla bauducco,7891962072326,1392.0,"$1.392,0",20260911
Perfumeria,Cuidado Personal,galletitas sonrisas 3 unid. x 108 gr.,7790040133471,4198.0,"$4.198,0",20260911
Perfumeria,Cuidado Personal,galletitas sonrisas x 108 gr. frambuesa,7790040133488,1555.0,"$1.555,0",20260911
Perfumeria,Cuidado Personal,galletitas surtidas diversion x 400 gr.,7790040143364,2807.0,"$2.807,0",20260911
Perfumeria,Cuidado Personal,galletitas surtidas variedad terrabusi x 590 gr.,7622202839979,5422.0,"$5.422,0",20260911
Perfumeria,Cuidado Personal,galletitas surtido bagley x 400 gr.,7790040147720,3455.0,"$3.455,0",20260911
Perfumeria,Cuidado Personal,galletitas terrabusi chips x 144 gr.,7622201385279,1995.0,"$1.995,0",20260911
Perfumeria,Cuidado Personal,galletitas terrabusi x 120 gm vainilla,7622202220555,1391.0,"$1.391,0",20260911
Perfumeria,Cuidado Personal,galletitas traviata 3 x 96 gm crak kesita,7790040150270,2563.0,"$2.563,0",20260911
Perfumeria,Cuidado Personal,galletitas traviata con toque de kesitas x 96 gr.,7790040143944,950.0,"$950,0",20260911
Perfumeria,Cuidado Personal,galletitas traviata con toque de rex x 96 gr.,7790040143937,950.0,"$950,0",20260911
Perfumeria,Cuidado Personal,galletitas traviatas 3 x 96 gm toque porteaita,7790040152946,2563.0,"$2.563,0",20260911
Perfumeria,Cuidado Personal,galletitas vocacion acarameladas x 435 gr.,7790040133228,2989.0,"$2.989,0",20260911
Perfumeria,Cuidado Personal,galletitias traviatas rex x 3 unidades x 96 gm,7790040143920,2563.0,"$2.563,0",20260911
Perfumeria,Cuidado Personal,gallettias cofler rellenas bon o bon x 85 gm,7790040143807,1209.0,"$1.209,0",20260911
Perfumeria,Cuidado Personal,gallettias oreo x 182.5,7622201735821,3561.0,"$3.561,0",20260911
Perfumeria,Cuidado Personal,granola flow c.x320g.5semillas,7790380019626,5470.0,"$5.470,0",20260911
Perfumeria,Cuidado Personal,granola flow c.x320g.cchocola,7790380019831,5470.0,"$5.470,0",20260911
Perfumeria,Cuidado Personal,granola go natural crunch x 290 gm,7790524324364,5065.0,"$5.065,0",20260911
Perfumeria,Cuidado Personal,granola granix pasas y almendras x 350 gr.,7790045827412,6559.0,"$6.559,0",20260911
Perfumeria,Cuidado Personal,granola granix x 350 gm coco y miel,7790045826637,4154.0,"$4.154,0",20260911
Perfumeria,Cuidado Personal,granola granix x 350 gr. frutos rojos,7790045827405,6559.0,"$6.559,0",20260911
Perfumeria,Cuidado Personal,granola zafran x 300 gm almendras y pasas,7798187761076,7274.3,"$7.274,3",20260911
Perfumeria,Cuidado Personal,granola zafran x 300 gm quinoa y nuez,7798187761090,7274.3,"$7.274,3",20260911
Perfumeria,Cuidado Personal,granola zafran x 300 gr frutos secos y miel,7798187761083,7274.3,"$7.274,3",20260911
Perfumeria,Cuidado Personal,granolitas granix x150g mzn-ca,7790045827641,2053.0,"$2.053,0",20260911
Perfumeria,Cuidado Personal,grisines bimbo x 75 gm cebolla,7840131004392,1268.0,"$1.268,0",20260911
Perfumeria,Cuidado Personal,grisines bimbo x 75 gm ciboulette,7840131004378,1268.0,"$1.268,0",20260911
Perfumeria,Cuidado Personal,grisines con salvado tipo italiano zigrinato x 18.,7791708001392,1779.0,"$1.779,0",20260911
Perfumeria,Cuidado Personal,grisines de salvado x kilo panaderos de la gallega,2012190000003,8300.0,"$8.300,0",20260911
Perfumeria,Cuidado Personal,grisines la gallega x kg.,2012220000003,7500.0,"$7.500,0",20260911
Perfumeria,Cuidado Personal,grisines riera clasicos x 160 gr.,7790071010123,1943.0,"$1.943,0",20260911
Perfumeria,Cuidado Personal,grisines riera x 160 gr. integral,7790071010215,1943.0,"$1.943,0",20260911
Perfumeria,Cuidado Personal,grisines sin sal riera x 160 gr.,7790071010314,1943.0,"$1.943,0",20260911
Perfumeria,Cuidado Personal,grisines veneziana trisalvado x 180 gr.,7791708002023,1779.0,"$1.779,0",20260911
Perfumeria,Cuidado Personal,grisines veneziana x 180 gr. multicereal,7791708611270,1779.0,"$1.779,0",20260911
Perfumeria,Cuidado Personal,grisines zigrinatos veneziana x 180 gr.,7791708001408,1779.0,"$1.779,0",20260911
Perfumeria,Cuidado Personal,grissines veneziana x 180 gr.,7791708001361,1779.0,"$1.779,0",20260911
Perfumeria,Cuidado Personal,higos en almibar orieta x 250 gm,7792260000595,9772.0,"$9.772,0",20260911
Perfumeria,Cuidado Personal,honey cacao peanut x290gr.st,7790158229745,5508.0,"$5.508,0",20260911
Perfumeria,Cuidado Personal,jarabe de glucosa y miel orieta x 250 ml,7792260640296,1423.0,"$1.423,0",20260911
Perfumeria,Cuidado Personal,jarabe de glucosa y miel orieta x 500 ml,7792260640302,2559.0,"$2.559,0",20260911
Perfumeria,Cuidado Personal,madalenas bimbo  x 234 gm chocolate con dulce de leche,7793890262001,3696.0,"$3.696,0",20260911
Perfumeria,Cuidado Personal,madalenas bimbo  x 240 gm vainilla,7793890261912,3696.0,"$3.696,0",20260911
Perfumeria,Cuidado Personal,madalenas bimbo x 234 gm dulce de leche,7793890261929,3695.9,"$3.695,9",20260911
Perfumeria,Cuidado Personal,madalenas bimbo x 240 gm sabor chocolate con chips de chocol,7793890261998,3696.0,"$3.696,0",20260911
Perfumeria,Cuidado Personal,madalenas don satur chocolate con dulce de leche x 220 gm,7795735601204,2655.0,"$2.655,0",20260911
Perfumeria,Cuidado Personal,madalenas dulce aventura x 200 gr. cchips de choc,816855020953,2440.0,"$2.440,0",20260911
Perfumeria,Cuidado Personal,madalenas dulce aventura x 200 gr. marmoladas,816855020977,2440.0,"$2.440,0",20260911
Perfumeria,Cuidado Personal,madalenas dulce aventura x 200 gr. vainilla,816855020946,2440.0,"$2.440,0",20260911
Perfumeria,Cuidado Personal,madalenas dulce aventura x 210 gr. con dulce de le,816855020960,2440.0,"$2.440,0",20260911
Perfumeria,Cuidado Personal,madalenas la cumbre con chips de chocolate x 200 .,816855021226,2611.0,"$2.611,0",20260911
Perfumeria,Cuidado Personal,madalenas la cumbre marmoladas,816855021233,2611.0,"$2.611,0",20260911
Perfumeria,Cuidado Personal,madalenas la cumbre x 200 gm vainilla,816855021196,2611.0,"$2.611,0",20260911
Perfumeria,Cuidado Personal,madalenas valente marmoladas x 200 gr.,7793890259117,3045.0,"$3.045,0",20260911
Perfumeria,Cuidado Personal,madalenas valente x 200 gr. chocolate con dulce de,7793890259124,3045.0,"$3.045,0",20260911
Perfumeria,Cuidado Personal,madalenas valente x 200 gr. dulce de leche,7793890259100,3045.0,"$3.045,0",20260911
Perfumeria,Cuidado Personal,madalenas valente x 200 gr. vainilla,7793890259094,3045.0,"$3.045,0",20260911
Perfumeria,Cuidado Personal,magdalena don satur marmoladas x 200 gm,7795735601181,2655.0,"$2.655,0",20260911
Perfumeria,Cuidado Personal,magdalena don satur x 200 gr con chips,7795735601198,2655.0,"$2.655,0",20260911
Perfumeria,Cuidado Personal,mantequilla  de mani croppers x 305 gr.,7790524324555,3980.0,"$3.980,0",20260911
Perfumeria,Cuidado Personal,mate coc.don basilio x25sq,758890928125,859.0,"$859,0",20260911
Perfumeria,Cuidado Personal,mate coc.l.tranquera x100saq.,7790480090020,5883.0,"$5.883,0",20260911
Perfumeria,Cuidado Personal,mate coc.l.tranquera x25s s.es,7790480090006,1597.0,"$1.597,0",20260911
Perfumeria,Cuidado Personal,mate coc.l.tranquera x50s s.es,7790480090013,3033.0,"$3.033,0",20260911
Perfumeria,Cuidado Personal,mate cocido  litoral x 50 unidades sin ensobrar,7790150260661,2807.0,"$2.807,0",20260911
Perfumeria,Cuidado Personal,mate cocido amanda x 25 saquitos,7792710006153,1130.0,"$1.130,0",20260911
Perfumeria,Cuidado Personal,mate cocido cbse fusion x 25 saquitos,7790710334733,1366.0,"$1.366,0",20260911
Perfumeria,Cuidado Personal,mate cocido cbse guarana y jengibre x 25 saquitos,7790710334740,1366.0,"$1.366,0",20260911
Perfumeria,Cuidado Personal,mate cocido litoral x 25 saquitos,7790150260821,1381.0,"$1.381,0",20260911
Perfumeria,Cuidado Personal,mate cocido litoral x 25 saquitos ensobrados,7790150260142,1757.0,"$1.757,0",20260911
Perfumeria,Cuidado Personal,mate cocido litroal x 50 unidades ensobrados,7790150260241,3513.0,"$3.513,0",20260911
Perfumeria,Cuidado Personal,mate cocido pajaro azul x 25 saquitos,7798028020287,1154.0,"$1.154,0",20260911
Perfumeria,Cuidado Personal,mate cocido rosamonte x 25 saquitos,7790411002092,1166.0,"$1.166,0",20260911
Perfumeria,Cuidado Personal,mate cocido rosamonte x 25 saquitos x 3 gramos,7790411000784,1666.0,"$1.666,0",20260911
Perfumeria,Cuidado Personal,mate cocido rosamonte x50saq.,7790411000791,2574.0,"$2.574,0",20260911
Perfumeria,Cuidado Personal,mate cocido taragui ni$os vainilla y miel x 20 saq,7790387011852,2621.0,"$2.621,0",20260911
Perfumeria,Cuidado Personal,mate cocido taragui x 100 saquitos,7790387800074,4623.0,"$4.623,0",20260911
Perfumeria,Cuidado Personal,mate cocido taragui x 25 saquitos,7790387800050,1318.0,"$1.318,0",20260911
Perfumeria,Cuidado Personal,mate cocido taragui x 40 saquitos,7790387010046,3826.0,"$3.826,0",20260911
Perfumeria,Cuidado Personal,mate cocido taragui x 50 saquitos,7790387800067,2372.0,"$2.372,0",20260911
Perfumeria,Cuidado Personal,mate cocido union x 100 saquitos,7790387800104,4623.0,"$4.623,0",20260911
Perfumeria,Cuidado Personal,mate cocido union x 25 saquitos,7790387010589,1318.0,"$1.318,0",20260911
Perfumeria,Cuidado Personal,mate cocido union x 50 saquitos,7790387800098,2372.0,"$2.372,0",20260911
Perfumeria,Cuidado Personal,merm.l.camp.x454gr.damasco+f,7793360131448,3845.0,"$3.845,0",20260911
Perfumeria,Cuidado Personal,mermelada arcor light x 390 gr ciruela,7790580132248,3485.0,"$3.485,0",20260911
Perfumeria,Cuidado Personal,mermelada arcor light x 390 gr damasco,7790580132231,3485.0,"$3.485,0",20260911
Perfumeria,Cuidado Personal,mermelada arcor light x 390 gr frutilla,7790580132255,4638.0,"$4.638,0",20260911
Perfumeria,Cuidado Personal,mermelada arcor sin azucar x 390 gr durazno,7790580121303,4722.0,"$4.722,0",20260911
Perfumeria,Cuidado Personal,mermelada arcor x 454 gr ciruela,7790580123437,3196.0,"$3.196,0",20260911
Perfumeria,Cuidado Personal,mermelada arcor x 454 gr durazno,7790580132163,3196.0,"$3.196,0",20260911
Perfumeria,Cuidado Personal,mermelada bc la campagnola x 390 gr frutos rojos,7790580148973,5369.0,"$5.369,0",20260911
Perfumeria,Cuidado Personal,mermelada cormillot light x 390 gr. arandanos,7793046007722,4077.0,"$4.077,0",20260911
Perfumeria,Cuidado Personal,mermelada cormillot light x 390 gr. durazno,7793046007715,3191.0,"$3.191,0",20260911
Perfumeria,Cuidado Personal,mermelada cormillot sin azucar x 390 gm sabor frutilla,7793046007296,5530.0,"$5.530,0",20260911
Perfumeria,Cuidado Personal,mermelada cormillot sin azucar x 390 gm sabor higo,7793046007340,4172.0,"$4.172,0",20260911
Perfumeria,Cuidado Personal,mermelada de ciruela cormillot light x 390 gr.,7793046007777,3191.0,"$3.191,0",20260911
Perfumeria,Cuidado Personal,mermelada de ciruela dulcor frasco x 454 gr.,7793046008477,2930.0,"$2.930,0",20260911
Perfumeria,Cuidado Personal,mermelada de ciruela dulcor x 500 gr.,7793046008071,2042.0,"$2.042,0",20260911
Perfumeria,Cuidado Personal,mermelada de ciruela noel light x 390 gr.,7795184006209,3406.0,"$3.406,0",20260911
Perfumeria,Cuidado Personal,mermelada de damasco cormillot light x 390 gr.,7793046007753,3191.0,"$3.191,0",20260911
Perfumeria,Cuidado Personal,mermelada de damasco dulcor x 454 gr.,7793046008453,2930.0,"$2.930,0",20260911
Perfumeria,Cuidado Personal,mermelada de damasco dulcor x 500 gr.,7793046008057,2043.0,"$2.043,0",20260911
Perfumeria,Cuidado Personal,mermelada de durazno arcor light x 390 gr.,7790580132224,3485.0,"$3.485,0",20260911
Perfumeria,Cuidado Personal,mermelada de durazno dulcor x 500 gr.,7793046008019,2041.0,"$2.041,0",20260911
Perfumeria,Cuidado Personal,mermelada de durazno la campagnola x 454 gr.,7793360131400,3845.0,"$3.845,0",20260911
Perfumeria,Cuidado Personal,mermelada de frambuesa cormillot sin azucar x 390.,7793046007364,6565.0,"$6.565,0",20260911
Perfumeria,Cuidado Personal,mermelada de frutilla arcor x 454 gr.,7790580132187,4228.0,"$4.228,0",20260911
Perfumeria,Cuidado Personal,mermelada de frutilla cormillot light x 390 gr.,7793046007791,4077.0,"$4.077,0",20260911
Perfumeria,Cuidado Personal,mermelada de frutilla dulcor light x 420 gr.,7793046008699,2922.0,"$2.922,0",20260911
Perfumeria,Cuidado Personal,mermelada de frutilla dulcor x 454 gr.,7793046008491,3749.0,"$3.749,0",20260911
Perfumeria,Cuidado Personal,mermelada de frutilla dulcor x 500 grs.,7793046008095,2539.0,"$2.539,0",20260911
Perfumeria,Cuidado Personal,mermelada de frutilla la campagnola x 454 gr.,7793360131417,4807.0,"$4.807,0",20260911
Perfumeria,Cuidado Personal,mermelada de higo dulcor x 454 gr.,7793046008446,3749.0,"$3.749,0",20260911
Perfumeria,Cuidado Personal,mermelada de naranja arcor sin azucar x 390 gr.,7790580126933,4722.0,"$4.722,0",20260911
Perfumeria,Cuidado Personal,mermelada de naranja arcor x 454 gr.,7790580132194,3196.0,"$3.196,0",20260911
Perfumeria,Cuidado Personal,mermelada de naranja cormillot light x 390 gr.,7793046007739,3191.0,"$3.191,0",20260911
Perfumeria,Cuidado Personal,mermelada de naranja dulcor x 454 gr.,7793046008439,2930.0,"$2.930,0",20260911
Perfumeria,Cuidado Personal,mermelada de naranja light arcor x 390 gr.,7790580132262,3485.0,"$3.485,0",20260911
Perfumeria,Cuidado Personal,mermelada de zapallo dulcor x 454 gr.,7793046008422,2930.0,"$2.930,0",20260911
Perfumeria,Cuidado Personal,mermelada dulcor diet x 420 gm durazno,7793046008613,2250.0,"$2.250,0",20260911
Perfumeria,Cuidado Personal,mermelada dulcor vidrio x 454 gm frutos rojos,7793046998464,4262.0,"$4.262,0",20260911
Perfumeria,Cuidado Personal,mermelada dulcor x 454 gr durazno,7793046008415,2930.0,"$2.930,0",20260911
Perfumeria,Cuidado Personal,mermelada la campagnola bc x 390 gr ciruela,7793360131547,3977.0,"$3.977,0",20260911
Perfumeria,Cuidado Personal,mermelada la campagnola bc x 390 gr durazno,7793360131516,3977.0,"$3.977,0",20260911
Perfumeria,Cuidado Personal,mermelada la campagnola bc x 390 gr durazno,7793360131523,3977.0,"$3.977,0",20260911
Perfumeria,Cuidado Personal,mermelada la campagnola bc x 390 gr frambuesa,7793360131592,5368.0,"$5.368,0",20260911
Perfumeria,Cuidado Personal,mermelada la campagnola bc x 390 gr membrillo,7793360131615,4968.0,"$4.968,0",20260911
Perfumeria,Cuidado Personal,mermelada la campagnola bc x 390 gr naranja,7793360131554,3977.0,"$3.977,0",20260911
Perfumeria,Cuidado Personal,mermelada la campagnola seleccion arandanos x 390 gm,7790580142025,7547.0,"$7.547,0",20260911
Perfumeria,Cuidado Personal,mermelada la campagnola seleccion x 390 gm sabor durazno,7793360129902,5588.0,"$5.588,0",20260911
Perfumeria,Cuidado Personal,mermelada la campagnola seleccion x 390 gm sabor frutilla,7793360129896,6967.0,"$6.967,0",20260911
Perfumeria,Cuidado Personal,mermelada la campagnola x 390 gr. frutos rojos,7793360129919,7547.0,"$7.547,0",20260911
Perfumeria,Cuidado Personal,mermelada la campagnola x 454 gm naranja,7793360131431,3845.0,"$3.845,0",20260911
Perfumeria,Cuidado Personal,mermelada la campagnola x 454 gr ciruela,7793360131424,3845.0,"$3.845,0",20260911
Perfumeria,Cuidado Personal,mermelada maseube extra fruta x 312 gr frutilla,7798136871641,8359.6,"$8.359,6",20260911
Perfumeria,Cuidado Personal,mermelada masseube extra fruta x 312 gr frambuesa,7798136871634,9411.1,"$9.411,1",20260911
Perfumeria,Cuidado Personal,mermelada masseube extra fruta x 312 gr frutos del bosque,7798136871665,8359.6,"$8.359,6",20260911
Perfumeria,Cuidado Personal,mermelada masseube extra fruta x 312 gr mosqueta,7798136871672,8359.6,"$8.359,6",20260911
Perfumeria,Cuidado Personal,mermelada masseube rosa mosqueta x 350 gm,7798136871306,7962.0,"$7.962,0",20260911
Perfumeria,Cuidado Personal,mermelada masseube x 260 gm frambuesa light,7798136871337,8460.0,"$8.460,0",20260911
Perfumeria,Cuidado Personal,mermelada masseube x 260 gm sabor arandanos light,7798136871320,7962.0,"$7.962,0",20260911
Perfumeria,Cuidado Personal,mermelada masseube x 280 gm arandanos y membrillo,7798136870910,7659.0,"$7.659,0",20260911
Perfumeria,Cuidado Personal,mermelada masseube x 280 gm frambuesa y tomate,7798136870934,7659.0,"$7.659,0",20260911
Perfumeria,Cuidado Personal,mermelada masseube x 280 gm manzana y canela,7798136870903,7659.0,"$7.659,0",20260911
Perfumeria,Cuidado Personal,mermelada masseube x 350 gm  sabor arandano,7798136871498,7962.0,"$7.962,0",20260911
Perfumeria,Cuidado Personal,mermelada masseube x 350 gm cereza negra,7798136871559,7962.0,"$7.962,0",20260911
Perfumeria,Cuidado Personal,mermelada masseube x 350 gm frutilla,7798136871481,7962.0,"$7.962,0",20260911
Perfumeria,Cuidado Personal,mermelada masseube x 350 gm frutos del bosque,7798136871276,7962.0,"$7.962,0",20260911
Perfumeria,Cuidado Personal,mermelada masseube x 350 gm sauco,7793482300173,7962.0,"$7.962,0",20260911
Perfumeria,Cuidado Personal,mermelada masseube x 350 gr frambuesa,7798136871467,8962.8,"$8.962,8",20260911
Perfumeria,Cuidado Personal,mermelada masseue x 350 gm zarzamora,7793482300180,7961.7,"$7.961,7",20260911
Perfumeria,Cuidado Personal,mermelada mausseube extra fruta x 312 gr arandanos,7798136871627,8359.6,"$8.359,6",20260911
Perfumeria,Cuidado Personal,mermelada noel bajas calorias x 390 gm sabor damasco,7795184006407,3406.0,"$3.406,0",20260911
Perfumeria,Cuidado Personal,mermelada noel bjas calorias x 390 gr ciruela,7795184006001,3406.0,"$3.406,0",20260911
Perfumeria,Cuidado Personal,mermelada patagonia tradicional x 320 gm arandanos,7793126002005,9172.0,"$9.172,0",20260911
Perfumeria,Cuidado Personal,mermelada patagonia tradicional x 320 gm frambuesa,7793126001992,11709.0,"$11.709,0",20260911
Perfumeria,Cuidado Personal,mermelada patagonia tradicional x 320 gm frutilla,7793126002012,9172.0,"$9.172,0",20260911
Perfumeria,Cuidado Personal,mermelada patagonia tradiiconal x 320 gm frutos del bosque,7793126002029,10148.0,"$10.148,0",20260911
Perfumeria,Cuidado Personal,mermelada sin azucar cormillot x 390 gm frutos rojos,7793046007333,5731.0,"$5.731,0",20260911
Perfumeria,Cuidado Personal,mermelada sin azucar cormillot x 390 gm sabor durazno,7793046007210,3983.0,"$3.983,0",20260911
Perfumeria,Cuidado Personal,miel  liquida aleluya x 190 gr.,7790158229578,4167.0,"$4.167,0",20260911
Perfumeria,Cuidado Personal,miel aleluya x 250 gr con limon- jengibre,7790158229448,5743.0,"$5.743,0",20260911
Perfumeria,Cuidado Personal,miel aleluya x 250 gr.,7790158229547,5343.0,"$5.343,0",20260911
Perfumeria,Cuidado Personal,miel aleluya x 250 gr. con limon,7790158229561,5743.0,"$5.743,0",20260911
Perfumeria,Cuidado Personal,miel aleluya x 500 gr.,7790158229486,8125.0,"$8.125,0",20260911
Perfumeria,Cuidado Personal,miel aleluya x 500 gr. cmielera,7790158229509,9040.0,"$9.040,0",20260911
Perfumeria,Cuidado Personal,miel aleluya x470gr.dos.stacc,7790158229516,8225.0,"$8.225,0",20260911
Perfumeria,Cuidado Personal,miel con jugo de naranja aleluya x 250 gr.,7790158229554,5743.0,"$5.743,0",20260911
Perfumeria,Cuidado Personal,miel entrenuts cremosa x 500 gr,656750783993,7531.0,"$7.531,0",20260911
Perfumeria,Cuidado Personal,miel entrenuts liquida x 500 gr.,736684208745,7531.0,"$7.531,0",20260911
Perfumeria,Cuidado Personal,miel flores liebig x 500 gm,7793704000836,7183.0,"$7.183,0",20260911
Perfumeria,Cuidado Personal,miel untable aleluya sin tacc x 500 gr.,7790158229493,8487.0,"$8.487,0",20260911
Perfumeria,Cuidado Personal,nescafe dolca doy pack x 160 gm original,8445292737906,13471.0,"$13.471,0",20260911
Perfumeria,Cuidado Personal,nescafe dolca tradicional x 170 gm mas taza roja,8445292133807,19289.0,"$19.289,0",20260911
Perfumeria,Cuidado Personal,nescafe dolca x 160 gm suave doy pack,8445292738187,13471.0,"$13.471,0",20260911
Perfumeria,Cuidado Personal,nescafe dolca x125g.dp latte,8445291749214,4685.0,"$4.685,0",20260911
Perfumeria,Cuidado Personal,nescafe dolce gusto capsulas ducle de leche x 10 unidades,7891000421512,14713.0,"$14.713,0",20260911
Perfumeria,Cuidado Personal,nescafe dolce gusto capsulas x 10 capuccino,7891000421093,14715.0,"$14.715,0",20260911
Perfumeria,Cuidado Personal,nescafe dolce gusto capsulas x 10 cortado,7891000421420,14713.0,"$14.713,0",20260911
Perfumeria,Cuidado Personal,nescafe dolce gusto capsulas x 10 espresso,7891000249833,14713.0,"$14.713,0",20260911
Perfumeria,Cuidado Personal,nescafe dolce gusto capsulas x 10 latte macchiato,7891000421451,14713.0,"$14.713,0",20260911
Perfumeria,Cuidado Personal,nescafe dolce gusto chococino x 10 capsulas,7891000446676,14713.0,"$14.713,0",20260911
Perfumeria,Cuidado Personal,nescafe dolce gusto frappe 10 capsulas x 135 gm total,7891000912645,14713.0,"$14.713,0",20260911
Perfumeria,Cuidado Personal,nescafe dolce gusto mocha x 10 capsulas,7891000421604,14712.9,"$14.712,9",20260911
Perfumeria,Cuidado Personal,nescafe dolce gusto x 10 caps cafe au lait vainila,7891000421482,14713.0,"$14.713,0",20260911
Perfumeria,Cuidado Personal,nescafe dolce gusto x 10 capsulas lungo,7891000421390,14713.0,"$14.713,0",20260911
Perfumeria,Cuidado Personal,nescafe gold x100gr.alta rica,7613036069724,21346.0,"$21.346,0",20260911
Perfumeria,Cuidado Personal,nescafe tradicion x 160 gm f puro,7891000449417,13785.0,"$13.785,0",20260911
Perfumeria,Cuidado Personal,oblea bauducco x 78 gm frutilla,7891962058405,994.0,"$994,0",20260911
Perfumeria,Cuidado Personal,oblea bauducco x 78 gr vainilla,7891962058412,994.0,"$994,0",20260911
Perfumeria,Cuidado Personal,oblea nutella b-ready x 22 gm,7898024397915,1615.0,"$1.615,0",20260911
Perfumeria,Cuidado Personal,oblea nutella b-ready x 6 unidades,8000500227848,9027.0,"$9.027,0",20260911
Perfumeria,Cuidado Personal,oblea yogubar gallo 6x20gr.,7790070431929,8363.0,"$8.363,0",20260911
Perfumeria,Cuidado Personal,obleas bauducco x 78 gm chocolate,7891962058399,994.0,"$994,0",20260911
Perfumeria,Cuidado Personal,obleas opera x 220 gr.,7790040008175,2647.0,"$2.647,0",20260911
Perfumeria,Cuidado Personal,obleas opera x 55 grs.,77903501,864.0,"$864,0",20260911
Perfumeria,Cuidado Personal,palmeritas deubel manteca x 200 gr.,7791696008014,5626.0,"$5.626,0",20260911
Perfumeria,Cuidado Personal,palmeritas whisper,7798018100012,2538.0,"$2.538,0",20260911
Perfumeria,Cuidado Personal,pasat sin azucar,7790524324548,3859.0,"$3.859,0",20260911
Perfumeria,Cuidado Personal,pasta de avellanas y cacao nutella x 350 gr.,7898024394181,10452.0,"$10.452,0",20260911
Perfumeria,Cuidado Personal,pasta de avellanas y cacao x 650 gm nutella,7898024396529,16526.0,"$16.526,0",20260911
Perfumeria,Cuidado Personal,pasta de avellanas y chocolate aguila nut x 290 g.,7790580134341,6582.0,"$6.582,0",20260911
Perfumeria,Cuidado Personal,pasta de avellanas y cqcao  nutella x 140 gr.,7898024395232,4737.0,"$4.737,0",20260911
Perfumeria,Cuidado Personal,pasta de mani dulcor x 350 gm clasica,7793046998549,3305.0,"$3.305,0",20260911
Perfumeria,Cuidado Personal,pasta de mani entrenuts con cacao x 370 gr.,736684208714,3907.0,"$3.907,0",20260911
Perfumeria,Cuidado Personal,pasta de mani entrenuts natural x 370 gr.,736684208707,3907.0,"$3.907,0",20260911
Perfumeria,Cuidado Personal,pasta de mani entrenuts protein x 370 gm galted caramel,7798446310083,5595.0,"$5.595,0",20260911
Perfumeria,Cuidado Personal,pasta de mani entrenuts x 370 gm cookies and cream,7798446310090,5595.0,"$5.595,0",20260911
Perfumeria,Cuidado Personal,pasta de mani entrenuts x 370 gm sal marina,7798446310113,3906.9,"$3.906,9",20260911
Perfumeria,Cuidado Personal,pasta de mani entrenuts x 370 gm stevia,656750783924,3907.0,"$3.907,0",20260911
Perfumeria,Cuidado Personal,pasta de mani entrenuts x 370 gr crocante,736684208738,3907.0,"$3.907,0",20260911
Perfumeria,Cuidado Personal,pasta de mani la egipciana x 410 gr.,7790681002167,6959.0,"$6.959,0",20260911
Perfumeria,Cuidado Personal,pasta de miel y cacao aleluya x 290 gm,7790158229738,8721.0,"$8.721,0",20260911
Perfumeria,Cuidado Personal,pasta untable gianduia x 200 gr pistachetta,7798479890019,15681.6,"$15.681,6",20260911
Perfumeria,Cuidado Personal,pochoclos bamboo organicos x 80 gr sweet y salty,7798378750032,3907.0,"$3.907,0",20260911
Perfumeria,Cuidado Personal,pochoclos bamboo organicos x 80 gr swet,7798378750018,3907.0,"$3.907,0",20260911
Perfumeria,Cuidado Personal,pochoclos bambooo organicos x 80 gr salty,7798378750025,3907.0,"$3.907,0",20260911
Perfumeria,Cuidado Personal,postre con chocolate x kilo,2011200000002,13610.0,"$13.610,0",20260911
Perfumeria,Cuidado Personal,relleno unt.aguila 3en1 x290gr,7790580134334,6582.0,"$6.582,0",20260911
Perfumeria,Cuidado Personal,relleno untable cofler block x 290 gr.,7790580133344,6582.0,"$6.582,0",20260911
Perfumeria,Cuidado Personal,salsa barbacoa con miel aleluya x 355 gr spicy,7790158229714,5428.0,"$5.428,0",20260911
Perfumeria,Cuidado Personal,skarchitos granix x240gr.miel,7790045823315,2251.0,"$2.251,0",20260911
Perfumeria,Cuidado Personal,skarchitos granix x500gr.,7790045000624,4248.0,"$4.248,0",20260911
Perfumeria,Cuidado Personal,starbucks caramel capsulas x 10 unidades,8445290154125,15499.0,"$15.499,0",20260911
Perfumeria,Cuidado Personal,starbucks caramel macciato x 6 capsulas,8445291061361,15613.0,"$15.613,0",20260911
Perfumeria,Cuidado Personal,starbucks esprs.rst.srp x10u,7613037048063,15500.0,"$15.500,0",20260911
Perfumeria,Cuidado Personal,ta la virginia x 25 saquitos inspirar,7790150370100,2226.0,"$2.226,0",20260911
Perfumeria,Cuidado Personal,ta la virginia x 25 unidades relajar,7790150370209,2226.0,"$2.226,0",20260911
Perfumeria,Cuidado Personal,talitas don satur mix de semillas x 140 gr.,7795735600917,1871.0,"$1.871,0",20260911
Perfumeria,Cuidado Personal,talitas don satur tradicional x 140 gr.,7795735000106,1701.0,"$1.701,0",20260911
Perfumeria,Cuidado Personal,talitas don satur x 110 gr queso,7795735000243,1871.0,"$1.871,0",20260911
Perfumeria,Cuidado Personal,tapas de alfajor whisper x 270 gm,7798018100326,2905.0,"$2.905,0",20260911
Perfumeria,Cuidado Personal,tapas para alfajores whisper x 500 gm,7791706000052,5331.0,"$5.331,0",20260911
Perfumeria,Cuidado Personal,tarteletas saladas para rellenar whisper x 150 gr.,7798018100197,5906.0,"$5.906,0",20260911
Perfumeria,Cuidado Personal,tarteletas whisper x150gr.dce.,7798018100180,5906.0,"$5.906,0",20260911
Perfumeria,Cuidado Personal,te  morenita edicion 1890 x 100 saquitos,7790170914056,3811.0,"$3.811,0",20260911
Perfumeria,Cuidado Personal,te  morenita x 25 saquitos,7790170914018,1016.0,"$1.016,0",20260911
Perfumeria,Cuidado Personal,te amanda x 25 saquitos ensorbados,7792710002223,1246.0,"$1.246,0",20260911
Perfumeria,Cuidado Personal,te cachamai boldo x 20 u.,7792280000353,1304.0,"$1.304,0",20260911
Perfumeria,Cuidado Personal,te cachamai capsulas x 10 yerba mate,7792280005884,6140.0,"$6.140,0",20260911
Perfumeria,Cuidado Personal,te cachamai rosa mezcla de hierbas x 20 saquitos,7792280000346,1003.0,"$1.003,0",20260911
Perfumeria,Cuidado Personal,te cachamai tilo x 20 u.,7792280000537,1920.0,"$1.920,0",20260911
Perfumeria,Cuidado Personal,te clasico la virginia x 25 sobres,7790150211908,1050.0,"$1.050,0",20260911
Perfumeria,Cuidado Personal,te en capsulas cachamai o`clock citrico x 10 unid.,7792280005921,7195.0,"$7.195,0",20260911
Perfumeria,Cuidado Personal,te en capsulas cachamai o`clock frutos rojos x 10.,7792280005914,6795.0,"$6.795,0",20260911
Perfumeria,Cuidado Personal,te en capsulas cachamai o`clock lemongrass x 10 u.,7792280005907,6423.0,"$6.423,0",20260911
Perfumeria,Cuidado Personal,te green hills 50saq.csob.,7790480008261,3910.0,"$3.910,0",20260911
Perfumeria,Cuidado Personal,te green hills x 100 saq.,7790480008285,7428.0,"$7.428,0",20260911
Perfumeria,Cuidado Personal,te green hills x25saq.,7790480008254,2058.0,"$2.058,0",20260911
Perfumeria,Cuidado Personal,te hierbas digeribles,7792280005891,6410.0,"$6.410,0",20260911
Perfumeria,Cuidado Personal,te la morenita boldo x 20 saquitos,7790170924642,1317.0,"$1.317,0",20260911
Perfumeria,Cuidado Personal,te la morenita hierbas naturales x 20 saquitos,7790170926646,1324.0,"$1.324,0",20260911
Perfumeria,Cuidado Personal,te la morenita manzanilla x 20 saquitos,7790170929647,1083.0,"$1.083,0",20260911
Perfumeria,Cuidado Personal,te la morenita tilo x 20 saquitos,7790170923645,2137.0,"$2.137,0",20260911
Perfumeria,Cuidado Personal,te la virginia boldo x 25 saquitos,7790150310267,1936.0,"$1.936,0",20260911
Perfumeria,Cuidado Personal,te la virginia boldo x 50 saquitos,7790150310281,3252.0,"$3.252,0",20260911
Perfumeria,Cuidado Personal,te la virginia cedron x 25 saquitos,7790150350171,1856.0,"$1.856,0",20260911
Perfumeria,Cuidado Personal,te la virginia con canela x 25 saquitos,7790150250150,1980.0,"$1.980,0",20260911
Perfumeria,Cuidado Personal,te la virginia durazno x 20 saquitos,7790150380161,2273.0,"$2.273,0",20260911
Perfumeria,Cuidado Personal,te la virginia mandarina-naranja-pomelo x 20 saq.,7790150240427,2285.0,"$2.285,0",20260911
Perfumeria,Cuidado Personal,te la virginia rosa mosqueta y manzanilla x 20 saq,7790150250327,2962.0,"$2.962,0",20260911
Perfumeria,Cuidado Personal,te la virginia sabor frutas tropicales x 25 saquis,7790150240526,2285.0,"$2.285,0",20260911
Perfumeria,Cuidado Personal,te la virginia sabor frutilla x 20 saquitos,7790150396186,2273.0,"$2.273,0",20260911
Perfumeria,Cuidado Personal,te la virginia sabor manzana con canela x 25 saqus,7790150250426,2285.0,"$2.285,0",20260911
Perfumeria,Cuidado Personal,te la virginia saborizado x 20 saquitos limon,7790150240175,1980.0,"$1.980,0",20260911
Perfumeria,Cuidado Personal,"te la virginia tilo, manzanilla y cedron x 25 saqu",7790150321065,2231.0,"$2.231,0",20260911
Perfumeria,Cuidado Personal,te la virginia verde citrus x 20 saquitos,7790150355244,2273.0,"$2.273,0",20260911
Perfumeria,Cuidado Personal,te la virginia x 100 saquitos,7790150211953,3919.0,"$3.919,0",20260911
Perfumeria,Cuidado Personal,te la virginia x 20 saquitos. mezcla de hierbas,7790150360262,1749.0,"$1.749,0",20260911
Perfumeria,Cuidado Personal,te la virginia x 20 saquitos. tilo,7790150320266,3104.0,"$3.104,0",20260911
Perfumeria,Cuidado Personal,te la virginia x 25 saquitos detox,7790150370308,2226.0,"$2.226,0",20260911
Perfumeria,Cuidado Personal,te la virginia x 25 saquitos fluir,7790150370018,2226.0,"$2.226,0",20260911
Perfumeria,Cuidado Personal,te la virginia x 25 saquitos manzanilla,7790150330166,1551.0,"$1.551,0",20260911
Perfumeria,Cuidado Personal,te la virginia x 25 unidades menta,7790150340165,1554.0,"$1.554,0",20260911
Perfumeria,Cuidado Personal,te la virginia x 50 saquitos intenso,7790150211939,2041.0,"$2.041,0",20260911
Perfumeria,Cuidado Personal,te la virginia x20saq.chai,7790150250525,2273.0,"$2.273,0",20260911
Perfumeria,Cuidado Personal,te la virginia x20saq.verde,7790150355084,1609.0,"$1.609,0",20260911
Perfumeria,Cuidado Personal,te la virginia x25saq.manzani,7790150331088,1927.0,"$1.927,0",20260911
Perfumeria,Cuidado Personal,te morenita x 50 saquitos 1890,7790170914032,1977.0,"$1.977,0",20260911
Perfumeria,Cuidado Personal,te negro la virginia intenso x 20 saquitos,7790150210000,1050.0,"$1.050,0",20260911
Perfumeria,Cuidado Personal,te pajaro azul x 25 saquitos,7798028020294,968.0,"$968,0",20260911
Perfumeria,Cuidado Personal,te rojo la virginia x 20 saquitos,7790150255049,2273.0,"$2.273,0",20260911
Perfumeria,Cuidado Personal,te rosamonte x 50 saquitos,7790411000159,1523.0,"$1.523,0",20260911
Perfumeria,Cuidado Personal,te sabor maracuya la virginia x 20 saquitos,7790150250471,2285.0,"$2.285,0",20260911
Perfumeria,Cuidado Personal,te taragui  placeres x 20 sobres verde higo,7790387800210,2466.0,"$2.466,0",20260911
Perfumeria,Cuidado Personal,te taragui avellanas x 20 saquitos,7790387800227,2466.0,"$2.466,0",20260911
Perfumeria,Cuidado Personal,te taragui earl grey x 25 saquitos,7790387711929,4192.0,"$4.192,0",20260911
Perfumeria,Cuidado Personal,te taragui hebras blend x 180gr.,7790387010213,3829.0,"$3.829,0",20260911
Perfumeria,Cuidado Personal,te taragui internacional x 25 saquitos,7790387000122,3126.0,"$3.126,0",20260911
Perfumeria,Cuidado Personal,"te taragui limon, miel y jengibre x 20 saquitos",7790387800203,2466.0,"$2.466,0",20260911
Perfumeria,Cuidado Personal,te taragui placeres frutilla x 20 saquitos,7790387013252,2466.0,"$2.466,0",20260911
Perfumeria,Cuidado Personal,te taragui silv x20s mez. hierb,7790387001440,1872.0,"$1.872,0",20260911
Perfumeria,Cuidado Personal,te taragui silv x20s. ensuenos,7790387001464,2094.0,"$2.094,0",20260911
Perfumeria,Cuidado Personal,te taragui silv. x20s. manzanilla,7790387001426,1705.0,"$1.705,0",20260911
Perfumeria,Cuidado Personal,te taragui silvestre x 20 saquitos tilo,7790387001433,2760.0,"$2.760,0",20260911
Perfumeria,Cuidado Personal,te taragui verde x 40 saquitos,7790387001792,4100.0,"$4.100,0",20260911
Perfumeria,Cuidado Personal,te taragui x 100 saquitos sin ensobrar,7790387800159,3581.0,"$3.581,0",20260911
Perfumeria,Cuidado Personal,"te taragui x 20 saq. manzana, canela y miel",7790387013306,2466.0,"$2.466,0",20260911
Perfumeria,Cuidado Personal,te taragui x 25 saquitos,7790387800135,1069.0,"$1.069,0",20260911
Perfumeria,Cuidado Personal,te taragui x 50 saquitos,7790387800142,1926.0,"$1.926,0",20260911
Perfumeria,Cuidado Personal,te targui silvestre x 20 saquitos boldo,7790387001419,2070.0,"$2.070,0",20260911
Perfumeria,Cuidado Personal,te verde cachamai x 20 saq. sabor frutilla,7792280000117,1670.0,"$1.670,0",20260911
Perfumeria,Cuidado Personal,te verde cachamai x 20 saq. sabor grosella negra,7792280000162,1670.0,"$1.670,0",20260911
Perfumeria,Cuidado Personal,te verde cachamai x 20 saquitos,7792280002753,847.0,"$847,0",20260911
Perfumeria,Cuidado Personal,te verde con jazmin la virginia x 20 saquitos,7790150250570,2273.0,"$2.273,0",20260911
Perfumeria,Cuidado Personal,te verde taragui x 20 saquitos,7790387001785,2157.0,"$2.157,0",20260911
Perfumeria,Cuidado Personal,te virgin island x 25 saq.,7790150231173,2428.0,"$2.428,0",20260911
Perfumeria,Cuidado Personal,te virgin island x 25 saq.egray,7790150235140,3157.0,"$3.157,0",20260911
Perfumeria,Cuidado Personal,te virgin islands x 100 saquitos,7790150231333,8655.0,"$8.655,0",20260911
Perfumeria,Cuidado Personal,te virgin islands x 50 saq.,7790150231258,4496.0,"$4.496,0",20260911
Perfumeria,Cuidado Personal,tost.twistos x155gr.jamon,7790310984475,5376.0,"$5.376,0",20260911
Perfumeria,Cuidado Personal,tost.twistos x155gr.queso,7790310984444,5376.0,"$5.376,0",20260911
Perfumeria,Cuidado Personal,tostadas bauducco integral x 142 gr.,7891962060460,1966.0,"$1.966,0",20260911
Perfumeria,Cuidado Personal,tostadas bauducco x 142 gr. clasico,7891962060453,1966.0,"$1.966,0",20260911
Perfumeria,Cuidado Personal,tostadas bauducco x 142 gr. multigranos,7891962060477,1966.0,"$1.966,0",20260911
Perfumeria,Cuidado Personal,tostadas cormillot con salvado x 200 gr.,7791708617364,2481.0,"$2.481,0",20260911
Perfumeria,Cuidado Personal,tostadas cormillot light sin sal x 200 gr.,7791708617326,2481.0,"$2.481,0",20260911
Perfumeria,Cuidado Personal,tostadas cormillot multicereal x 200 gr.,7791708617357,2947.0,"$2.947,0",20260911
Perfumeria,Cuidado Personal,tostadas dulces criollitas x 195 gr.,7790040124530,1880.0,"$1.880,0",20260911
Perfumeria,Cuidado Personal,tostadas manieri dulce x 200 gm,7798120180551,1345.0,"$1.345,0",20260911
Perfumeria,Cuidado Personal,tostadas manieri equilibrio light x 200 gr.,7798120180773,1525.0,"$1.525,0",20260911
Perfumeria,Cuidado Personal,tostadas manieri equilibrio x 200 gr 4 semillas,7798120180681,1706.8,"$1.706,8",20260911
Perfumeria,Cuidado Personal,tostadas manieri saladas x 200 gr.,7798120180544,1345.0,"$1.345,0",20260911
Perfumeria,Cuidado Personal,tostadas manieri salvado sin sal x 200 gr.,7798120180599,1345.0,"$1.345,0",20260911
Perfumeria,Cuidado Personal,tostadas manieri salvado x 200 gm,7798120180568,1345.0,"$1.345,0",20260911
Perfumeria,Cuidado Personal,tostadas manieri sin sal x 200 gr.,7798120180575,1345.0,"$1.345,0",20260911
Perfumeria,Cuidado Personal,tostadas riera 100% integrales x 200 gr.,7790071070318,2164.0,"$2.164,0",20260911
Perfumeria,Cuidado Personal,tostadas riera 7 semillas x 200 gr.,7790071070417,1934.0,"$1.934,0",20260911
Perfumeria,Cuidado Personal,tostadas riera clasicas x 200 gr.,7790071090231,1675.0,"$1.675,0",20260911
Perfumeria,Cuidado Personal,tostadas riera light x 200 gr.,7790071070134,1934.0,"$1.934,0",20260911
Perfumeria,Cuidado Personal,tostadas riera x 200 gr. dulces,7790071090125,1675.0,"$1.675,0",20260911
Perfumeria,Cuidado Personal,tostadas riera x 200 gr. integrales,7790071090330,1675.0,"$1.675,0",20260911
Perfumeria,Cuidado Personal,tostadas riera x 200 gr. sin sal,7790071090422,1675.0,"$1.675,0",20260911
Perfumeria,Cuidado Personal,tostadas veneziana dulces x 200 gr.,7791708617432,2481.0,"$2.481,0",20260911
Perfumeria,Cuidado Personal,tostadas veneziana light saladas x 200 gr.,7791708001569,2481.0,"$2.481,0",20260911
Perfumeria,Cuidado Personal,triangulos de hojaldre whisper x 150 gr.,7798018100111,2227.0,"$2.227,0",20260911
Perfumeria,Cuidado Personal,vainilla bimbo x 148 gm,7793890258639,2689.0,"$2.689,0",20260911
Perfumeria,Cuidado Personal,vainilla bimbo x 74 gm,7793890258684,1502.0,"$1.502,0",20260911
Perfumeria,Cuidado Personal,vainillas bimbo x 444 gm,7793890258646,7256.0,"$7.256,0",20260911
Perfumeria,Cuidado Personal,vainillas massarini x 180 gm,7792664000269,1548.0,"$1.548,0",20260911
Perfumeria,Cuidado Personal,vainillas valente x 148 gr.,7793890258691,2419.0,"$2.419,0",20260911
Perfumeria,Cuidado Personal,vainillas valente x 444 gm,7793890258707,6520.0,"$6.520,0",20260911
Perfumeria,Cuidado Personal,vainillas valente x74gr.,7793890258738,1352.0,"$1.352,0",20260911
Perfumeria,Cuidado Personal,vainillas whisper x 200 gr.,7791706000038,1783.0,"$1.783,0",20260911
Perfumeria,Cuidado Personal,vainillas whisper x 400 gm,7791706000014,3449.0,"$3.449,0",20260911
Perfumeria,Cuidado Personal,vocacion clasicas x 3 sabor vainilla,7790040143623,2989.0,"$2.989,0",20260911
Perfumeria,Cuidado Personal,yerba amanda x 1 kilo suave,7792710006443,4781.0,"$4.781,0",20260911
Perfumeria,Cuidado Personal,yerba arroyo verde x 500 gr burrito,7792280005761,1818.0,"$1.818,0",20260911
Perfumeria,Cuidado Personal,yerba cachamate seleccion x 500 gr.,7792280002906,2418.0,"$2.418,0",20260911
Perfumeria,Cuidado Personal,yerba cachamate x 500 gm hierbas digestivas,7792280005686,2268.0,"$2.268,0",20260911
Perfumeria,Cuidado Personal,yerba cachamate x500.rosa,7792280005693,2268.0,"$2.268,0",20260911
Perfumeria,Cuidado Personal,yerba don basilio suave x 500 gm,763571871010,2000.0,"$2.000,0",20260911
Perfumeria,Cuidado Personal,yerba l.merced oc x500gr.cam.s,7790387015645,4873.0,"$4.873,0",20260911
Perfumeria,Cuidado Personal,yerba l.merced oc x500gr.cmon,7790387015638,4873.0,"$4.873,0",20260911
Perfumeria,Cuidado Personal,yerba l.merced oc x500gr.monte,7790387015614,4873.0,"$4.873,0",20260911
Perfumeria,Cuidado Personal,yerba la merced x 500 gm barbacua,7790387015621,4873.0,"$4.873,0",20260911
Perfumeria,Cuidado Personal,yerba mananita 4 flex x 1 kg.,7790387015317,4587.0,"$4.587,0",20260911
Perfumeria,Cuidado Personal,yerba mate adelgamate x 500 gr.,7798028020454,2209.0,"$2.209,0",20260911
Perfumeria,Cuidado Personal,yerba mate aguantadora x 1 kg. suave,7790326003214,5035.0,"$5.035,0",20260911
Perfumeria,Cuidado Personal,yerba mate aguantadora x 1 kg. tradicional,7790326000558,4966.0,"$4.966,0",20260911
Perfumeria,Cuidado Personal,yerba mate aguantadora x 500 gr. suave,7790326003078,2684.0,"$2.684,0",20260911
Perfumeria,Cuidado Personal,yerba mate aguantadora x 500 gr. tradicional,7790326001302,2563.0,"$2.563,0",20260911
Perfumeria,Cuidado Personal,yerba mate amanda despalada x 1 kg.,7792710000373,4784.0,"$4.784,0",20260911
Perfumeria,Cuidado Personal,yerba mate amanda despalada x 500 gr.,7792710000380,2700.0,"$2.700,0",20260911
Perfumeria,Cuidado Personal,yerba mate amanda hierbas serranas x 500 gr.,7792710006450,2234.0,"$2.234,0",20260911
Perfumeria,Cuidado Personal,yerba mate amanda seleccion especial x 1 kg.,7792710000106,4781.0,"$4.781,0",20260911
Perfumeria,Cuidado Personal,yerba mate amanda seleccion especial x 500 gr.,7792710000090,2629.0,"$2.629,0",20260911
Perfumeria,Cuidado Personal,yerba mate amanda suave x 500 gr.,7792710006436,2629.0,"$2.629,0",20260911
Perfumeria,Cuidado Personal,yerba mate amanda tradicional x 500 gr.,7792710000182,2357.0,"$2.357,0",20260911
Perfumeria,Cuidado Personal,yerba mate amanda x 1 kg.,7792710000175,4343.0,"$4.343,0",20260911
Perfumeria,Cuidado Personal,yerba mate arroyo verde x 500 gr. hierbas serranas,7792280005778,1818.0,"$1.818,0",20260911
Perfumeria,Cuidado Personal,yerba mate arroyo verde x 500 gr. suave,7792280005754,1818.0,"$1.818,0",20260911
Perfumeria,Cuidado Personal,yerba mate buenas y santas x 500 gr. hierbas,7790387800197,2889.0,"$2.889,0",20260911
Perfumeria,Cuidado Personal,yerba mate cachamai x 500 gm tradicional,7792280006140,2468.0,"$2.468,0",20260911
Perfumeria,Cuidado Personal,yerba mate cachamate hierbas serranas x 1 kg.,7792280005723,4167.0,"$4.167,0",20260911
Perfumeria,Cuidado Personal,yerba mate cachamate hierbas serranas x 500 gr.,7792280005730,2268.0,"$2.268,0",20260911
Perfumeria,Cuidado Personal,yerba mate cachamate mezcla de hierbas x 1 kg.,7792280005709,4167.0,"$4.167,0",20260911
Perfumeria,Cuidado Personal,yerba mate cachamate mezcla de hierbas x 1 kg.,7792280005716,4167.0,"$4.167,0",20260911
Perfumeria,Cuidado Personal,yerba mate cachamate suave x 500 gr. naranja,7792280000285,2492.0,"$2.492,0",20260911
Perfumeria,Cuidado Personal,yerba mate cachamate x 500 gr. hierbas cuyanas,7792280000612,2268.0,"$2.268,0",20260911
Perfumeria,Cuidado Personal,yerba mate cachamate x 500 gr. hierbas del litoral,7792280000605,2493.0,"$2.493,0",20260911
Perfumeria,Cuidado Personal,yerba mate cachamate x 500 gr. hierbas pampeanas,7792280000094,2493.0,"$2.493,0",20260911
Perfumeria,Cuidado Personal,yerba mate cbse endulife con stevia x 500 gr.,7790710334665,2350.0,"$2.350,0",20260911
Perfumeria,Cuidado Personal,yerba mate cbse naranja x 500 gr.,7790710334641,2350.0,"$2.350,0",20260911
Perfumeria,Cuidado Personal,yerba mate cbse x 1 kg. hierbas serranas,7790710334573,4451.0,"$4.451,0",20260911
Perfumeria,Cuidado Personal,yerba mate cbse x 500 gr mundial,7790710334818,2350.0,"$2.350,0",20260911
Perfumeria,Cuidado Personal,yerba mate cbse x 500 gr. jengibre,7790710003332,2350.0,"$2.350,0",20260911
Perfumeria,Cuidado Personal,yerba mate cbse x 500 gr. limon,7790710334597,2350.0,"$2.350,0",20260911
Perfumeria,Cuidado Personal,yerba mate cbse x500gr.et.ngra,7790710334269,3802.0,"$3.802,0",20260911
Perfumeria,Cuidado Personal,yerba mate cbse x500gr.fr.bosq,7790710334702,2350.0,"$2.350,0",20260911
Perfumeria,Cuidado Personal,yerba mate cbse x500gr.fr.trop,7790710334696,2350.0,"$2.350,0",20260911
Perfumeria,Cuidado Personal,yerba mate cbse x500gr.fr.vall,7790710334719,2350.0,"$2.350,0",20260911
Perfumeria,Cuidado Personal,yerba mate cbse x500gr.guarana,7790710334603,2350.0,"$2.350,0",20260911
Perfumeria,Cuidado Personal,yerba mate cbse x500gr.hie.cuy,7790710334689,2350.0,"$2.350,0",20260911
Perfumeria,Cuidado Personal,yerba mate cbse x500gr.hie.lit,7790710334672,2350.0,"$2.350,0",20260911
Perfumeria,Cuidado Personal,yerba mate cbse x500gr.miel,7790710334658,2350.0,"$2.350,0",20260911
Perfumeria,Cuidado Personal,yerba mate cbse x500gr.naranja,7790710334580,2350.0,"$2.350,0",20260911
Perfumeria,Cuidado Personal,yerba mate cbse x500gr.pomelo,7790710334610,2350.0,"$2.350,0",20260911
Perfumeria,Cuidado Personal,yerba mate cbse x500gr.serrana,7790710334535,2350.0,"$2.350,0",20260911
Perfumeria,Cuidado Personal,yerba mate cbse x500gr.silueta,7790710334634,2350.0,"$2.350,0",20260911
Perfumeria,Cuidado Personal,yerba mate cruz de malta manzanilla x 500 gr.,7790070509079,3052.0,"$3.052,0",20260911
Perfumeria,Cuidado Personal,yerba mate don basilio seleccion especial x 500 gr,790757863439,2000.0,"$2.000,0",20260911
Perfumeria,Cuidado Personal,yerba mate don basilio terere x 500 gr.,763571871027,1639.0,"$1.639,0",20260911
Perfumeria,Cuidado Personal,yerba mate don basilio tradicional x 500 gr.,758890928040,1639.0,"$1.639,0",20260911
Perfumeria,Cuidado Personal,yerba mate elaborada con palo rosamonte x 1 kg.,7790411000043,4663.0,"$4.663,0",20260911
Perfumeria,Cuidado Personal,yerba mate elaborada con palo rosamonte x 500 gr.,7790411000050,2461.0,"$2.461,0",20260911
Perfumeria,Cuidado Personal,yerba mate l.tranq.esp.sve.1kg,7790480089949,5692.0,"$5.692,0",20260911
Perfumeria,Cuidado Personal,yerba mate l.tranq.esp.sve.500,7790480089932,2920.0,"$2.920,0",20260911
Perfumeria,Cuidado Personal,yerba mate la merced campo x 500 gr.,7790387015607,4873.0,"$4.873,0",20260911
Perfumeria,Cuidado Personal,yerba mate la merced x 1 kilo campo sur suave paquete,7790387015447,6310.0,"$6.310,0",20260911
Perfumeria,Cuidado Personal,yerba mate la tranquera seleccion especial x 1 kg.,7790480089741,4379.0,"$4.379,0",20260911
Perfumeria,Cuidado Personal,yerba mate la tranquera seleccion especial x 500 g,7790480089734,2245.0,"$2.245,0",20260911
Perfumeria,Cuidado Personal,yerba mate mananita 4 flex x 500 gr.,7790387015324,2383.0,"$2.383,0",20260911
Perfumeria,Cuidado Personal,yerba mate mananita x 250 gr.,7790387015331,1378.0,"$1.378,0",20260911
Perfumeria,Cuidado Personal,yerba mate mateando  x 500 gr,7790710334757,2534.3,"$2.534,3",20260911
Perfumeria,Cuidado Personal,yerba mate nobleza gaucha seleccion x 1 kg.,7790070507280,4505.0,"$4.505,0",20260911
Perfumeria,Cuidado Personal,yerba mate nobleza gaucha seleccion x 500 ml.,7790070507273,2364.0,"$2.364,0",20260911
Perfumeria,Cuidado Personal,yerba mate nobleza gaucha suave x 1 kg.,7790070509116,5578.0,"$5.578,0",20260911
Perfumeria,Cuidado Personal,yerba mate pajaro azul x 1 kg.,7798028020263,4240.0,"$4.240,0",20260911
Perfumeria,Cuidado Personal,yerba mate pajaro azul x 500 gr.,7798028020270,2169.0,"$2.169,0",20260911
Perfumeria,Cuidado Personal,yerba mate playadito suave x 1 kg.,7793704000928,4960.0,"$4.960,0",20260911
Perfumeria,Cuidado Personal,yerba mate playadito x 500 gr. despalada,7793704000881,3605.0,"$3.605,0",20260911
Perfumeria,Cuidado Personal,yerba mate playadito x 500 gr. hierbas,7793704000508,3056.0,"$3.056,0",20260911
Perfumeria,Cuidado Personal,yerba mate playadito x 500 gr. suave,7793704000911,2653.0,"$2.653,0",20260911
Perfumeria,Cuidado Personal,yerba mate rosamonte despalada x 1 kg.,7790411000807,6038.0,"$6.038,0",20260911
Perfumeria,Cuidado Personal,yerba mate rosamonte edicion fundacion favaloro x,7790411001408,3041.0,"$3.041,0",20260911
Perfumeria,Cuidado Personal,yerba mate rosamonte fundacion favaloro x 1 kg.,7790411001392,5769.0,"$5.769,0",20260911
Perfumeria,Cuidado Personal,yerba mate rosamonte plus x 1 kg.,7790411001491,4870.0,"$4.870,0",20260911
Perfumeria,Cuidado Personal,yerba mate rosamonte plus x 500 gr.,7790411001507,2651.0,"$2.651,0",20260911
Perfumeria,Cuidado Personal,yerba mate rosamonte suave plus x 1 kg.,7790411001514,5347.0,"$5.347,0",20260911
Perfumeria,Cuidado Personal,yerba mate rosamonte suave seleccion especial x 1k,7790411000531,6205.0,"$6.205,0",20260911
Perfumeria,Cuidado Personal,yerba mate rosamonte suave seleccion especial x 50,7790411000548,3272.0,"$3.272,0",20260911
Perfumeria,Cuidado Personal,yerba mate rosamonte suave x 1 kg.,7790411000494,5288.0,"$5.288,0",20260911
Perfumeria,Cuidado Personal,yerba mate rosamonte terere x 500 gr.,7790411000890,2765.0,"$2.765,0",20260911
Perfumeria,Cuidado Personal,yerba mate rosamonte x 250 gm organica,7790411002122,2446.0,"$2.446,0",20260911
Perfumeria,Cuidado Personal,yerba mate salus x 1 kg.,7790070508539,4831.0,"$4.831,0",20260911
Perfumeria,Cuidado Personal,yerba mate salus x 500 gr.,7790070508522,2359.0,"$2.359,0",20260911
Perfumeria,Cuidado Personal,yerba mate sinceridad x 1 kg. suave,7790326000794,4966.0,"$4.966,0",20260911
Perfumeria,Cuidado Personal,yerba mate sinceridad x 500 gr. suave,7790326000626,2563.0,"$2.563,0",20260911
Perfumeria,Cuidado Personal,yerba mate sport afa x 500 gm,7798468970012,3999.0,"$3.999,0",20260911
Perfumeria,Cuidado Personal,yerba mate taragui 4 flex x 1 kg.,7790387013610,4587.0,"$4.587,0",20260911
Perfumeria,Cuidado Personal,yerba mate taragui 4 flex x 500 gr.,7790387013627,2383.0,"$2.383,0",20260911
Perfumeria,Cuidado Personal,yerba mate taragui sin palo x 1 kg.,7790387013498,6570.0,"$6.570,0",20260911
Perfumeria,Cuidado Personal,yerba mate taragui sin palo x 500 gr.,7790387013504,3399.0,"$3.399,0",20260911
Perfumeria,Cuidado Personal,yerba mate taragui x 250 gr.,7790387013634,1378.0,"$1.378,0",20260911
Perfumeria,Cuidado Personal,yerba mate union 4 flex x 1 kg.,7790387014617,4587.0,"$4.587,0",20260911
Perfumeria,Cuidado Personal,yerba mate union 4 flex x 500 gr.,7790387014624,2383.0,"$2.383,0",20260911
Perfumeria,Cuidado Personal,yerba mate union liviana x 1 kg.,7790387014150,5447.0,"$5.447,0",20260911
Perfumeria,Cuidado Personal,yerba mate union liviana x 500 gr.,7790387014167,2931.0,"$2.931,0",20260911
Perfumeria,Cuidado Personal,yerba mate union x 250 gr.,7790387014631,1378.0,"$1.378,0",20260911
Perfumeria,Cuidado Personal,yerba mate yer-vita x25 saquit,7790550000317,2218.0,"$2.218,0",20260911
Perfumeria,Cuidado Personal,yerba nobleza gaucha x 1 kg cimarron,7790070100382,4125.0,"$4.125,0",20260911
Perfumeria,Cuidado Personal,yerba nobleza gaucha x 500 gr cimarron,7790070100375,2504.0,"$2.504,0",20260911
Perfumeria,Cuidado Personal,yerba pajaro azul premium x 1kg,7798028021611,4572.0,"$4.572,0",20260911
Perfumeria,Cuidado Personal,yerba pajaro azul premium x 500 gr,7798028021581,2323.0,"$2.323,0",20260911
Perfumeria,Cuidado Personal,yerba rosamonte despalada x 500 gr.,7790411000814,3187.0,"$3.187,0",20260911
Perfumeria,Cuidado Personal,yerba rosamonte especial x 1 kg.,7790411000012,7585.0,"$7.585,0",20260911
Perfumeria,Cuidado Personal,yerba rosamonte especial x 500 gr.,7790411000029,3982.0,"$3.982,0",20260911
Perfumeria,Cuidado Personal,yerba rosamonte premium caja x 500 gr,7790411001378,6623.0,"$6.623,0",20260911
Perfumeria,Cuidado Personal,yerba rosamonte suave plus x 500 gr.,7790411001521,2823.0,"$2.823,0",20260911
Perfumeria,Cuidado Personal,yerba rosamonte sve.x500gr.,7790411000500,2798.0,"$2.798,0",20260911
Perfumeria,Cuidado Personal,zucaritas x490gr.caja,7896004004969,6304.0,"$6.304,0",20260911
