categoria,cat_principal,nombre,ean,precio,precio_texto,fecha
Almacen,Almacen,3ds queso x 85 gr.,7790310985830,3981.0,"$3.981,00",20260901
Almacen,Almacen,3ds queso x143gr.,7790310985137,5545.0,"$5.545,00",20260901
Almacen,Almacen,3ds sabor queso x 43 gm,7790310985113,2469.0,"$2.469,00",20260901
Almacen,Almacen,ac. de oliva zuccardi x 500 ml coratina,7791728246629,24484.0,"$24.484,00",20260901
Almacen,Almacen,ac.de coco entrenuts x200virg.,763571722428,9649.0,"$9.649,00",20260901
Almacen,Almacen,ac.ol.l.toscana x250ml.ajo,7798080520657,9903.0,"$9.903,00",20260901
Almacen,Almacen,ac.ol.l.toscana x250ml.albahac,7798080520534,9903.0,"$9.903,00",20260901
Almacen,Almacen,ac.ol.zuccardi x250ml.coratina,7791728246612,14282.0,"$14.282,00",20260901
Almacen,Almacen,ac.ol.zuccardi x250ml.picual,7791728246575,14282.0,"$14.282,00",20260901
Almacen,Almacen,ac.ol.zuelo x500ml.bot.intenso,7791728241181,19077.0,"$19.077,00",20260901
Almacen,Almacen,acaitunas goya x 149 gm con pimiento picante,41331014922,10139.0,"$10.139,00",20260901
Almacen,Almacen,aceite arcor x900ml.maiz,7790580160807,5911.0,"$5.911,00",20260901
Almacen,Almacen,aceite cocinero mezcla x1.5lt.,7790070225023,5873.0,"$5.873,00",20260901
Almacen,Almacen,aceite cocinero olivay girasol x 1.5 litros,7790070231604,9335.58,"$9.335,58",20260901
Almacen,Almacen,aceite cocinero puro de oliva x 500 ml,7790070265142,10919.0,"$10.919,00",20260901
Almacen,Almacen,aceite cocinero x900 ml oliva y girasol,7790070231598,5809.0,"$5.809,00",20260901
Almacen,Almacen,aceite copisi x 900 ml. girasol y oliva,7790272006819,6162.0,"$6.162,00",20260901
Almacen,Almacen,aceite de coco entrenuts neutro x 360 ml.,656750783931,8902.0,"$8.902,00",20260901
Almacen,Almacen,aceite de coco entrenuts virgen x 360 ml.,763571722435,16512.0,"$16.512,00",20260901
Almacen,Almacen,aceite de girasol alsamar x 5 lts.,7794870000040,22784.0,"$22.784,00",20260901
Almacen,Almacen,aceite de girasol alto oleico granix x 750 ml.,7790045823780,6831.0,"$6.831,00",20260901
Almacen,Almacen,"aceite de girasol cocinero x 1,5 lt.",7790060023684,7393.0,"$7.393,00",20260901
Almacen,Almacen,aceite de girasol cocinero x 900 ml.,7790070012050,4666.0,"$4.666,00",20260901
Almacen,Almacen,"aceite de girasol legitimo x 1,5 lt.",7798316700815,6691.0,"$6.691,00",20260901
Almacen,Almacen,aceite de girasol legitimo x 3 lt.,7798316700822,13637.0,"$13.637,00",20260901
Almacen,Almacen,aceite de girasol legitimo x 5 lts.,7798316700839,22784.0,"$22.784,00",20260901
Almacen,Almacen,aceite de girasol legitimo x 900 ml.,7798316700808,4133.0,"$4.133,00",20260901
Almacen,Almacen,"aceite de girasol natura x 1,5 lt.",7790272001029,7520.0,"$7.520,00",20260901
Almacen,Almacen,aceite de girasol natura x 3 lt.,7790272001036,14739.0,"$14.739,00",20260901
Almacen,Almacen,aceite de girasol natura x 900 ml.,7790272001005,4750.0,"$4.750,00",20260901
Almacen,Almacen,aceite de maiz lira x 900 ml.,7790070231697,5457.0,"$5.457,00",20260901
Almacen,Almacen,aceite de maiz mazola x 900 ml.,7790272000794,5565.0,"$5.565,00",20260901
Almacen,Almacen,aceite de oliva  zuelo x 950 ml lata original,7791728248708,33410.0,"$33.410,00",20260901
Almacen,Almacen,aceite de oliva altavia extra virgen lata x 500 ml,7792900807522,16194.0,"$16.194,00",20260901
Almacen,Almacen,aceite de oliva casalta extra virgen suave x 400 .,7790139004569,24838.99,"$24.838,99",20260901
Almacen,Almacen,aceite de oliva casalta medio x 400 ml.,7790139004576,24838.99,"$24.838,99",20260901
Almacen,Almacen,aceite de oliva cocinero extra virgen x 500 ml suave,7790070231871,12929.0,"$12.929,00",20260901
Almacen,Almacen,aceite de oliva cocinero extra virgen x 500 ml.,7790070265098,12905.0,"$12.905,00",20260901
Almacen,Almacen,aceite de oliva cocinero extra virgen x 900 ml,7790070104304,22527.37,"$22.527,37",20260901
Almacen,Almacen,aceite de oliva con limon la toscana x 250 ml.,7798080521265,9903.0,"$9.903,00",20260901
Almacen,Almacen,aceite de oliva copcinero extra virgen x 250 ml,7790070265104,7085.7,"$7.085,70",20260901
Almacen,Almacen,"aceite de oliva cortijo extra virgen x 1,5 lts.",7798123974812,49248.0,"$49.248,00",20260901
Almacen,Almacen,aceite de oliva cortijo x 250 ml.,7798123971385,11856.0,"$11.856,00",20260901
Almacen,Almacen,aceite de oliva extra virgen altavia x 250 ml.,7792900093871,8772.0,"$8.772,00",20260901
Almacen,Almacen,aceite de oliva extra virgen cocinero x 500 ml intenso,7790070231864,12928.96,"$12.928,96",20260901
Almacen,Almacen,aceite de oliva extra virgen la toscana x 500 ml.,7798080520077,13652.0,"$13.652,00",20260901
Almacen,Almacen,aceite de oliva extra virgen lira x 500 ml.,7790070231833,13859.0,"$13.859,00",20260901
Almacen,Almacen,aceite de oliva extra virgen morixe x 500 ml.,7790199603757,12892.0,"$12.892,00",20260901
Almacen,Almacen,aceite de oliva extra virgen nucete x 500 ml,7792070011606,19377.0,"$19.377,00",20260901
Almacen,Almacen,aceite de oliva extra virgen nucete x 500 ml intenso,7792070002192,16779.2,"$16.779,20",20260901
Almacen,Almacen,aceite de oliva extra virgen nucete x 500 ml suave,7792070002185,15305.63,"$15.305,63",20260901
Almacen,Almacen,aceite de oliva extra virgen nucete x 500 ml.,7792070001614,17479.0,"$17.479,00",20260901
Almacen,Almacen,aceite de oliva extra virgen viridian x 250 gm intenso,763571807323,14474.0,"$14.474,00",20260901
Almacen,Almacen,aceite de oliva extra virgen viridian x 500 ml clasica,40232789663,20795.0,"$20.795,00",20260901
Almacen,Almacen,aceite de oliva familia zuccardi x 250 ml. varieda,7791728246650,19383.0,"$19.383,00",20260901
Almacen,Almacen,aceite de oliva lira x 1 litro lata,7790070265166,28891.0,"$28.891,00",20260901
Almacen,Almacen,aceite de oliva lira x 500 ml lata,7790070265173,15186.0,"$15.186,00",20260901
Almacen,Almacen,aceite de oliva marvavic extra virgen x 500 ml.,7793551002212,18119.0,"$18.119,00",20260901
Almacen,Almacen,aceite de oliva natura andino x 500 ml.,7790272008387,19478.0,"$19.478,00",20260901
Almacen,Almacen,aceite de oliva natura fuerte x 500 ml.,7790272008417,15900.0,"$15.900,00",20260901
Almacen,Almacen,aceite de oliva natura suave x 500 ml.,7790272008394,15900.0,"$15.900,00",20260901
Almacen,Almacen,aceite de oliva nucete clasico extra virgen x 250.,7792070001652,9918.0,"$9.918,00",20260901
Almacen,Almacen,aceite de oliva pignani clasico x 500 ml vidrio,7798089050254,14514.0,"$14.514,00",20260901
Almacen,Almacen,aceite de oliva pignani premium x 500 ml,7798183790063,19214.0,"$19.214,00",20260901
Almacen,Almacen,aceite de oliva puro cocinero x 250 ml,7790070265128,6050.38,"$6.050,38",20260901
Almacen,Almacen,aceite de oliva zuccardi x 250 gm genovesa,7791728246537,14282.0,"$14.282,00",20260901
Almacen,Almacen,aceite de oliva zuccardi x 500 gm picual,7791728246582,24484.0,"$24.484,00",20260901
Almacen,Almacen,aceite de oliva zuccardi x 500 ml genovesa,7791728246544,24484.0,"$24.484,00",20260901
Almacen,Almacen,aceite de oliva zuelo suave x 500 ml.,7791728003574,19077.0,"$19.077,00",20260901
Almacen,Almacen,aceite de oliva zuelo x 500 m l lata intensa,7791728240887,19077.0,"$19.077,00",20260901
Almacen,Almacen,aceite de oliva zuelo x 500 ml. original,7791728022049,19077.0,"$19.077,00",20260901
Almacen,Almacen,aceite de olivs la toscana x 250 ml extra virgen,7798080520084,7973.0,"$7.973,00",20260901
Almacen,Almacen,aceite de olvia extra virgen altavia x 500 ml. tra,7792900092973,16194.0,"$16.194,00",20260901
Almacen,Almacen,aceite mezcla cocinero x 900 ml.,7790060234868,3697.0,"$3.697,00",20260901
Almacen,Almacen,aceite mezcla especial lira x 900 ml.,7790070231574,5712.0,"$5.712,00",20260901
Almacen,Almacen,aceite natura girasol y oliva x 900 ml.,7790272000046,7109.0,"$7.109,00",20260901
Almacen,Almacen,aceite oliva extra virgen viridian x 500 ml intenso,742832320603,20795.0,"$20.795,00",20260901
Almacen,Almacen,aceitunas goya con pasta de salmon x 149 gm,41331014892,10139.0,"$10.139,00",20260901
Almacen,Almacen,aceitunas goya x 149 gm con anchoas,41331014915,10139.0,"$10.139,00",20260901
Almacen,Almacen,aceitunas goya x 149 gm rellenas con pasta de atun,41331014908,10139.0,"$10.139,00",20260901
Almacen,Almacen,aceitunas marvavic en trozos con pimiento ppizza,7793551001970,3020.0,"$3.020,00",20260901
Almacen,Almacen,aceitunas marvavic negras con carozo x 160 gm,7793551001550,3001.0,"$3.001,00",20260901
Almacen,Almacen,aceitunas marvavic negras con carozo x kg.,2024580000005,17463.0,"$17.463,00",20260901
Almacen,Almacen,aceitunas marvavic negras griegas x kg.,2024600000008,26099.0,"$26.099,00",20260901
Almacen,Almacen,aceitunas marvavic negras sin carozo x kg.,2024590000002,19857.0,"$19.857,00",20260901
Almacen,Almacen,aceitunas marvavic rellenasmorron x 90gr,7793551000669,2373.0,"$2.373,00",20260901
Almacen,Almacen,aceitunas marvavic verdes con carozo x kg.,2024650000003,13752.0,"$13.752,00",20260901
Almacen,Almacen,aceitunas marvavic verdes descarozadas x kg.,2024640000006,18324.0,"$18.324,00",20260901
Almacen,Almacen,aceitunas marvavic verdes en rodajas x kg.,2024660000000,18276.0,"$18.276,00",20260901
Almacen,Almacen,aceitunas marvavic verdes fileteadas x 200 gr.,7793551001437,1875.0,"$1.875,00",20260901
Almacen,Almacen,aceitunas marvavic verdes rellenas x kg.,2024610000005,21829.0,"$21.829,00",20260901
Almacen,Almacen,aceitunas negras en rodajas nucete x 300 gr.,7792070011156,3350.0,"$3.350,00",20260901
Almacen,Almacen,aceitunas negras en salmuera marvavic x 200 gr.,7793551000188,5319.0,"$5.319,00",20260901
Almacen,Almacen,aceitunas negras enteras marvavic x 180 gr.,7793551001895,2703.0,"$2.703,00",20260901
Almacen,Almacen,aceitunas negras scarozo nucete light x 360 gr.,7792070004615,4683.0,"$4.683,00",20260901
Almacen,Almacen,aceitunas negras vanoli x 300 gr.,7790127000306,3566.0,"$3.566,00",20260901
Almacen,Almacen,aceitunas nucete  verdes doy pack mini x 90 gm d,7792070071693,1966.0,"$1.966,00",20260901
Almacen,Almacen,aceitunas nucete negra doy pack x 300 gm con carozo.,7792070011149,2872.0,"$2.872,00",20260901
Almacen,Almacen,aceitunas nucete negras con carozo x 200 gr.,7792070000532,4102.0,"$4.102,00",20260901
Almacen,Almacen,aceitunas nucete premium verdes descarozadas x 660 gm,7792070004851,9574.0,"$9.574,00",20260901
Almacen,Almacen,aceitunas nucete verdes con carozo sachet x 800 g.,7792070001133,6594.0,"$6.594,00",20260901
Almacen,Almacen,aceitunas nucete verdes doy pack x 90 gm mini,7792070071686,1479.0,"$1.479,00",20260901
Almacen,Almacen,aceitunas nucete verdes en frasc o x 330 gr rellenas de ajo,7792070053903,4266.76,"$4.266,76",20260901
Almacen,Almacen,aceitunas nucete verdes x 300 gm rodajas coy pack,7792070001287,2956.0,"$2.956,00",20260901
Almacen,Almacen,aceitunas nucete x 90 gm doy pack mini r,7792070071716,1870.0,"$1.870,00",20260901
Almacen,Almacen,aceitunas rellenas cmorron marvavic x 150 gr. dp,7793551001888,2926.0,"$2.926,00",20260901
Almacen,Almacen,aceitunas rellenas cmorron marvavic x 200 gr.,7793551003011,4926.0,"$4.926,00",20260901
Almacen,Almacen,aceitunas rellenas con pasta de limon nucete x 330,7792070053927,4267.0,"$4.267,00",20260901
Almacen,Almacen,aceitunas rellenas marvavic cmorron x 370 gr.,7793551001529,3251.0,"$3.251,00",20260901
Almacen,Almacen,aceitunas verdes con carozo nucete frasco x 330 gr,7792070004523,3596.0,"$3.596,00",20260901
Almacen,Almacen,aceitunas verdes con carozo nucete sachet x 300 gr,7792070001119,2521.0,"$2.521,00",20260901
Almacen,Almacen,aceitunas verdes condimentadas marvavic x 300 gr.,7793551000270,7879.0,"$7.879,00",20260901
Almacen,Almacen,aceitunas verdes descarozadas marvavic x 140 gr.,7793551001512,2847.0,"$2.847,00",20260901
Almacen,Almacen,aceitunas verdes descarozadas marvavic x 160 gr.,7793551003028,4336.0,"$4.336,00",20260901
Almacen,Almacen,aceitunas verdes descarozadas nucete premium x 360,7792070034353,4708.0,"$4.708,00",20260901
Almacen,Almacen,aceitunas verdes descarozadas nucete x 300 gr.,7792070001102,3130.0,"$3.130,00",20260901
Almacen,Almacen,aceitunas verdes en rodajas marvavic x 140 gr. doy,7793551001857,2722.0,"$2.722,00",20260901
Almacen,Almacen,aceitunas verdes en rodajas marvavic x 150 gr.,7793551001567,2845.0,"$2.845,00",20260901
Almacen,Almacen,aceitunas verdes en rodajas marvavic x 180 gr.,7793551003035,4750.0,"$4.750,00",20260901
Almacen,Almacen,aceitunas verdes en rodajas vanoli x 190 gr.,7790127733549,2358.0,"$2.358,00",20260901
Almacen,Almacen,aceitunas verdes marvavic en trozos condim. ppiza,7793551001963,1976.0,"$1.976,00",20260901
Almacen,Almacen,aceitunas verdes marvavic x 100 gr.,7793551000607,1727.0,"$1.727,00",20260901
Almacen,Almacen,aceitunas verdes marvavic x 160 gr. doy pack,7793551001840,2341.0,"$2.341,00",20260901
Almacen,Almacen,aceitunas verdes marvavic x 180 gr.,7793551001536,2467.0,"$2.467,00",20260901
Almacen,Almacen,aceitunas verdes marvavic x 330 gr.,7793551000034,4014.0,"$4.014,00",20260901
Almacen,Almacen,aceitunas verdes marvavic x 420 gr.,7793551000041,7173.0,"$7.173,00",20260901
Almacen,Almacen,aceitunas verdes marvavic x 80 gr.,7793551000683,1913.0,"$1.913,00",20260901
Almacen,Almacen,aceitunas verdes morixe x 180 gr descarozadas,7790199605041,1322.29,"$1.322,29",20260901
Almacen,Almacen,aceitunas verdes morixe x 180 gr en rodajas,7790199605058,1179.02,"$1.179,02",20260901
Almacen,Almacen,aceitunas verdes morixe x 200 gr enteras,7790199605034,997.04,"$997,04",20260901
Almacen,Almacen,aceitunas verdes morixe x 300 gr en rodajas,7790199603078,1932.13,"$1.932,13",20260901
Almacen,Almacen,aceitunas verdes morixe x 300 gr enteras,7790199603030,1726.91,"$1.726,91",20260901
Almacen,Almacen,aceitunas verdes nucete descarozadas light x 180 g,7792070004608,4136.0,"$4.136,00",20260901
Almacen,Almacen,aceitunas verdes nucete frasco x 330 gr rellenas cebolla,7792070053910,4266.76,"$4.266,76",20260901
Almacen,Almacen,aceitunas verdes nucete frasco x 330 gr rellenas jalapeao,7792070053996,4266.76,"$4.266,76",20260901
Almacen,Almacen,aceitunas verdes nucete premium x 220 gr.,7792070000075,4282.0,"$4.282,00",20260901
Almacen,Almacen,aceitunas verdes nucete premium x 660 gr.,7792070000068,8704.0,"$8.704,00",20260901
Almacen,Almacen,aceitunas verdes nucete rellenas doy pack x 100 gm,7792070071709,2417.86,"$2.417,86",20260901
Almacen,Almacen,aceitunas verdes rellenas cmorron nucete x 300 gr,7792070001126,4105.0,"$4.105,00",20260901
Almacen,Almacen,aceitunas verdes rellenas nucete premium x 360 gr.,7792070034391,5331.0,"$5.331,00",20260901
Almacen,Almacen,aceitunas verdes rellenas nucete premium x 400 gr.,7792070004899,10845.0,"$10.845,00",20260901
Almacen,Almacen,aceitunas verdes rellenas nucete x 200 gr.,7792070000495,4267.0,"$4.267,00",20260901
Almacen,Almacen,aceitunas verdes vanoli x 190 gr.,7790127731040,1537.0,"$1.537,00",20260901
Almacen,Almacen,aceitunas verdes vanoli x 300 gr.,7790127000269,2756.0,"$2.756,00",20260901
Almacen,Almacen,aceto balsamico casalta glaze x 250 ml curry,7790139004613,5824.0,"$5.824,00",20260901
Almacen,Almacen,aceto balsamico casalta manzana x 400 ml.,7790139003371,5500.0,"$5.500,00",20260901
Almacen,Almacen,aceto balsamico casalta original x 250 ml.,7790139004330,5583.0,"$5.583,00",20260901
Almacen,Almacen,aceto balsamico casalta reduccion x 500 ml.,7790139101640,10103.0,"$10.103,00",20260901
Almacen,Almacen,aceto balsamico cocinero x 250 ml. modena,7790070228031,2279.0,"$2.279,00",20260901
Almacen,Almacen,aceto balsamico cocinero x 500 ml. tipo modena,7790070228611,3939.0,"$3.939,00",20260901
Almacen,Almacen,aceto balsamico dos anclas altavia gourmet x 250,7792900092966,6618.0,"$6.618,00",20260901
Almacen,Almacen,aceto balsamico dos anclas x 250 ml.,7792900000251,3249.0,"$3.249,00",20260901
Almacen,Almacen,aceto balsamico favinco x 250 ml.,7790139003425,3320.0,"$3.320,00",20260901
Almacen,Almacen,aceto balsamico glaze casalta x 250 ml. ahumado,7790139004521,5583.0,"$5.583,00",20260901
Almacen,Almacen,aceto balsamico la toscana pet x 250 ml.,7798080522057,3701.0,"$3.701,00",20260901
Almacen,Almacen,aceto balsamico la toscana x 250 ml.,7798080521272,5286.0,"$5.286,00",20260901
Almacen,Almacen,aceto balsamico lira reduccion x 250 ml.,7790070231956,3309.0,"$3.309,00",20260901
Almacen,Almacen,aceto balsamico lira reduccion x 500 ml.,7790070231963,5859.0,"$5.859,00",20260901
Almacen,Almacen,aceto balsamico lira x 250 ml.,7790070231949,2569.0,"$2.569,00",20260901
Almacen,Almacen,aceto balsamico marvavic x 250 ml.,7793551002205,7629.0,"$7.629,00",20260901
Almacen,Almacen,aceto balsamico tipo reduccion cocinero x 500 ml.,7790070231260,4199.0,"$4.199,00",20260901
Almacen,Almacen,aceto balsamico viridian x 250 ml.,742832320542,9173.0,"$9.173,00",20260901
Almacen,Almacen,aceto espeso favinco x 250 ml. ahumado,7790139004958,4469.0,"$4.469,00",20260901
Almacen,Almacen,aceto espeso favinco x 250 ml. original,7790139004941,4469.0,"$4.469,00",20260901
Almacen,Almacen,aceto reduccion glaze casalta x 250 ml mostaza,7790139004606,5503.0,"$5.503,00",20260901
Almacen,Almacen,aderezo a base de mostaza aleluya x 200 gr. suave,7790158229615,3416.0,"$3.416,00",20260901
Almacen,Almacen,aderezo hellmann`s picante x 250 gr.,7794000008915,2760.17,"$2.760,17",20260901
Almacen,Almacen,aderezo hellmann`s picante x 340 gr.,7794000008922,3205.33,"$3.205,33",20260901
Almacen,Almacen,aderezo hellmans x 340 gr asado,7794000009424,2522.68,"$2.522,68",20260901
Almacen,Almacen,aderezo para ensalada  cocinero x 500 ml clasico,7790070265463,1859.0,"$1.859,00",20260901
Almacen,Almacen,aderezo para ensaladas cocinero x 500 gm aceto y oliva,7790070265456,2209.0,"$2.209,00",20260901
Almacen,Almacen,adobo para pizzas dos anclas x 25 gr.,7792900009223,1297.0,"$1.297,00",20260901
Almacen,Almacen,aji triturado alicante x 25 gr.,7790150406915,1096.0,"$1.096,00",20260901
Almacen,Almacen,aji triturado la campagnola x 23 gm,7790580136062,1340.0,"$1.340,00",20260901
Almacen,Almacen,aji triturado la campagnola x 48 gm,7790580136512,2404.0,"$2.404,00",20260901
Almacen,Almacen,ajies en vinagre marvavic x 120 gr.,7793551000294,5459.0,"$5.459,00",20260901
Almacen,Almacen,ajies en vinagre nucete x 330 gr.,7792070000754,5168.0,"$5.168,00",20260901
Almacen,Almacen,ajies marvavic en vinagre de alcohol x 220 gr.,7793551000300,9001.0,"$9.001,00",20260901
Almacen,Almacen,ajies marvavic enteros 900gr x kg.,2024670000007,34755.0,"$34.755,00",20260901
Almacen,Almacen,ajo badia asado x 170.1 gr,33844003906,16441.0,"$16.441,00",20260901
Almacen,Almacen,ajo triturado alicante x50gr.n,7790150411391,1793.0,"$1.793,00",20260901
Almacen,Almacen,albahaca alicante x 20 gr.,7790150413005,849.0,"$849,00",20260901
Almacen,Almacen,albahaca dos anclas x 35 gr.,7792900910376,1892.0,"$1.892,00",20260901
Almacen,Almacen,alcaparras gentleman x110gr.,7790645002462,3753.0,"$3.753,00",20260901
Almacen,Almacen,alcaparras marvavic frasco x 100 gm,7793551002830,4679.0,"$4.679,00",20260901
Almacen,Almacen,alf. cofler block x60gr,7790040659605,2323.0,"$2.323,00",20260901
Almacen,Almacen,alf.bon o bon x6u.negro,7790040613904,6900.0,"$6.900,00",20260901
Almacen,Almacen,alf.bon o bon x6unid.mini,7790040129764,3282.0,"$3.282,00",20260901
Almacen,Almacen,alf.cofler block x6unid.,7790040143630,6900.0,"$6.900,00",20260901
Almacen,Almacen,alf.cofler x40gr.mousse,7790040143647,1146.0,"$1.146,00",20260901
Almacen,Almacen,alf.minitorta x69gr.clasico,7790040133587,2323.0,"$2.323,00",20260901
Almacen,Almacen,alfajor bagley blanco y negro x 73 gr blanco,7790040991910,2323.0,"$2.323,00",20260901
Almacen,Almacen,alfajor blanco y negro x 73 gm negro,7790040375000,2323.0,"$2.323,00",20260901
Almacen,Almacen,alfajor bon o bon triple x 60 gr blanco,7790040152748,2323.27,"$2.323,27",20260901
Almacen,Almacen,alfajor bon o bon x 60 gm triple,7790040148840,2323.0,"$2.323,00",20260901
Almacen,Almacen,alfajor cachafaz blanco x 6 unid.,7798128000493,14437.0,"$14.437,00",20260901
Almacen,Almacen,alfajor cachafaz chocolate x 6 unid.,7798128000479,14437.0,"$14.437,00",20260901
Almacen,Almacen,alfajor cachafaz maicena x 6 unid.,7798128000165,14437.0,"$14.437,00",20260901
Almacen,Almacen,alfajor cachafaz mixto x 12 unid.,7798128000509,28873.0,"$28.873,00",20260901
Almacen,Almacen,alfajor cachafaz mousse de chocolate x 6 unid.,7798128000257,14437.0,"$14.437,00",20260901
Almacen,Almacen,alfajor chocoarroz 6 x 25 gm sabor pistacho,7790070104403,6449.0,"$6.449,00",20260901
Almacen,Almacen,alfajor chocoarroz blanco x 6 unid.,7790070418302,4999.0,"$4.999,00",20260901
Almacen,Almacen,alfajor chocoarroz dulce de leche x 6 unid.,7790070418227,4999.0,"$4.999,00",20260901
Almacen,Almacen,alfajor chocoarroz limon x 6 unid.,7790070418265,4999.0,"$4.999,00",20260901
Almacen,Almacen,alfajor chocoarroz marroc x 6 unid.,7790070418340,4999.0,"$4.999,00",20260901
Almacen,Almacen,alfajor chocotorta x 71 gm,7790040150072,2126.0,"$2.126,00",20260901
Almacen,Almacen,alfajor cofler block x 40 gr.,7790040143654,1373.0,"$1.373,00",20260901
Almacen,Almacen,alfajor cofler x 60 gr choco creamy,7790040150010,2084.0,"$2.084,00",20260901
Almacen,Almacen,alfajor de chocolate sin tacc francks x 3 unidades,7798340790370,5808.0,"$5.808,00",20260901
Almacen,Almacen,alfajor goat x 75 gr,7790040154896,2640.39,"$2.640,39",20260901
Almacen,Almacen,alfajor milka mousse x 42 gr.,7622300759506,1761.0,"$1.761,00",20260901
Almacen,Almacen,alfajor milka x55gr.trimous.bl,7622300457303,2241.0,"$2.241,00",20260901
Almacen,Almacen,alfajor mini milka x 114 gm,7622202220074,3940.0,"$3.940,00",20260901
Almacen,Almacen,alfajor minitorta aguila coco,7790040133600,2323.0,"$2.323,00",20260901
Almacen,Almacen,alfajor oreo triple x 56 gr.,77976307,2120.0,"$2.120,00",20260901
Almacen,Almacen,alfajor pepito triple x 57 gr.,77915481,2241.0,"$2.241,00",20260901
Almacen,Almacen,alfajor shot simple x 44 gm pasta de mani,7622202304705,1597.0,"$1.597,00",20260901
Almacen,Almacen,alfajor shot x 60gr.triple blanco,7622202816437,1269.0,"$1.269,00",20260901
Almacen,Almacen,alfajor shot x60gr.triple,77956699,2120.0,"$2.120,00",20260901
Almacen,Almacen,alfajor super chocoarroz x 216 gr dulce de leche doble cober,7790070103314,6449.0,"$6.449,00",20260901
Almacen,Almacen,alfajor terrabusi chocolate,77939234,1490.0,"$1.490,00",20260901
Almacen,Almacen,alfajor terrabusi clasico x 70 gr.,77903792,2241.0,"$2.241,00",20260901
Almacen,Almacen,alfajor terrabusi glaseado x 38 gr.,7622300202859,1364.0,"$1.364,00",20260901
Almacen,Almacen,alfajor terrabusi sin gluten x 55 gm,7622202296291,2045.0,"$2.045,00",20260901
Almacen,Almacen,alfajor terrabusi triple blanco x 70 gm,7622202805554,2241.0,"$2.241,00",20260901
Almacen,Almacen,alfajor terrabusi x6 chocolate,7622300742584,8613.0,"$8.613,00",20260901
Almacen,Almacen,alfajor terrabusi x6 glaseado,7622300742621,7755.0,"$7.755,00",20260901
Almacen,Almacen,alfajor terrabusi x70gr.torta,77903860,2120.0,"$2.120,00",20260901
Almacen,Almacen,alfajor tita x36gr.,77908308,1088.0,"$1.088,00",20260901
Almacen,Almacen,alfajor tofi negro x 6 unid.,7790040117143,5554.0,"$5.554,00",20260901
Almacen,Almacen,almendras peladas zyma x 150 gr.,7798130190021,8415.0,"$8.415,00",20260901
Almacen,Almacen,almendras peladas zyma x 300 gr.,7798130191400,13012.0,"$13.012,00",20260901
Almacen,Almacen,almendras sin cascara la nueva estrella x 80 gr.,7794513000321,3644.0,"$3.644,00",20260901
Almacen,Almacen,almendras sin cascara x kg.,2011770000006,34230.0,"$34.230,00",20260901
Almacen,Almacen,almidon de maiz chango x 220 gr.,7791100000320,1575.0,"$1.575,00",20260901
Almacen,Almacen,almidon de maiz chango x 500 gr.,7791100000443,2279.0,"$2.279,00",20260901
Almacen,Almacen,almidon de maiz maizena x 220 gr.,7794000007451,1999.0,"$1.999,00",20260901
Almacen,Almacen,almidon de maiz maizena x 500 gr.,7794000007468,3489.86,"$3.489,86",20260901
Almacen,Almacen,almidon de maiz yuspe x 250 gr.,7794980363813,1262.0,"$1.262,00",20260901
Almacen,Almacen,almidon de maiz yuspe x 500 gr.,7794980363837,2432.0,"$2.432,00",20260901
Almacen,Almacen,anana caracas x836gr.,7790645001076,6752.0,"$6.752,00",20260901
Almacen,Almacen,anana morixe x 836 gm rodajas finas,7790199605607,6776.0,"$6.776,00",20260901
Almacen,Almacen,ananas en trozos comunes gentleman x 825 gr.,7790645003322,6701.0,"$6.701,00",20260901
Almacen,Almacen,anchoas en aceite x kg.,2025820000007,129275.0,"$129.275,00",20260901
Almacen,Almacen,ani.cereal pura vida x200g.fru,7798309870297,2112.0,"$2.112,00",20260901
Almacen,Almacen,anis granos alicante x25gr.,7790150420331,1298.0,"$1.298,00",20260901
Almacen,Almacen,antipasto vegetal en aceite marvavic x 250 gr.,7793551000539,7568.0,"$7.568,00",20260901
Almacen,Almacen,aromatizante artificial yuspe limon x 110 cc,7794980368504,1686.0,"$1.686,00",20260901
Almacen,Almacen,aromatizante artificial yuspe naranja x 110 cc,7794980368535,1686.0,"$1.686,00",20260901
Almacen,Almacen,arroz doble carolina trimacer x 1 kg.,7794836000015,2517.0,"$2.517,00",20260901
Almacen,Almacen,arroz doble carolina trimacer x 500 gr.,7794836000022,1314.0,"$1.314,00",20260901
Almacen,Almacen,arroz don elio doble carolina x 500 gr.,7798048720266,1589.0,"$1.589,00",20260901
Almacen,Almacen,arroz gallo carnaroli x 500 gr.,7790070411792,2950.0,"$2.950,00",20260901
Almacen,Almacen,arroz gallo doble carolina x 500 gr.,7790070431431,2053.0,"$2.053,00",20260901
Almacen,Almacen,arroz gallo integral x 1 kilo estuche,7790070431585,3196.0,"$3.196,00",20260901
Almacen,Almacen,arroz gallo largo fino x1kg.bolsa,7790070431448,2556.0,"$2.556,00",20260901
Almacen,Almacen,arroz gallo oro x 1 kg.,7790070431417,2812.0,"$2.812,00",20260901
Almacen,Almacen,arroz gallo oro x 500 gr.,7790070433114,1481.0,"$1.481,00",20260901
Almacen,Almacen,arroz gallo oro x1kg.parb.est.,7790070433091,4523.0,"$4.523,00",20260901
Almacen,Almacen,arroz gallo risotto 4 quesos x 240 gr.,7790070431721,3609.0,"$3.609,00",20260901
Almacen,Almacen,arroz integral gallo seleccion x 500 gr.,7790070433152,1199.0,"$1.199,00",20260901
Almacen,Almacen,arroz integral trimacer x 1 kg.,7794836001159,2202.0,"$2.202,00",20260901
Almacen,Almacen,arroz la egipciana x 500 gr doble,7790681001139,1379.0,"$1.379,00",20260901
Almacen,Almacen,arroz largo fino 00000 la egipciana x 500 gr.,7790681002150,999.0,"$999,00",20260901
Almacen,Almacen,arroz largo fino gallo x 500 gr.,7790070433145,1347.0,"$1.347,00",20260901
Almacen,Almacen,arroz largo fino maria x 1 kg.,7790387070019,2130.0,"$2.130,00",20260901
Almacen,Almacen,arroz largo fino maria x 500 gr.,7790387070026,1117.0,"$1.117,00",20260901
Almacen,Almacen,arroz largo fino mocovi estuche x 1 kg.,7794580000248,2337.0,"$2.337,00",20260901
Almacen,Almacen,arroz largo fino tio quico x 1 kg.,7794836000107,1573.0,"$1.573,00",20260901
Almacen,Almacen,arroz largo fino trimacer 00000 x 1 kg.,7794836000046,2203.0,"$2.203,00",20260901
Almacen,Almacen,arroz largo fino trimacer 00000 x 500 gr.,7794836000053,1140.0,"$1.140,00",20260901
Almacen,Almacen,arroz lucchetti doble carolina x 1 kg.,7790070431462,3269.0,"$3.269,00",20260901
Almacen,Almacen,arroz lucchetti integral x 1 kg.,7790070431479,2207.0,"$2.207,00",20260901
Almacen,Almacen,arroz lucchetti parb.sel.bol1k,7790070431509,2483.0,"$2.483,00",20260901
Almacen,Almacen,arroz lucchetti parb.sel.x500g,7790070431516,1309.0,"$1.309,00",20260901
Almacen,Almacen,arroz lucchetti x1kg.l.fino,7790070431486,2193.0,"$2.193,00",20260901
Almacen,Almacen,arroz lucchetti x500gr.l.fino,7790070431493,1188.0,"$1.188,00",20260901
Almacen,Almacen,arroz maximo largo fino x 1 kg.,7790070412126,1719.0,"$1.719,00",20260901
Almacen,Almacen,arroz maximo largo fino x 500 gr.,7790070412171,900.0,"$900,00",20260901
Almacen,Almacen,arroz mocovi doble carolina x 1 kg.,7794580003065,2530.0,"$2.530,00",20260901
Almacen,Almacen,arroz mocovi doble carolina x 500 gr.,7794580003072,1328.0,"$1.328,00",20260901
Almacen,Almacen,arroz mocovi largo fino x 500 gr.,7794580003041,922.0,"$922,00",20260901
Almacen,Almacen,arroz mocovi x 1 kilo doble carolina en caja,7794580000019,2910.0,"$2.910,00",20260901
Almacen,Almacen,arroz mocovi x 1 kilo largo fino,7794580003058,1756.0,"$1.756,00",20260901
Almacen,Almacen,arroz mocovi x 500 gr largo fino estuche,7794580000040,1225.0,"$1.225,00",20260901
Almacen,Almacen,arroz mocovi x 500 gr. doble carolina,7794580000026,1528.0,"$1.528,00",20260901
Almacen,Almacen,arroz molino sala x 500 gr no se pasa,7791120037566,1125.0,"$1.125,00",20260901
Almacen,Almacen,arroz molinos ala c 500 gm largo fino,7791120098895,1212.15,"$1.212,15",20260901
Almacen,Almacen,arroz molinos ala x 500 gm doble carolina,7791120021565,1709.0,"$1.709,00",20260901
Almacen,Almacen,arroz prep.gallo x240gr.queso,7790070432261,2369.0,"$2.369,00",20260901
Almacen,Almacen,arroz prep.gallo x240gr.verdeo,7790070432278,2369.0,"$2.369,00",20260901
Almacen,Almacen,arroz preparado gallo x 240 gr. mix de vegetales,7790070432254,2369.0,"$2.369,00",20260901
Almacen,Almacen,arroz primor largo fino x 1 kg.,7794870001344,1199.0,"$1.199,00",20260901
Almacen,Almacen,arroz vincha de oro largo fino x 1 kg.,7794580000255,1555.0,"$1.555,00",20260901
Almacen,Almacen,arroz yamani gallo estuche x 500 gr.,7790070411914,2822.0,"$2.822,00",20260901
Almacen,Almacen,arrozgallo doble carolina x 1 kilo estuche,7790070431578,3499.0,"$3.499,00",20260901
Almacen,Almacen,arvejas don elio x 400 gr. enteras,7798048720044,834.0,"$834,00",20260901
Almacen,Almacen,arvejas la egipciana,7790681001177,949.0,"$949,00",20260901
Almacen,Almacen,arvejas partidas don elio x 400 gr.,7798048720969,1184.0,"$1.184,00",20260901
Almacen,Almacen,arvejas partidas la egipciana x 400 gr.,7790681000316,1392.0,"$1.392,00",20260901
Almacen,Almacen,arvejas partidas las achiras x 400 gr.,7790681000200,949.0,"$949,00",20260901
Almacen,Almacen,arvejas sec.rem.arcor x300gr.,7790580132392,1207.0,"$1.207,00",20260901
Almacen,Almacen,arvejas sec.rem.l.campagn.x300,7793360132384,1388.0,"$1.388,00",20260901
Almacen,Almacen,arvejas secas enteras la egipciana x 500 gr.,7790681000309,1392.0,"$1.392,00",20260901
Almacen,Almacen,arvejas secas remojadas don elio x 300 gr lata,7798048721874,762.0,"$762,00",20260901
Almacen,Almacen,atun al natural en lomo la campagnola x 170 gr.,7790580131364,5867.0,"$5.867,00",20260901
Almacen,Almacen,atun caracas x170gr.desm.aceit,7790645001809,1794.0,"$1.794,00",20260901
Almacen,Almacen,atun caracas x170gr.desm.natur,7790645002363,1794.0,"$1.794,00",20260901
Almacen,Almacen,atun desmenuzado al natural la campagnola x 170 g.,7793360129957,2879.0,"$2.879,00",20260901
Almacen,Almacen,atun desmenuzado natural morixe x 170 gm,7790199604785,1677.0,"$1.677,00",20260901
Almacen,Almacen,atun desmunuzado morixe en aceite x 170 gm,7790199604792,1677.0,"$1.677,00",20260901
Almacen,Almacen,atun en aceite en lomo la campagnola x 170 gr.,7790580131357,5867.0,"$5.867,00",20260901
Almacen,Almacen,atun en lomos en aceite la campagnola x 300 gr.,7790580138769,9165.0,"$9.165,00",20260901
Almacen,Almacen,atun la campagnola al natural x 300 gr,7790580138776,9165.0,"$9.165,00",20260901
Almacen,Almacen,atun la campagnola x 170 gm ahumado,7790580143718,6028.0,"$6.028,00",20260901
Almacen,Almacen,avellanas con chocolate con leche nestle x 80 gm,8445291996731,3091.0,"$3.091,00",20260901
Almacen,Almacen,avena arrollada tradicional don elio x 400 gr.,7798048720228,1891.0,"$1.891,00",20260901
Almacen,Almacen,avena instantanea don elio400g,7798048721553,1972.0,"$1.972,00",20260901
Almacen,Almacen,avena instantanea granix x 400 gr.,7790045823575,3560.0,"$3.560,00",20260901
Almacen,Almacen,avena la egipciana x 300 gr arrollada,7790681002174,1749.0,"$1.749,00",20260901
Almacen,Almacen,avena la egipciana x 300 gr instantanea,7790681000927,1879.0,"$1.879,00",20260901
Almacen,Almacen,avena morixe x400gr instantanea,7790199604594,1837.0,"$1.837,00",20260901
Almacen,Almacen,avena quaker x 500 gr. instantanea,7792170555536,3549.0,"$3.549,00",20260901
Almacen,Almacen,avena quaker x470gr.ext.fina,7792170555512,3549.0,"$3.549,00",20260901
Almacen,Almacen,avena quaker x550gr.tradiciona,7792170555543,3549.0,"$3.549,00",20260901
Almacen,Almacen,avena tradicional granix x 400 gr.,7790045823568,3332.0,"$3.332,00",20260901
Almacen,Almacen,avena tradicional morixe x 400 gr,7790199604587,1837.0,"$1.837,00",20260901
Almacen,Almacen,azafran alicante x2unid.,7790150425251,7674.0,"$7.674,00",20260901
Almacen,Almacen,azafran sabor 15 x 4 unid.,7798042263691,1960.0,"$1.960,00",20260901
Almacen,Almacen,azucar chango bajas calorias x 500 gr.,7791100046137,2821.0,"$2.821,00",20260901
Almacen,Almacen,azucar chango organico x 1 kg.,7791100000450,4679.0,"$4.679,00",20260901
Almacen,Almacen,azucar chango premium x 1 kg.,7791100000283,1751.0,"$1.751,00",20260901
Almacen,Almacen,azucar chango sobrecitos x500g,7791100046298,4818.0,"$4.818,00",20260901
Almacen,Almacen,azucar comun chango x 1 kg.,7791100000481,1697.0,"$1.697,00",20260901
Almacen,Almacen,azucar hileret x 250 gm light,7794940000550,1879.0,"$1.879,00",20260901
Almacen,Almacen,azucar hileret x 500 gm light,7794940000536,3154.0,"$3.154,00",20260901
Almacen,Almacen,azucar impalpable jeraco x 200 gr.,7797109000019,991.0,"$991,00",20260901
Almacen,Almacen,azucar impalpable yuspe x 250 gr,7794980932255,1866.0,"$1.866,00",20260901
Almacen,Almacen,azucar la muneca x 1 kg.,7798106640017,1485.0,"$1.485,00",20260901
Almacen,Almacen,azucar negra dos anclas x 300 gm,7792900990637,2975.16,"$2.975,16",20260901
Almacen,Almacen,azucar negra grandiet x 500 gr.,7797330100403,4300.0,"$4.300,00",20260901
Almacen,Almacen,bano de reposteria aguila rosa x 150 gr. sabor fra,7790580133764,4077.0,"$4.077,00",20260901
Almacen,Almacen,bano de reposteria aguila semiamargo x 150 gr.,7790580131487,4077.0,"$4.077,00",20260901
Almacen,Almacen,bano de reposteria dos anclas semiamargo x 150 gr.,7792900916606,3651.0,"$3.651,00",20260901
Almacen,Almacen,bano repost.aguila x150gr.blanc,7790580131494,4077.0,"$4.077,00",20260901
Almacen,Almacen,bano repost.aguila x150gr.cele,7790580133641,4077.0,"$4.077,00",20260901
Almacen,Almacen,bano repost.aguila x150gr.leche,7790580131470,4077.0,"$4.077,00",20260901
Almacen,Almacen,barbacoa hellmanns x 250 gr dp,7794000007802,2644.0,"$2.644,00",20260901
Almacen,Almacen,barbacoa hellmanns x 400 gm plastica,7794000007796,5019.0,"$5.019,00",20260901
Almacen,Almacen,barbacoa l.campagnola x250gr.,7793360123474,1720.0,"$1.720,00",20260901
Almacen,Almacen,barbacoa natura x 250 gm doy pack,7791866004471,1898.46,"$1.898,46",20260901
Almacen,Almacen,barbacoa natura x 500 gm doy pack,7791866004488,3734.09,"$3.734,09",20260901
Almacen,Almacen,barr.arroz crowie x3u.cho.ngro,7798228640070,1852.0,"$1.852,00",20260901
Almacen,Almacen,barras de arroz crowie frutilla x 3 unid.,7798228640094,1852.0,"$1.852,00",20260901
Almacen,Almacen,barras de arroz crowie mini bars x 50 gr. chocofrutilla,7798228640629,1804.0,"$1.804,00",20260901
Almacen,Almacen,batatas quento x 130 gr,7798187211267,3465.44,"$3.465,44",20260901
Almacen,Almacen,batatas quento x 70 gr caprese,7798187212448,2315.46,"$2.315,46",20260901
Almacen,Almacen,batatas quento x 70 gr crema de roquefort,7798187212356,2315.46,"$2.315,46",20260901
Almacen,Almacen,batatas quento x 70 gr mostaza y miel,7798187212387,2315.46,"$2.315,46",20260901
Almacen,Almacen,batatas quento x 72 gr,7798187211892,2315.46,"$2.315,46",20260901
Almacen,Almacen,berenjenas en escabeche marvavic x 250 gr.,7793551000447,7753.0,"$7.753,00",20260901
Almacen,Almacen,bicarbonato de sodio alicante x 50 gr.,7790150430392,812.0,"$812,00",20260901
Almacen,Almacen,bicarbonato de sodio dos anclas x 25 gr.,7792900092805,715.0,"$715,00",20260901
Almacen,Almacen,bicarbonato de sodio yuspe x 50 gr,7794980911205,643.0,"$643,00",20260901
Almacen,Almacen,bizc.aguila x530gr.chocolate,7790580132286,4950.0,"$4.950,00",20260901
Almacen,Almacen,bizc.aguila x540gr.vainilla,7790580132293,4540.0,"$4.540,00",20260901
Almacen,Almacen,bizc.arcor x500gr.choc.stacc,7790580126087,5587.0,"$5.587,00",20260901
Almacen,Almacen,bizc.arcor x500gr.vain.stacc,7790580126070,5587.0,"$5.587,00",20260901
Almacen,Almacen,bizc.exquisita x425gr.lemonies,7790070432865,4658.0,"$4.658,00",20260901
Almacen,Almacen,bizc.favorita x450gr.vainilla,7790070417282,1548.0,"$1.548,00",20260901
Almacen,Almacen,bizc.godet x480gr.chocolate,7790580131760,4291.0,"$4.291,00",20260901
Almacen,Almacen,bizc.godet x480gr.marmolado,7790580131753,4086.0,"$4.086,00",20260901
Almacen,Almacen,bizcochitos sin tacc frank`s x 100 gr. con semills,7798340790301,2232.0,"$2.232,00",20260901
Almacen,Almacen,bizcochitos sin tacc frank`s x 100 gr. sabor queso,7798340790264,2232.0,"$2.232,00",20260901
Almacen,Almacen,bizcochos de arroz gallo tortita negra x 100 gr.,7790070418449,1999.0,"$1.999,00",20260901
Almacen,Almacen,bizcochos salados de arroz gallo x 100 gr.,7790070418463,1999.0,"$1.999,00",20260901
Almacen,Almacen,bizcochuelo exquisita libre de gluten x 450 gr. va,7790070432933,4992.0,"$4.992,00",20260901
Almacen,Almacen,bizcochuelo exquisita x 635 gm torta argentina,7790070416544,6955.08,"$6.955,08",20260901
Almacen,Almacen,bizcochuelo maizena libre de gluten x 450 gr. vaia,7794000008229,5329.0,"$5.329,00",20260901
Almacen,Almacen,bizcochuelo royal x500gr.choco,7622201806668,5604.0,"$5.604,00",20260901
Almacen,Almacen,bizcochuelo royal x500gr.vaini,7622201806651,5604.0,"$5.604,00",20260901
Almacen,Almacen,bocadito cabsha x 180 gr.,7790580219000,9042.0,"$9.042,00",20260901
Almacen,Almacen,bol.cereal pura vida x200g.cv,7798309870280,2420.0,"$2.420,00",20260901
Almacen,Almacen,bolitas de cereal de chocolate pura vida x 200 gr.,7798309870303,1905.0,"$1.905,00",20260901
Almacen,Almacen,bolsa para horno knorr ajo y cebolla x 21 gr.,7794000004917,2834.8,"$2.834,80",20260901
Almacen,Almacen,bolsa para horno knorr x 21 gr. limon y oregano,7794000004887,2834.8,"$2.834,80",20260901
Almacen,Almacen,bolson surtido queth,7790414002488,6144.0,"$6.144,00",20260901
Almacen,Almacen,bombon de fruta mogul x 80 gr,7790580148720,2142.0,"$2.142,00",20260901
Almacen,Almacen,bombon de fruta mogul x500gr.,7790580106935,9056.0,"$9.056,00",20260901
Almacen,Almacen,bombon milka oreo x 19 gr.,77971630,830.0,"$830,00",20260901
Almacen,Almacen,bombon surtido,7790580138370,6854.0,"$6.854,00",20260901
Almacen,Almacen,bombones bon o bon blanco x 450 gr.,77961815,631.0,"$631,00",20260901
Almacen,Almacen,bombones coco y almendras x 9 unidades raffaello,8000500232057,8303.0,"$8.303,00",20260901
Almacen,Almacen,bombones con coco y almendras x 3 unidades raffaello,80052487,3049.0,"$3.049,00",20260901
Almacen,Almacen,bombones cubiertos con choco.con leche y avellanas x 12 unid,7898024396994,16027.0,"$16.027,00",20260901
Almacen,Almacen,bombones cubiertos con chocolate y avellanas rellenos x 4 un,7898024397861,5697.0,"$5.697,00",20260901
Almacen,Almacen,bombones de fruta sabor frambuesa baaadas en chocolate mogul,7790580151485,4930.0,"$4.930,00",20260901
Almacen,Almacen,bombones ferrero rocher caja x 24 unidades,8000500009673,29570.0,"$29.570,00",20260901
Almacen,Almacen,bombones ferrero rocher x 3 unid.,78909434,3788.0,"$3.788,00",20260901
Almacen,Almacen,bombones ferrero rocher x 8 unid.,7861002900117,10627.0,"$10.627,00",20260901
Almacen,Almacen,bombones garoto x 250 gr.,7891000392775,7118.0,"$7.118,00",20260901
Almacen,Almacen,bombones milka oreo x 209 gr.,7622202399107,9122.0,"$9.122,00",20260901
Almacen,Almacen,bombones nestle especialidades x 251 gr.,7891000391068,7118.0,"$7.118,00",20260901
Almacen,Almacen,bomobnes rellenos surtidos x 7 unidades ferrero colection,7898024397151,12108.0,"$12.108,00",20260901
Almacen,Almacen,bon o bon  x 144 gm supreme,7790580153922,7460.0,"$7.460,00",20260901
Almacen,Almacen,bon o bon x 150 gm leche doy pack,7790580153656,5391.0,"$5.391,00",20260901
Almacen,Almacen,bon o bon x 297 gm cookies and cream,7790580152925,10333.0,"$10.333,00",20260901
Almacen,Almacen,bon o bon x 36 gm supreme,7790580124557,2157.0,"$2.157,00",20260901
Almacen,Almacen,bon o bon x105gr leche bolsa,7790580119164,3510.0,"$3.510,00",20260901
Almacen,Almacen,bon o bon x15gr.leche,77958921,690.0,"$690,00",20260901
Almacen,Almacen,bon o bon x270gr.aguila,7790580102517,10333.0,"$10.333,00",20260901
Almacen,Almacen,bon o bon x270gr.blanco,7790580119065,10333.0,"$10.333,00",20260901
Almacen,Almacen,bon o bon x270gr.chocolinas,7790580117771,10333.0,"$10.333,00",20260901
Almacen,Almacen,bon o bon x270gr.coco,7790580146368,10333.0,"$10.333,00",20260901
Almacen,Almacen,bon o bon x270gr.leche,7790580119157,10333.0,"$10.333,00",20260901
Almacen,Almacen,brownie exquisita x 750 gr bolsa,7790070432896,7555.0,"$7.555,00",20260901
Almacen,Almacen,brownies sin tacc exquisita x 400 gm,7790070432957,5282.0,"$5.282,00",20260901
Almacen,Almacen,caballa caracas x 380 gm natural,7790645002066,5451.1,"$5.451,10",20260901
Almacen,Almacen,caballa caracas x380gr.aceite,7790645002059,5451.0,"$5.451,00",20260901
Almacen,Almacen,cacao arcoa x180gr.,7790580131876,2050.0,"$2.050,00",20260901
Almacen,Almacen,cacao arcoa x360gr.,7790580131883,4076.0,"$4.076,00",20260901
Almacen,Almacen,cacao chocolino menos azucar x 300 gr.,7790150830406,6770.0,"$6.770,00",20260901
Almacen,Almacen,cacao chocolino x 800 gr.,7790150830482,11144.0,"$11.144,00",20260901
Almacen,Almacen,cacao en polvo chocolino x 180 gr.,7790150830444,1969.0,"$1.969,00",20260901
Almacen,Almacen,cacao en polvo chocolino x 360 gr.,7790150830468,3889.0,"$3.889,00",20260901
Almacen,Almacen,cacao en polvo exquisita x 150 gr.,7790070433015,1699.0,"$1.699,00",20260901
Almacen,Almacen,cacao en polvo exquisita x 300 gr.,7790070433022,2949.0,"$2.949,00",20260901
Almacen,Almacen,cacao en polvo exquisita x 800 gr,7790070418036,7739.0,"$7.739,00",20260901
Almacen,Almacen,cacao nescao x 300 gr.,7613287149145,3559.0,"$3.559,00",20260901
Almacen,Almacen,cacao nesquik menos azucar x 150 gr,8445292798426,3271.37,"$3.271,37",20260901
Almacen,Almacen,cacao nesquik menos azucar x 300 gr.,8445290559975,6826.0,"$6.826,00",20260901
Almacen,Almacen,cacao nesquik x 150 gr.,8445291121843,2077.0,"$2.077,00",20260901
Almacen,Almacen,cacao nesquik x 180 gr.,8445291121867,2601.0,"$2.601,00",20260901
Almacen,Almacen,cacao nesquik x 360 gm original,8445291121881,4756.0,"$4.756,00",20260901
Almacen,Almacen,cacao toddy extremo x 800 gr.,7790380023425,8560.0,"$8.560,00",20260901
Almacen,Almacen,cacao toddy x180gr.original,7790380023401,2097.0,"$2.097,00",20260901
Almacen,Almacen,cacao toddy x360gr.extrem,7790380023418,4177.0,"$4.177,00",20260901
Almacen,Almacen,calamares en aceite puglisi x 180 gr.,7790748235118,7559.0,"$7.559,00",20260901
Almacen,Almacen,caldo de verduras knorr balance x 12 cubos,7794000008519,2800.36,"$2.800,36",20260901
Almacen,Almacen,caldo de verduras knorr cero sodio x 12 unid.,7794000008274,3109.21,"$3.109,21",20260901
Almacen,Almacen,caldo de verduras knorr x 6 cubos,7794000008595,1296.67,"$1.296,67",20260901
Almacen,Almacen,caldo de verduras maggi x 12 unid.,7891000345528,1357.0,"$1.357,00",20260901
Almacen,Almacen,caldo knorr balance sabor gallina-verdura x 12 uni,7794000008526,2649.0,"$2.649,00",20260901
Almacen,Almacen,caldo knorr x12u.verdura,7794000008557,2378.08,"$2.378,08",20260901
Almacen,Almacen,caldo knrr x 12 unidades sabor carne,7794000008533,2378.08,"$2.378,08",20260901
Almacen,Almacen,caldo maggi equilibrium sabor gallina x 12 unid..,7891000381076,1357.0,"$1.357,00",20260901
Almacen,Almacen,caldo maggi gallina x 6 unid.,7891000345344,764.0,"$764,00",20260901
Almacen,Almacen,caldo maggi verdura x 6 unid.,7891000345399,764.0,"$764,00",20260901
Almacen,Almacen,caldo maggi x12unid.menos sodi,7891000345566,1357.0,"$1.357,00",20260901
Almacen,Almacen,caldo sabor gallina knorr x 12 cubos,7794000008540,2378.08,"$2.378,08",20260901
Almacen,Almacen,caldo sabor gallina knorr x 6 cubos,7794000008601,1296.67,"$1.296,67",20260901
Almacen,Almacen,caldo sabor gallina maggi receta casera x 12 unid.,7891000345481,1357.0,"$1.357,00",20260901
Almacen,Almacen,canela en polvo chango x 40 gr.,7791100046151,3977.0,"$3.977,00",20260901
Almacen,Almacen,canela en rama alicante x 20 gr.,7790150436080,3270.0,"$3.270,00",20260901
Almacen,Almacen,canela molida alicante x 25 gr.,7790150435380,1899.0,"$1.899,00",20260901
Almacen,Almacen,canela molida x 25 gm yuspe,7794980915241,1092.0,"$1.092,00",20260901
Almacen,Almacen,capelett.giacomo x250gr.verdur,7792390620762,3759.0,"$3.759,00",20260901
Almacen,Almacen,capelettini giacomo carne x 500 gr.,7792390620700,5439.0,"$5.439,00",20260901
Almacen,Almacen,capelettini giacomo queso y jamon x 500 gr.,7792390620786,5439.0,"$5.439,00",20260901
Almacen,Almacen,capelettini giacomo tridicci x 500 gr.,7792390620823,6536.0,"$6.536,00",20260901
Almacen,Almacen,capelettini giacomo x 250 gr. carne,7792390620724,3759.0,"$3.759,00",20260901
Almacen,Almacen,capelettini giacomo x 250 gr. queso y jamon,7792390620809,3759.0,"$3.759,00",20260901
Almacen,Almacen,capelettini giacomo x 500 gr. verdura,7792390620748,5439.0,"$5.439,00",20260901
Almacen,Almacen,capelettini lucchettinis x 500 gr. espinaca y queo,7790070317469,5760.0,"$5.760,00",20260901
Almacen,Almacen,capelettini lucchettinis x 500 gr. jamon y queso,7790070317452,5760.0,"$5.760,00",20260901
Almacen,Almacen,capelettini lucchettinis x 500 gr. multicolor,7790070320100,5760.0,"$5.760,00",20260901
Almacen,Almacen,car.flynn paff x128gr.uva,7790380029007,2861.0,"$2.861,00",20260901
Almacen,Almacen,car.flynn paff x504gr.t.frutti,7790380015888,11021.0,"$11.021,00",20260901
Almacen,Almacen,caram. menthoplus x29.4g mentho,77958624,783.0,"$783,00",20260901
Almacen,Almacen,caram.clight naranja,7622300803698,980.0,"$980,00",20260901
Almacen,Almacen,caram.menthoplus x25g.berries,7790580146870,2444.0,"$2.444,00",20260901
Almacen,Almacen,caram.menthoplus x29.4g.cherry,77958631,783.0,"$783,00",20260901
Almacen,Almacen,caram.menthoplus x29.4g.miel,77958655,783.0,"$783,00",20260901
Almacen,Almacen,caram.menthoplus x29.4g.strong,77958648,783.0,"$783,00",20260901
Almacen,Almacen,caram.menthoplus x29gr.menta,77958662,783.0,"$783,00",20260901
Almacen,Almacen,caram.mogul x220gr.conitos,7790580130992,4109.0,"$4.109,00",20260901
Almacen,Almacen,caram.mogul x500gr.dientes,7790580263102,10122.0,"$10.122,00",20260901
Almacen,Almacen,caram.mogul x500gr.ladril.frut,7790580141646,10196.0,"$10.196,00",20260901
Almacen,Almacen,caram.mogul x620gr.tubito frut,7790580140441,15212.0,"$15.212,00",20260901
Almacen,Almacen,caram.mogul x70g.tubito tut.fr,7790580141660,1873.0,"$1.873,00",20260901
Almacen,Almacen,carame4laops arcor x 84 gm gajos frutales,7790580152192,1319.0,"$1.319,00",20260901
Almacen,Almacen,caramelos acidos mogul extreme x 35 gr.,7790580116965,803.0,"$803,00",20260901
Almacen,Almacen,caramelos arcor rodajas crazy x 465 gr.,7790580296506,9131.0,"$9.131,00",20260901
Almacen,Almacen,caramelos arcor x 80 gr menta chocolate,7790580152123,1319.0,"$1.319,00",20260901
Almacen,Almacen,caramelos arcor x 80 gr rellenos frutales,7790580152130,1319.0,"$1.319,00",20260901
Almacen,Almacen,caramelos arcor x 80 gr rellenos miel,7790580152147,1319.0,"$1.319,00",20260901
Almacen,Almacen,caramelos arcor x 81 gm menta cristal,7790580152178,1319.0,"$1.319,00",20260901
Almacen,Almacen,caramelos butter toffe x 99 gr butter and cream,7790580147198,2135.0,"$2.135,00",20260901
Almacen,Almacen,caramelos butter toffes x 80 gm surtidos,7790580152116,1567.0,"$1.567,00",20260901
Almacen,Almacen,caramelos butter toffes x 80 gr leche,7790580152093,1567.0,"$1.567,00",20260901
Almacen,Almacen,caramelos butter toffies  x 80 gm chocolate,7790580152109,1567.0,"$1.567,00",20260901
Almacen,Almacen,caramelos clight x 26 gramos sabor naranja,7622202288197,980.0,"$980,00",20260901
Almacen,Almacen,caramelos confitados buballo x 72 gm,7622202228469,1998.0,"$1.998,00",20260901
Almacen,Almacen,caramelos confitados bubbaloo x 24 gr,7622202228490,856.0,"$856,00",20260901
Almacen,Almacen,caramelos de goma mogul rollo x 35 gm frutales,7790580602000,803.0,"$803,00",20260901
Almacen,Almacen,caramelos flynn paff frutilla x 128 gr.,7790380029021,2861.0,"$2.861,00",20260901
Almacen,Almacen,caramelos flynn paff gomitas x 700 gr.,7790380029786,10643.0,"$10.643,00",20260901
Almacen,Almacen,caramelos halls menta lyptus x 25.2 gm,7622202247309,897.0,"$897,00",20260901
Almacen,Almacen,caramelos halls mentho,7622202247385,897.0,"$897,00",20260901
Almacen,Almacen,caramelos halls miel con menta,7622202271281,897.0,"$897,00",20260901
Almacen,Almacen,caramelos halls sandia,7622202247354,897.0,"$897,00",20260901
Almacen,Almacen,caramelos halls x 25 gm sabor cherry,7622202247286,930.0,"$930,00",20260901
Almacen,Almacen,caramelos masticables arcor frutales x 800 gr.,7790580178208,11114.0,"$11.114,00",20260901
Almacen,Almacen,caramelos masticables sugus x 700 gr.,7790580060206,11433.0,"$11.433,00",20260901
Almacen,Almacen,caramelos menthoplus x 100 gm cafe,7790580138837,2715.0,"$2.715,00",20260901
Almacen,Almacen,caramelos mogul  x 100 gm ladrilos xtrem,7790580152734,2065.0,"$2.065,00",20260901
Almacen,Almacen,caramelos mogul de frutas baaados x 80 gm,7790580139568,2142.0,"$2.142,00",20260901
Almacen,Almacen,caramelos mogul extrem x 100 gm mini tubo mix,7790580151065,2065.0,"$2.065,00",20260901
Almacen,Almacen,caramelos mogul extreme tubitos frutilla x 70 gr.,7790580140434,1873.0,"$1.873,00",20260901
Almacen,Almacen,caramelos mogul gusanitos acidos x 500 gr.,7790580617103,9037.0,"$9.037,00",20260901
Almacen,Almacen,caramelos mogul jelly buttons x 220 gr.,7790580128821,4109.0,"$4.109,00",20260901
Almacen,Almacen,caramelos mogul masti extrem x 70 gm confitados,7790580150662,1813.0,"$1.813,00",20260901
Almacen,Almacen,caramelos mogul x 50 gm jelly beans,7790580139421,1284.83,"$1.284,83",20260901
Almacen,Almacen,caramelos mogul x 50 gm moras,7790580131272,1400.0,"$1.400,00",20260901
Almacen,Almacen,caramelos mogul x 70 gm masticables confitados,7790580150648,1813.0,"$1.813,00",20260901
Almacen,Almacen,caramelos mogul x 72 gm masticables extr splash,7790580151133,1813.0,"$1.813,00",20260901
Almacen,Almacen,caramelos mogul x 72 gm masticables splash,7790580150761,1813.0,"$1.813,00",20260901
Almacen,Almacen,caramelos mogul x 80 gm anillos,7790580152215,1658.0,"$1.658,00",20260901
Almacen,Almacen,caramelos mogul x 80 gm conitos,7790580152239,1521.0,"$1.521,00",20260901
Almacen,Almacen,caramelos mogul x 80 gm dientes,7790580151713,1658.0,"$1.658,00",20260901
Almacen,Almacen,caramelos mogul x 80 gm jelly button,7790580152246,1521.0,"$1.521,00",20260901
Almacen,Almacen,caramelos mogul x 80 gm osos extreme,7790580151690,1658.0,"$1.658,00",20260901
Almacen,Almacen,caramelos mogul x 80 gm palotes,7790580151232,1568.0,"$1.568,00",20260901
Almacen,Almacen,caramelos mogul x 80 gm palotes extreme,7790580151263,1568.0,"$1.568,00",20260901
Almacen,Almacen,caramelos mogul x 80 gr eucaliptus,7790580152222,1658.0,"$1.658,00",20260901
Almacen,Almacen,caramelos mogul x 80 gr jelly beans,7790580151737,1658.0,"$1.658,00",20260901
Almacen,Almacen,caramelos mogul x 80 gr moras,7790580118617,1658.0,"$1.658,00",20260901
Almacen,Almacen,caramelos sugus confitados x 50 gm acidos,7790580147983,1783.0,"$1.783,00",20260901
Almacen,Almacen,caramelos sugus masticables confitados x 50gr.,7790580056001,1948.0,"$1.948,00",20260901
Almacen,Almacen,caramelos sugus surtidos bolsa x 150 gm,7790580060602,2366.0,"$2.366,00",20260901
Almacen,Almacen,castanas de caju zyma x 150 gr.,7798130190045,6280.0,"$6.280,00",20260901
Almacen,Almacen,cazuela de calamares puglisi x 170 gr.,7790748266471,7869.0,"$7.869,00",20260901
Almacen,Almacen,cebolla alicante x50gr.n.i.,7790150440360,1999.0,"$1.999,00",20260901
Almacen,Almacen,cebolla deshidratada en escamas dos anclas x 75 gr,7792900990576,3327.0,"$3.327,00",20260901
Almacen,Almacen,cebollitas blancas marvavic x 100 gr.,7793551000713,2517.0,"$2.517,00",20260901
Almacen,Almacen,cebollitas blancas marvavic x 200 gr.,7793551000348,5266.0,"$5.266,00",20260901
Almacen,Almacen,cebollitas en vinagre marvavic 5kg x kg.,2024700000007,18711.0,"$18.711,00",20260901
Almacen,Almacen,cebollitas nucete en vinagre doy pack x 300 gr,7792070002345,4772.0,"$4.772,00",20260901
Almacen,Almacen,cebollitas nucete en vinagre fraco x 330 gr,7792070000747,6965.0,"$6.965,00",20260901
Almacen,Almacen,chalitas de cereal pedrin x 300 gr.,7791826000666,8838.0,"$8.838,00",20260901
Almacen,Almacen,chalitas pedrin x 50 gr.,7791826000659,1932.0,"$1.932,00",20260901
Almacen,Almacen,champignones enteros caracas x 400 gr,7790645001236,3768.0,"$3.768,00",20260901
Almacen,Almacen,champignones enteros morixe x 400 gm,7790199604969,3465.0,"$3.465,00",20260901
Almacen,Almacen,champignones morixe en trozos x 400 gm,7790199604952,3194.0,"$3.194,00",20260901
Almacen,Almacen,cheetos x 80 gm ondeados sabor queso,7790310988114,4167.0,"$4.167,00",20260901
Almacen,Almacen,cheetos x 85 gr queso crema,7790310985670,3981.0,"$3.981,00",20260901
Almacen,Almacen,cheetos x229gr.queso,7790310985748,8294.0,"$8.294,00",20260901
Almacen,Almacen,cheetos x85gr.queso,7790310985809,3981.0,"$3.981,00",20260901
Almacen,Almacen,chicle beldent  infinit x 13 gm blueberry,7622201448318,1302.0,"$1.302,00",20260901
Almacen,Almacen,chicle beldent botella sabor frutillalima,7622202012020,6946.0,"$6.946,00",20260901
Almacen,Almacen,chicle beldent frutilla x10gr.,77969118,1388.0,"$1.388,00",20260901
Almacen,Almacen,chicle beldent globo x10gr.,77969101,1141.0,"$1.141,00",20260901
Almacen,Almacen,chicle beldent infinit x 13 gm  sabor menta,7622201421489,1302.0,"$1.302,00",20260901
Almacen,Almacen,chicle beldent infinit x 26 gm citrus,7622201457419,2942.0,"$2.942,00",20260901
Almacen,Almacen,chicle beldent menta botella,7622202012198,6946.0,"$6.946,00",20260901
Almacen,Almacen,chicle beldent mentol frozen x 10 gr,77969095,1141.0,"$1.141,00",20260901
Almacen,Almacen,chicle beldent x 26 gm sabor spearm,7622201457389,2942.0,"$2.942,00",20260901
Almacen,Almacen,chicle beldent x10gr.menta,77969071,1141.0,"$1.141,00",20260901
Almacen,Almacen,chicle top line seven x 14 gr sandia mania,7790580109189,1274.0,"$1.274,00",20260901
Almacen,Almacen,chicle topline  seven x 14 gm violet cherry,77948496,1074.0,"$1.074,00",20260901
Almacen,Almacen,chicle topline 7 x14g.expl.min,77931764,1175.0,"$1.175,00",20260901
Almacen,Almacen,chicle topline seven x 14 gm atomic strong,77939753,1274.0,"$1.274,00",20260901
Almacen,Almacen,chicle topline turbo x 25 gm mint,7790580146818,2246.0,"$2.246,00",20260901
Almacen,Almacen,chicle topline turbo x 50 gm pink,7790580150068,4956.0,"$4.956,00",20260901
Almacen,Almacen,chicle topline turbo x50gr.min,7790580138547,5115.0,"$5.115,00",20260901
Almacen,Almacen,chile y lima badia x 85 gr,33844001544,9647.0,"$9.647,00",20260901
Almacen,Almacen,chimichurri alicante x25gr.,7790150445365,1508.0,"$1.508,00",20260901
Almacen,Almacen,chimichurri alicante x50gr.,7790150445396,2807.0,"$2.807,00",20260901
Almacen,Almacen,chimichurri dos anclas x 20 gr.,7792900910635,1136.0,"$1.136,00",20260901
Almacen,Almacen,chimichurri dos anclas x 375 gr.,7792900990712,4320.0,"$4.320,00",20260901
Almacen,Almacen,chimichurri la camp.x23gr.,7790580136215,1198.0,"$1.198,00",20260901
Almacen,Almacen,chimichurri tau  x 310 gr.,7798146138994,3734.0,"$3.734,00",20260901
Almacen,Almacen,chimichurri vanoli x 350 ml. ahumado,7790127786989,2903.0,"$2.903,00",20260901
Almacen,Almacen,chimichurri vanoli x 350 ml. clasico,7790127781489,2903.0,"$2.903,00",20260901
Almacen,Almacen,chimichurri vanoli x 350 ml. picante,7790127780987,3064.0,"$3.064,00",20260901
Almacen,Almacen,chimichurri vanoli x190cc.,7790127781410,2361.0,"$2.361,00",20260901
Almacen,Almacen,chipotle badia mild sauce x 155 ml,33844003289,9563.0,"$9.563,00",20260901
Almacen,Almacen,chips de chocolate chocolitos aguila x 150 gr.,7790407031532,6662.0,"$6.662,00",20260901
Almacen,Almacen,choc.aguila ptaza x100gr.flia,7790407031013,6159.0,"$6.159,00",20260901
Almacen,Almacen,choc.arcor x25gr.blanco,7790580139094,1343.0,"$1.343,00",20260901
Almacen,Almacen,choc.cofler air x35g.avellana,7790580146016,2345.0,"$2.345,00",20260901
Almacen,Almacen,choc.cofler air x38g.chocdll,7790580132958,2561.0,"$2.561,00",20260901
Almacen,Almacen,choc.cofler air x55gr.bcolech,7790580103422,4718.0,"$4.718,00",20260901
Almacen,Almacen,choc.cofler air x55gr.blanco,7790580103415,4718.0,"$4.718,00",20260901
Almacen,Almacen,choc.cofler aireado x67gr.bob,7790580115562,4718.0,"$4.718,00",20260901
Almacen,Almacen,choc.cofler aireado x70gr.tofi,7790580116842,4718.0,"$4.718,00",20260901
Almacen,Almacen,choc.cofler blockazo x1kg.,7790580115579,39015.0,"$39.015,00",20260901
Almacen,Almacen,choc.cofler x100gr.air.almendr,7790580103477,8221.0,"$8.221,00",20260901
Almacen,Almacen,choc.cofler x100gr.air.leche,7790580103446,8221.0,"$8.221,00",20260901
Almacen,Almacen,choc.cofler x110gr.block,77922120,5681.0,"$5.681,00",20260901
Almacen,Almacen,choc.cofler x140gr.lec.crockl,7790580146092,7822.0,"$7.822,00",20260901
Almacen,Almacen,choc.cofler x35g.yogfrutilla,7790580123772,2561.0,"$2.561,00",20260901
Almacen,Almacen,choc.cofler x55gr.macizo leche,7790580103484,4094.0,"$4.094,00",20260901
Almacen,Almacen,choc.daqui x70gr.lecman,7790380042167,1406.0,"$1.406,00",20260901
Almacen,Almacen,choc.hamlet x42gr.bicolor,7794612491013,1342.0,"$1.342,00",20260901
Almacen,Almacen,choc.hamlet x43gr.frut-yogur,7794612066419,1342.0,"$1.342,00",20260901
Almacen,Almacen,choc.hamlet x45gr.almend-mani,7794612065719,1342.0,"$1.342,00",20260901
Almacen,Almacen,choc.hamlet x45gr.lec-cook-cer,7794612065917,1342.0,"$1.342,00",20260901
Almacen,Almacen,choc.nestle cmani x90gr.,7613287529497,4753.0,"$4.753,00",20260901
Almacen,Almacen,choc.ptaza alteza x90gr.,7790380040293,2417.0,"$2.417,00",20260901
Almacen,Almacen,choc.rocklets x500g,7790580132583,16166.0,"$16.166,00",20260901
Almacen,Almacen,choclo amarillo cremoso arcor x 300 gr.,7790580980801,1839.0,"$1.839,00",20260901
Almacen,Almacen,choclo amarillo cremoso don elio x 300 gr.,7798048721911,920.0,"$920,00",20260901
Almacen,Almacen,choclo amarillo entero don elio x 300 gr.,7798048721928,1807.0,"$1.807,00",20260901
Almacen,Almacen,choclo arcor x300gr.grano,7790580148980,2162.0,"$2.162,00",20260901
Almacen,Almacen,choclo blanco cremoso don elio x 300 gr.,7798048721904,1032.0,"$1.032,00",20260901
Almacen,Almacen,choclo doaa pupa amarillo en grano x 340 gm,7798096031116,1747.0,"$1.747,00",20260901
Almacen,Almacen,choclo entero en granos la campagnola x 300 gr.,7793360132414,2287.0,"$2.287,00",20260901
Almacen,Almacen,choclo la egipciana en granos amarillo x 300 gm,7790681001153,1749.0,"$1.749,00",20260901
Almacen,Almacen,choclo noel x300gr.cremoso,7795184983708,2236.0,"$2.236,00",20260901
Almacen,Almacen,chocolate  toddy x 60 gm cookies and cream,7790380025139,2950.0,"$2.950,00",20260901
Almacen,Almacen,chocolate aguila amargo 60 % cacao x 70 gr naranja,7790580101879,6345.41,"$6.345,41",20260901
Almacen,Almacen,chocolate aguila amargo x 70 gr 70 % cacao,7790580101732,6954.99,"$6.954,99",20260901
Almacen,Almacen,chocolate aguila para taza x 150 gr.,7790407031273,8149.0,"$8.149,00",20260901
Almacen,Almacen,chocolate aguila x 130 gr 60 % cacao,7790580153748,9204.18,"$9.204,18",20260901
Almacen,Almacen,chocolate amargo aguila 60a?a? con naranja x 100 gr.,7790580143015,7804.0,"$7.804,00",20260901
Almacen,Almacen,chocolate amargo aguila x 130 gr 70 % cacao,7790580139179,10072.62,"$10.072,62",20260901
Almacen,Almacen,chocolate amargo aguila x 130 gr 80 % cacao,7790580139162,10940.93,"$10.940,93",20260901
Almacen,Almacen,chocolate arcor x 80 gr blanco-mani,7790580102890,3929.0,"$3.929,00",20260901
Almacen,Almacen,chocolate arcor x 80 gr marmolado,7790580103279,3929.0,"$3.929,00",20260901
Almacen,Almacen,"chocolate blanco milka con dulce de leche x 67,5 .",7622300844967,5778.0,"$5.778,00",20260901
Almacen,Almacen,chocolate blanco nestle galak x 80 gr.,7891000368626,3838.0,"$3.838,00",20260901
Almacen,Almacen,chocolate blanco vizzio x 90 gr.,7792360095071,5189.0,"$5.189,00",20260901
Almacen,Almacen,chocolate cadbury con almendras x 82 gr.,7622201807405,7199.0,"$7.199,00",20260901
Almacen,Almacen,chocolate cadbury intense x 162 gr.,7622201800505,13129.0,"$13.129,00",20260901
Almacen,Almacen,chocolate cadbury yoghurt frutilla x 82 gr.,7622201818715,7199.0,"$7.199,00",20260901
Almacen,Almacen,chocolate cofler  block x 170 gm miti miti,7790580132750,8201.0,"$8.201,00",20260901
Almacen,Almacen,chocolate cofler aireado leche x 55 gr.,7790580033408,4718.0,"$4.718,00",20260901
Almacen,Almacen,chocolate cofler aireado mixto x 100 gr.,7790580103460,8221.0,"$8.221,00",20260901
Almacen,Almacen,chocolate cofler blanco aireado x 100 gr.,7790580103453,8221.0,"$8.221,00",20260901
Almacen,Almacen,chocolate cofler blanco con chocolinas x 140 gm,7790580127336,7822.0,"$7.822,00",20260901
Almacen,Almacen,chocolate cofler block x 170 gm,7790580105013,7658.0,"$7.658,00",20260901
Almacen,Almacen,chocolate cofler con mani x 300 gr.,7790580103743,13241.0,"$13.241,00",20260901
Almacen,Almacen,chocolate cofler extra x 165 gr doble mousse,7790580126247,7414.0,"$7.414,00",20260901
Almacen,Almacen,chocolate cofler extra x 46 fr chococtorta,7790580126735,2604.0,"$2.604,00",20260901
Almacen,Almacen,chocolate cofler extra x 46 gr cookies and cream,7790580124274,2604.0,"$2.604,00",20260901
Almacen,Almacen,chocolate cofler extra x 46 gr doble mousse,7790580126254,2604.0,"$2.604,00",20260901
Almacen,Almacen,chocolate cofler graffiti blanco x 45 gr.,7790580123741,2186.0,"$2.186,00",20260901
Almacen,Almacen,chocolate cofler graffiti x 45 gr.,7790580111755,2186.0,"$2.186,00",20260901
Almacen,Almacen,chocolate cofler macizo x 140 gr. con almendras,7790580128234,7822.0,"$7.822,00",20260901
Almacen,Almacen,chocolate cofler macizo x 55 gr. con almendras,7790580033507,4094.0,"$4.094,00",20260901
Almacen,Almacen,chocolate cofler macizo x 55 gr. con chocolinas,7790580103538,4094.0,"$4.094,00",20260901
Almacen,Almacen,chocolate cofler macizo x 55 gr. con rocklets,7790580103521,4094.0,"$4.094,00",20260901
Almacen,Almacen,chocolate cofler relleno x 46 gr dulce de leche,7790580139193,2604.85,"$2.604,85",20260901
Almacen,Almacen,chocolate cofler x 100 gm 60 % cacao sabor naranja,7790580141776,6834.0,"$6.834,00",20260901
Almacen,Almacen,chocolate cofler x 100 gm cacao cremoso,7790580141752,7463.0,"$7.463,00",20260901
Almacen,Almacen,chocolate cofler x 140 gm avellanas,7790580144005,7822.0,"$7.822,00",20260901
Almacen,Almacen,chocolate cofler x 35 gr block gold,7790580126124,2272.0,"$2.272,00",20260901
Almacen,Almacen,chocolate cofler x 43 gr dubai,7790580154783,3850.48,"$3.850,48",20260901
Almacen,Almacen,chocolate cofler x 55 gm 3 placeres,7790580106560,4094.0,"$4.094,00",20260901
Almacen,Almacen,chocolate cofler x 64 gr. yogurt con frutilla,7790580123642,4094.0,"$4.094,00",20260901
Almacen,Almacen,chocolate con leche vizzio x 90 gr.,7792360095019,5189.0,"$5.189,00",20260901
Almacen,Almacen,chocolate con leche y mani tokke x 120 gr.,7790380022145,4418.0,"$4.418,00",20260901
Almacen,Almacen,chocolate full mani x 100 gr relleno de pasta de mani,7790380025078,2995.92,"$2.995,92",20260901
Almacen,Almacen,chocolate georgalos full mani x 150 gm,7790380025108,4240.67,"$4.240,67",20260901
Almacen,Almacen,chocolate georgalos full mani x 160 gr.,7790380005438,4369.0,"$4.369,00",20260901
Almacen,Almacen,chocolate georgalos full mani x 90 gm,7790380025085,2663.04,"$2.663,04",20260901
Almacen,Almacen,chocolate hamlet x 45 gr. blanco y cookies,7794612066310,1342.0,"$1.342,00",20260901
Almacen,Almacen,chocolate kinder bueno white x 39 gr.,80761761,3117.0,"$3.117,00",20260901
Almacen,Almacen,chocolate kinder x 100 gr.,77949707,6816.0,"$6.816,00",20260901
Almacen,Almacen,chocolate kinder x 50 gr.,77949677,3563.0,"$3.563,00",20260901
Almacen,Almacen,"chocolate kit kat triple chocolate x 41,5 gr.",7891000422052,2364.0,"$2.364,00",20260901
Almacen,Almacen,chocolate kit kat x 41 gr.,7891000248799,2364.0,"$2.364,00",20260901
Almacen,Almacen,chocolate kit kat x 41.5 gr cappuccino,7891000359983,2363.77,"$2.363,77",20260901
Almacen,Almacen,"chocolate kit-kat dark x 41,5 gr.",7891000379073,2364.0,"$2.364,00",20260901
Almacen,Almacen,"chocolate kit-kat white x 41,5 gr.",7891000379028,2364.0,"$2.364,00",20260901
Almacen,Almacen,chocolate milka aireado combinado x 25 gm,7622202322174,2508.0,"$2.508,00",20260901
Almacen,Almacen,chocolate milka aireado con leche x 110 gr.,7622201812744,9098.0,"$9.098,00",20260901
Almacen,Almacen,chocolate milka caramelo y avellanas x 300 gr.,7622300134532,33396.0,"$33.396,00",20260901
Almacen,Almacen,chocolate milka choco swing x 300 gr.,9012200872739,31487.0,"$31.487,00",20260901
Almacen,Almacen,chocolate milka leger almendras x 110 gr.,7622201812805,9098.0,"$9.098,00",20260901
Almacen,Almacen,chocolate milka leger combinado x 110 gr.,7622201812775,9098.0,"$9.098,00",20260901
Almacen,Almacen,chocolate milka leger x 50 gr. almendras,7622201818975,4986.0,"$4.986,00",20260901
Almacen,Almacen,chocolate milka max x 250 gr bubble caramel,7622300757717,30847.0,"$30.847,00",20260901
Almacen,Almacen,chocolate milka max x 300 gr mandel karamell,7622210732507,31487.0,"$31.487,00",20260901
Almacen,Almacen,chocolate milka x 100 gr cookies,7622201424848,10032.0,"$10.032,00",20260901
Almacen,Almacen,"chocolate milka x67,5gr.dulce de leche",7622300844943,5778.0,"$5.778,00",20260901
Almacen,Almacen,chocolate nestle alpino x 85 gr.,7891000336373,7694.0,"$7.694,00",20260901
Almacen,Almacen,chocolate nestle chocotrio,7891000437148,3990.0,"$3.990,00",20260901
Almacen,Almacen,chocolate nestle chocotrio cookies and cream x 90,7891000437223,3990.0,"$3.990,00",20260901
Almacen,Almacen,chocolate nestle chocotrio mani x 90 gr.,7891000437209,3990.0,"$3.990,00",20260901
Almacen,Almacen,chocolate nestle classic semiamargo x 80 gr.,7891000368572,3838.0,"$3.838,00",20260901
Almacen,Almacen,chocolate nestle con almendras x 50 gr,8445291565395,2473.0,"$2.473,00",20260901
Almacen,Almacen,chocolate nestle crunch x 80 gr.,7891000369371,3838.0,"$3.838,00",20260901
Almacen,Almacen,chocolate nestle diplomata x 80 gr.,7891000368893,3838.0,"$3.838,00",20260901
Almacen,Almacen,chocolate nestle mani x 150 gr.,7613287526311,7694.0,"$7.694,00",20260901
Almacen,Almacen,chocolate nestle trio x 90gm avellana,7891000474433,3990.0,"$3.990,00",20260901
Almacen,Almacen,chocolate nestle x 45 gm crunch,8445292457408,2177.0,"$2.177,00",20260901
Almacen,Almacen,chocolate nestle x 90 gm leche y almendras,8445291603677,3486.0,"$3.486,00",20260901
Almacen,Almacen,chocolate nestle x 90 gm semi amargo,8445291603646,4016.0,"$4.016,00",20260901
Almacen,Almacen,chocolate nestle x 90 gm suave y cremoso,8445291603615,3485.0,"$3.485,00",20260901
Almacen,Almacen,chocolate para taza aguila x 14 gr.,77931528,1201.0,"$1.201,00",20260901
Almacen,Almacen,chocolate para taza arcor x 100 gr.,7790580146382,4507.0,"$4.507,00",20260901
Almacen,Almacen,chocolate para taza bonafide x 100 gr.,7792360071365,5040.0,"$5.040,00",20260901
Almacen,Almacen,chocolate rocklets barra x 44 gr.,7790580128548,2171.0,"$2.171,00",20260901
Almacen,Almacen,chocolate suflair aireado con leche x 80 gr.,7891000455562,4162.0,"$4.162,00",20260901
Almacen,Almacen,chocolate suflair aireado duo x 80 gr.,7891000455708,4162.0,"$4.162,00",20260901
Almacen,Almacen,chocolate toddy x 50 gm aireado mix,7790380018056,2212.0,"$2.212,00",20260901
Almacen,Almacen,chocolate toddy x 60 gm relleno milk,7790380025122,2950.0,"$2.950,00",20260901
Almacen,Almacen,chocolate toddy x 60 gm relleno mousse,7790380025115,2950.0,"$2.950,00",20260901
Almacen,Almacen,chocolate tokke con leche y mani x 62 gr.,7790380022121,2002.0,"$2.002,00",20260901
Almacen,Almacen,chocolate vizzio con almendras x 100 gr.,7792360094586,5965.0,"$5.965,00",20260901
Almacen,Almacen,chocolito gota aguila x150g.bl,7790580119560,6662.0,"$6.662,00",20260901
Almacen,Almacen,chup.mister pops frutal x125gr,7790580252908,1995.0,"$1.995,00",20260901
Almacen,Almacen,chup.mister pops frutal x625gr,7790580252809,9085.0,"$9.085,00",20260901
Almacen,Almacen,chup.mister pops trompito x550,7790580739003,9085.0,"$9.085,00",20260901
Almacen,Almacen,chupetines mister pops evolution surtido x 180 gr.,7790580149932,3665.0,"$3.665,00",20260901
Almacen,Almacen,ciruelas dagen sin carozo x kilo,2011790000000,14192.0,"$14.192,00",20260901
Almacen,Almacen,ciruelas desecadas sin carozo la nueva estrella x.,7794513000055,3696.0,"$3.696,00",20260901
Almacen,Almacen,ciruelas d`agen ccarozo x kg.,2011780000003,13010.0,"$13.010,00",20260901
Almacen,Almacen,ciruelas sin carozo zyma x 250 gr.,7798130190076,6055.0,"$6.055,00",20260901
Almacen,Almacen,coco rallado alicante x 50 gr.,7790150460474,2123.0,"$2.123,00",20260901
Almacen,Almacen,coco rallado yuspe x 25 gr,7794980917269,1034.0,"$1.034,00",20260901
Almacen,Almacen,coctel 4 frutas alco x 820 gr.,7798132920435,4507.0,"$4.507,00",20260901
Almacen,Almacen,coctel 4 frutas gentleman x 820 gm,7790645000857,4824.0,"$4.824,00",20260901
Almacen,Almacen,coliflor en vinagre marvavic x 330 gr.,7793551000461,7147.0,"$7.147,00",20260901
Almacen,Almacen,comino alicante x 25 gr.,7790150465332,1371.0,"$1.371,00",20260901
Almacen,Almacen,comino alicante x50gr.molido,7790150465479,2469.0,"$2.469,00",20260901
Almacen,Almacen,comino la campagnola x23gr.,7790580136031,1782.0,"$1.782,00",20260901
Almacen,Almacen,comino molido dos anclas x 50 gr.,7792900009339,3346.0,"$3.346,00",20260901
Almacen,Almacen,cond.alican.x25g.carnes,7790150480243,1508.0,"$1.508,00",20260901
Almacen,Almacen,cond.alican.x25g.pizza,7790150490334,1207.0,"$1.207,00",20260901
Almacen,Almacen,condimento alicante para milanesas x 25 gr.,7790150497081,1295.0,"$1.295,00",20260901
Almacen,Almacen,condimento alicante x 25 gr. mix a las brasas,7790150532706,1642.0,"$1.642,00",20260901
Almacen,Almacen,condimento alicante x 25 gr. mix criollo,7790150532300,1642.0,"$1.642,00",20260901
Almacen,Almacen,condimento alicante x 25 gr. mix italiano,7790150532508,1642.0,"$1.642,00",20260901
Almacen,Almacen,condimento alicante x 25 gr. mix picante,7790150532201,1642.0,"$1.642,00",20260901
Almacen,Almacen,condimento maggi jugoso al horno x 24 gm finas hierbas,8445292042543,1852.0,"$1.852,00",20260901
Almacen,Almacen,condimento maggi jugoso al horno x 25 gm mediterraneo,8445292042987,1852.0,"$1.852,00",20260901
Almacen,Almacen,condimento maggi jugoso al sarten x 23.4 gr ajo y cebolla,8585002432315,2902.66,"$2.902,66",20260901
Almacen,Almacen,condimento maggi jugoso al sarten x 23.4 gr finas hierbas,8585002432339,2902.66,"$2.902,66",20260901
Almacen,Almacen,condimento maggi jugoso al sarten x 24 gr a la leaa,7613037012637,2902.66,"$2.902,66",20260901
Almacen,Almacen,condimento para arroz alicante x 25 gr.,7790150470350,969.0,"$969,00",20260901
Almacen,Almacen,condimento para carnes blancas alicante x 25 gr.,7790150495360,1039.0,"$1.039,00",20260901
Almacen,Almacen,condimento para carnes la campagnola x 23 gr.,7790580135782,1287.0,"$1.287,00",20260901
Almacen,Almacen,condimento para empanadas alicante x 25 gr.,7790150497272,1447.0,"$1.447,00",20260901
Almacen,Almacen,condimento para pizza alicante x 50 gr.,7790150490471,2229.0,"$2.229,00",20260901
Almacen,Almacen,condimento para tucos y guisos alicante x 25 gr.,7790150496084,1113.0,"$1.113,00",20260901
Almacen,Almacen,condimento para vegetales cocidos alicante x 25 g.,7790150497487,1268.0,"$1.268,00",20260901
Almacen,Almacen,conitos de chocolate y dce de leche cachafaz x 6 u,7798128001896,12632.0,"$12.632,00",20260901
Almacen,Almacen,conitos de queso pedrin x 70 gr.,7791826000451,2367.0,"$2.367,00",20260901
Almacen,Almacen,conserva de porotos colorados la egipciana x 350 gm,7790681000934,1775.76,"$1.775,76",20260901
Almacen,Almacen,conserva de porotos de manteca la egipciana x 350 gm,7790681001214,1776.51,"$1.776,51",20260901
Almacen,Almacen,conserva de porotos de osja la egipciana x 350 gm,7790681001429,1331.46,"$1.331,46",20260901
Almacen,Almacen,cookies choco chips schar sin gliten x 200 gm,8008698005491,15363.0,"$15.363,00",20260901
Almacen,Almacen,copos de maiz cheetos sabor queso x 140 gr.,7790310985793,5545.0,"$5.545,00",20260901
Almacen,Almacen,copos de maiz con queso pedrin x 180 gr.,7791826000413,3676.0,"$3.676,00",20260901
Almacen,Almacen,copos de maiz con queso pedrin x 80 gr,7791826000086,1932.0,"$1.932,00",20260901
Almacen,Almacen,coraz.alcau.gentlemanx350g.fra,7790645002523,11573.0,"$11.573,00",20260901
Almacen,Almacen,corazon de alcaucil marvavic x 200 gm.,7793551000492,14628.0,"$14.628,00",20260901
Almacen,Almacen,crackers de arroz molinos ala x 100 gm,7791120104954,2128.0,"$2.128,00",20260901
Almacen,Almacen,crackers schar sin tacc x 210 gr.,8008698003503,13684.0,"$13.684,00",20260901
Almacen,Almacen,curry badia polvo x 56.7 gr,33844002008,7214.0,"$7.214,00",20260901
Almacen,Almacen,datiles ccarozo nueva estrella x kg.,2026410000001,12304.0,"$12.304,00",20260901
Almacen,Almacen,datiles zyma sin caozo x 250 gr,7798130193428,4561.22,"$4.561,22",20260901
Almacen,Almacen,doritos dinamita x 82 gm,7790310987582,3081.0,"$3.081,00",20260901
Almacen,Almacen,doritos queso x 129 gr.,7790310985656,5545.0,"$5.545,00",20260901
Almacen,Almacen,doritos queso x 200 gr.,7790310985571,9005.0,"$9.005,00",20260901
Almacen,Almacen,doritos sabor pizza x 74 gm,7790310988282,4167.0,"$4.167,00",20260901
Almacen,Almacen,doritos sabor queso x 40 gr.,7790310985267,2481.0,"$2.481,00",20260901
Almacen,Almacen,doritos swett  chili x 74 gm,7790310987070,3981.0,"$3.981,00",20260901
Almacen,Almacen,dueto arvejas choclo don elio x 300 gm,7798048721546,1264.0,"$1.264,00",20260901
Almacen,Almacen,duraznos en almibar alco light x 820 gr.,7798132920404,3307.0,"$3.307,00",20260901
Almacen,Almacen,duraznos en almibar dulcor x 820 gr.,7793046080008,3489.0,"$3.489,00",20260901
Almacen,Almacen,duraznos en mitades alco x 820 gr.,7798132920398,3307.0,"$3.307,00",20260901
Almacen,Almacen,duraznos en mitades gentleman x 820 gr bajas calorias,7790645000147,3832.0,"$3.832,00",20260901
Almacen,Almacen,edulcorante dietetico en polvo equalsweet x 500 gr,7792129003286,7790.0,"$7.790,00",20260901
Almacen,Almacen,edulcorante en polvo tuy clasico x 50 sobres,7790150812921,1431.0,"$1.431,00",20260901
Almacen,Almacen,edulcorante en polvo tuy sucra x 100 sobres,7790150812563,3221.0,"$3.221,00",20260901
Almacen,Almacen,edulcorante en polvo tuy sucra x 200 sobres,7790150812587,5665.0,"$5.665,00",20260901
Almacen,Almacen,edulcorante en polvo tuy sucra x 50 sobres,7790150812549,1749.0,"$1.749,00",20260901
Almacen,Almacen,edulcorante en polvo tuy sweet x 100 sobres,7790150811962,2925.0,"$2.925,00",20260901
Almacen,Almacen,edulcorante en polvo tuy sweet x 50 sobres,7790150811948,1588.0,"$1.588,00",20260901
Almacen,Almacen,edulcorante equalsweet stevia x 100 sobres,7792129003637,5316.0,"$5.316,00",20260901
Almacen,Almacen,edulcorante equalsweet stevia x 200 sobres,7792129003644,9513.0,"$9.513,00",20260901
Almacen,Almacen,edulcorante hileret clasico x 250 ml.,7790490998231,2795.0,"$2.795,00",20260901
Almacen,Almacen,edulcorante hileret clasico x 50 sobres,7790490998026,2442.0,"$2.442,00",20260901
Almacen,Almacen,edulcorante hileret mate x 200 ml.,7790490998002,2804.0,"$2.804,00",20260901
Almacen,Almacen,edulcorante hileret stevia x 100 sobres,7794940000765,5277.0,"$5.277,00",20260901
Almacen,Almacen,edulcorante hileret stevia x 200 ml.,7794940000796,5444.0,"$5.444,00",20260901
Almacen,Almacen,edulcorante hileret stevia x 50 sobres,7794940000758,3041.0,"$3.041,00",20260901
Almacen,Almacen,edulcorante hileret sweet x 50 sobres,7794940000192,2588.0,"$2.588,00",20260901
Almacen,Almacen,edulcorante hileret zucra x 400 ml.,7794940000864,5746.0,"$5.746,00",20260901
Almacen,Almacen,edulcorante hileret zucra x 50 sobres,7794940000604,2668.0,"$2.668,00",20260901
Almacen,Almacen,edulcorante liquido equalsweet x 180 ml.,7792129003705,3571.0,"$3.571,00",20260901
Almacen,Almacen,edulcorante liquido equalsweet x 360 ml.,7792129003712,5859.0,"$5.859,00",20260901
Almacen,Almacen,edulcorante liquido liv x 500 ml.,7790550005695,4382.0,"$4.382,00",20260901
Almacen,Almacen,edulcorante liquido semble x 200 ml.,7792129004573,2806.0,"$2.806,00",20260901
Almacen,Almacen,edulcorante liquido semble x 400 ml.,7792129004580,4443.0,"$4.443,00",20260901
Almacen,Almacen,edulcorante liquido tuy stevia x 200 ml.,7790150813508,4796.0,"$4.796,00",20260901
Almacen,Almacen,edulcorante liquido tuy sucra x 200 ml.,7790150813454,2782.0,"$2.782,00",20260901
Almacen,Almacen,edulcorante liv sucra x 100 sobres,7790550005770,3666.0,"$3.666,00",20260901
Almacen,Almacen,edulcorante liv x 100 sobres,7790550005633,3889.0,"$3.889,00",20260901
Almacen,Almacen,edulcorante liv x 50 sobres,7790550005619,1944.0,"$1.944,00",20260901
Almacen,Almacen,edulcorante tuy mate x 200 ml.,7790150813003,2485.0,"$2.485,00",20260901
Almacen,Almacen,edulcorante tuy stevia x 100 sobres,7790150812761,3948.0,"$3.948,00",20260901
Almacen,Almacen,edulcorante tuy stevia x 50 sobres,7790150812747,2144.0,"$2.144,00",20260901
Almacen,Almacen,endulzante en polvo equalsweet de mesa x 100 sobrs,7792129000759,4350.0,"$4.350,00",20260901
Almacen,Almacen,endulzante en polvo equalsweet x 50 sobres,7792129000742,2501.0,"$2.501,00",20260901
Almacen,Almacen,endulzante en polvo hileret clasico x 100 sobres,7790490998064,4186.0,"$4.186,00",20260901
Almacen,Almacen,endulzante en polvo sucaryl x 100 sobres,7792129003590,4080.0,"$4.080,00",20260901
Almacen,Almacen,endulzante en polvo tuy clasico x 100 sobres,7790150812945,2862.0,"$2.862,00",20260901
Almacen,Almacen,endulzante equalsweet stevia x 50 sobres,7792129003620,3057.0,"$3.057,00",20260901
Almacen,Almacen,endulzante equalsweet sucralosa x 50 sobres,7792129003736,2904.0,"$2.904,00",20260901
Almacen,Almacen,endulzante liquido grandiet stevia x 100 ml,7797330103589,6961.0,"$6.961,00",20260901
Almacen,Almacen,endulzante liquido sucaryl x 180 ml.,7792129000346,3758.0,"$3.758,00",20260901
Almacen,Almacen,endulzante liquido sucaryl x 360 ml.,7792129000339,5577.0,"$5.577,00",20260901
Almacen,Almacen,endulzante sucaryl stevia x 100 sobres,7792129003491,5314.0,"$5.314,00",20260901
Almacen,Almacen,endulzante sucaryl stevia x 200 sobres,7792129003507,9564.0,"$9.564,00",20260901
Almacen,Almacen,endulzante sucaryl stevia x 50 sobres,7792129003484,3055.0,"$3.055,00",20260901
Almacen,Almacen,endulzante sucaryl sucralosa x 100 sobres,7792129003538,4887.0,"$4.887,00",20260901
Almacen,Almacen,endulzante sucaryl sucralosa x 180 ml.,7792129002203,3801.0,"$3.801,00",20260901
Almacen,Almacen,endulzante sucaryl sucralosa x 200 sobres,7792129003545,8796.0,"$8.796,00",20260901
Almacen,Almacen,endulzante sucaryl sucralosa x 50 sobres,7792129003521,2809.0,"$2.809,00",20260901
Almacen,Almacen,endulzante sucaryl x 200 sobres,7792129003606,7345.0,"$7.345,00",20260901
Almacen,Almacen,endulzante sucaryl x 50 sobres,7792129003583,2370.0,"$2.370,00",20260901
Almacen,Almacen,ensalada de atun la campagnola roja x 285 gr.,7790580144654,6120.0,"$6.120,00",20260901
Almacen,Almacen,ensalada de atun la campagnola verde x 285 gr.,7790580144647,6120.0,"$6.120,00",20260901
Almacen,Almacen,ensalada de atun la campagnola x 180 gm verde,7790580144661,3537.0,"$3.537,00",20260901
Almacen,Almacen,esencia artificial de vainilla alicante x 100 ml.,7790150610305,2338.0,"$2.338,00",20260901
Almacen,Almacen,esencia artificial de vainilla dos anclas x 100 m.,7792900092911,2236.0,"$2.236,00",20260901
Almacen,Almacen,esparragos verdes en conserva marvavic x 200 gr.,7793551003264,14728.0,"$14.728,00",20260901
Almacen,Almacen,especias surtidas alicante x 25 gr.,7790150510353,1958.0,"$1.958,00",20260901
Almacen,Almacen,espinaca deshidratada knorr x 50 gr.,7794000006140,3047.13,"$3.047,13",20260901
Almacen,Almacen,extracto simple de tomate la campagnola x 180 gr.,7793360129889,2067.0,"$2.067,00",20260901
Almacen,Almacen,fecula de mandioca x 400 gr granix,7790045827283,2861.0,"$2.861,00",20260901
Almacen,Almacen,fid.don felipe x500gr.spaghett,7790070106230,2594.0,"$2.594,00",20260901
Almacen,Almacen,fid.don vicente x500gr.caserit,7790070336552,3774.0,"$3.774,00",20260901
Almacen,Almacen,fid.don vicente x500gr.fettucc,7790070336545,3774.0,"$3.774,00",20260901
Almacen,Almacen,fid.don vicente x500gr.tirabuz,7790070336590,3774.0,"$3.774,00",20260901
Almacen,Almacen,fid.lucchetti x500g.3veg.tirab,7790070336057,2247.0,"$2.247,00",20260901
Almacen,Almacen,fid.lucchetti x500gr.hue.tirab,7790070335357,2245.0,"$2.245,00",20260901
Almacen,Almacen,fid.matarazzo x500gr.l.gl.spag,7790070336002,3789.0,"$3.789,00",20260901
Almacen,Almacen,fid.matarazzo x500gr.rina sp.e,7790070336675,3199.0,"$3.199,00",20260901
Almacen,Almacen,fideo matarazzo bucattini x 500 gr,7790070336323,2097.0,"$2.097,00",20260901
Almacen,Almacen,fideos barilla integral penne rigatte x 500 gr.,8076809529433,7557.0,"$7.557,00",20260901
Almacen,Almacen,fideos barilla penne rigate,8076802085738,7265.0,"$7.265,00",20260901
Almacen,Almacen,fideos bernabeu coditos x 500 gr.,7794080001592,854.0,"$854,00",20260901
Almacen,Almacen,fideos bernabeu mostachol x 500 gr.,7794080001554,854.0,"$854,00",20260901
Almacen,Almacen,fideos bernabeu rigatti x 500 gr.,7794080001547,854.0,"$854,00",20260901
Almacen,Almacen,fideos bernabeu spaghetti x 500 gr.,7794080001585,854.0,"$854,00",20260901
Almacen,Almacen,fideos bernabeu tallarin x 500 gr.,7794080001578,854.0,"$854,00",20260901
Almacen,Almacen,fideos coditos la campagnola x 500 gr.,7790580134730,1570.0,"$1.570,00",20260901
Almacen,Almacen,fideos dedalito favorita x 500 gr.,7790070321435,990.0,"$990,00",20260901
Almacen,Almacen,fideos del verde x 500 gm penne rigatti,8006680040321,5799.76,"$5.799,76",20260901
Almacen,Almacen,fideos delverde x 500 gr conchiglioni,8006680302405,7941.0,"$7.941,00",20260901
Almacen,Almacen,fideos delverde x 500 gr fusilli,8006680040291,5800.0,"$5.800,00",20260901
Almacen,Almacen,fideos delverde x 500 gr linguine,8006680040116,5799.76,"$5.799,76",20260901
Almacen,Almacen,fideos don felipe tallarin x 500 gr.,7790070102027,2730.0,"$2.730,00",20260901
Almacen,Almacen,fideos don felipe x 500 gr nido fettuccine,7790070107626,2978.07,"$2.978,07",20260901
Almacen,Almacen,fideos don vicente fetuccini cespinaca x 500 gr.,7790070321664,4366.0,"$4.366,00",20260901
Almacen,Almacen,fideos don vicente x 500 gm fetucchini zapallo y z,7790070337214,4366.0,"$4.366,00",20260901
Almacen,Almacen,fideos don vicente x 500 gm morron,7790070337207,4366.0,"$4.366,00",20260901
Almacen,Almacen,fideos don vicente x 500 gr. monos,7790070336583,4767.0,"$4.767,00",20260901
Almacen,Almacen,fideos favorita x 500 gr. mostacholes,7790070320315,990.0,"$990,00",20260901
Almacen,Almacen,fideos favorita x 500 gr. spaghetti,7790070320285,990.0,"$990,00",20260901
Almacen,Almacen,fideos favorita x 500 gr. tallarin,7790070320292,990.0,"$990,00",20260901
Almacen,Almacen,fideos favorita x 500 gr. tirabuzon,7790070320308,990.0,"$990,00",20260901
Almacen,Almacen,fideos favorita x500gr. codito,7790070320322,990.0,"$990,00",20260901
Almacen,Almacen,fideos fusilli schar sin tacc x 250 gr.,8008698010075,10000.0,"$10.000,00",20260901
Almacen,Almacen,fideos integrales matarazzo x 500 gr. spaghettini,7790070335975,2079.0,"$2.079,00",20260901
Almacen,Almacen,fideos la buena pasta x 400 gr albahaca,7798063030074,3908.54,"$3.908,54",20260901
Almacen,Almacen,fideos la buena pasta x 400 gr cintas al huevo,7798063030111,3908.54,"$3.908,54",20260901
Almacen,Almacen,fideos la buena pasta x 400 gr espinaca,7798063030166,3908.54,"$3.908,54",20260901
Almacen,Almacen,fideos la buena pasta x 400 gr morron,7798063030135,3908.54,"$3.908,54",20260901
Almacen,Almacen,fideos la buena pasta x 400 gr tinta de calamar,7798063030081,4738.98,"$4.738,98",20260901
Almacen,Almacen,fideos la campagnola x500g.spa,7790580134693,1570.0,"$1.570,00",20260901
Almacen,Almacen,fideos lucchetti al huevo tallarin nro 7 x 500 gr,7790070337009,2245.0,"$2.245,00",20260901
Almacen,Almacen,fideos lucchetti foratini,7790070336392,1747.0,"$1.747,00",20260901
Almacen,Almacen,fideos lucchetti sopa de caampeones estrella x 500 gr,7790070105431,1747.43,"$1.747,43",20260901
Almacen,Almacen,fideos lucchetti tallarin nro. 5 x 500 gr.,7790070336118,1747.0,"$1.747,00",20260901
Almacen,Almacen,fideos lucchetti x 500 gr. ave maria,7790070318374,1747.0,"$1.747,00",20260901
Almacen,Almacen,fideos lucchetti x 500 gr. cabello de angel,7790070320155,2496.0,"$2.496,00",20260901
Almacen,Almacen,fideos lucchetti x 500 gr. codito,7790070318343,1747.0,"$1.747,00",20260901
Almacen,Almacen,fideos lucchetti x 500 gr. dedalitos,7790070318398,1747.0,"$1.747,00",20260901
Almacen,Almacen,fideos lucchetti x 500 gr. letritas,7790070318381,1747.0,"$1.747,00",20260901
Almacen,Almacen,fideos lucchetti x 500 gr. monos,7790070318350,2496.0,"$2.496,00",20260901
Almacen,Almacen,fideos lucchetti x 500 gr. nido fettuccine,7790070318312,2496.0,"$2.496,00",20260901
Almacen,Almacen,fideos luchetti x 500 gr tirabuzon numero 28,7790070336026,1747.0,"$1.747,00",20260901
Almacen,Almacen,fideos matarazo stacc mix de legumbres x500gr tirabuzon,7790070336224,3919.0,"$3.919,00",20260901
Almacen,Almacen,fideos matarazzo 3 vegetales x 500 gr.,7790070335937,2396.0,"$2.396,00",20260901
Almacen,Almacen,fideos matarazzo 3 vegetales x 500 gr.,7790070335944,2396.0,"$2.396,00",20260901
Almacen,Almacen,fideos matarazzo libres de gluten x 500 gr penne rigate,7790070335999,3789.0,"$3.789,00",20260901
Almacen,Almacen,fideos matarazzo libres de gluten x500gr tirabuzon,7790070335982,3789.0,"$3.789,00",20260901
Almacen,Almacen,fideos matarazzo proteina plus x 400 gr mostachol,7790070322081,3889.0,"$3.889,00",20260901
Almacen,Almacen,fideos matarazzo proteina plus x 400 gr tirabuzon,7790070322074,3889.0,"$3.889,00",20260901
Almacen,Almacen,fideos matarazzo spaghetti nro. 3 x 500 gr.,7790070336309,2097.0,"$2.097,00",20260901
Almacen,Almacen,fideos matarazzo x 500 gm mostachol,7790070336217,2097.0,"$2.097,00",20260901
Almacen,Almacen,fideos matarazzo x 500 gr penne rigate,7790070336200,2097.0,"$2.097,00",20260901
Almacen,Almacen,fideos matarazzo x 500 gr. ave maria,7790070320018,2097.0,"$2.097,00",20260901
Almacen,Almacen,fideos matarazzo x 500 gr. cabello de angel,7790070320001,3095.0,"$3.095,00",20260901
Almacen,Almacen,fideos matarazzo x 500 gr. codito,7790070318619,2097.0,"$2.097,00",20260901
Almacen,Almacen,fideos matarazzo x 500 gr. dedalitos,7790070320025,2097.0,"$2.097,00",20260901
Almacen,Almacen,fideos matarazzo x 500 gr. fettuccine,7790070318671,3095.0,"$3.095,00",20260901
Almacen,Almacen,fideos matarazzo x 500 gr. monos,7790230033031,3095.0,"$3.095,00",20260901
Almacen,Almacen,fideos matarazzo x 500 gr. municiones,7790070320032,2097.0,"$2.097,00",20260901
Almacen,Almacen,fideos mostachol al huevo lucchetti x 500 gr.,7790070337092,2245.0,"$2.245,00",20260901
Almacen,Almacen,fideos mulini x 500 gm fusilli,7798190650022,1728.0,"$1.728,00",20260901
Almacen,Almacen,fideos mulini x 500 gm penne rigate,7798190650039,1728.0,"$1.728,00",20260901
Almacen,Almacen,fideos mulini x 500 gm route,7798190650015,1728.0,"$1.728,00",20260901
Almacen,Almacen,fideos mulini x 500 gm spaghetti,7798190650152,1728.0,"$1.728,00",20260901
Almacen,Almacen,fideos mulini x 500 gm tubetti,7798190650053,1728.0,"$1.728,00",20260901
Almacen,Almacen,fideos penne rigate lucchetti x 500 gr.,7790070336361,1747.0,"$1.747,00",20260901
Almacen,Almacen,fideos rina matarazzo fetucchini x 500 gm,7790070100344,3694.0,"$3.694,00",20260901
Almacen,Almacen,fideos rina matarazzo x 500 gr. fusilli,7790070336644,3199.0,"$3.199,00",20260901
Almacen,Almacen,fideos rina matarazzo x 500 gr. spaghetti,7790070336651,3199.0,"$3.199,00",20260901
Almacen,Almacen,fideos schar penne rigatte x 250 gr. sin gluten,8008698010051,10000.0,"$10.000,00",20260901
Almacen,Almacen,fideos spaghetti al huevo lucchetti x 500 gr.,7790070337108,2245.0,"$2.245,00",20260901
Almacen,Almacen,fideos spaghetti terrabusi x 500 gr.,7790070336460,1362.0,"$1.362,00",20260901
Almacen,Almacen,fideos terrabusi monos x 500 gr.,7622300724221,2355.0,"$2.355,00",20260901
Almacen,Almacen,fideos terrabusi mostacholes mix vegetales x 500 g,7790070336538,1634.0,"$1.634,00",20260901
Almacen,Almacen,fideos terrabusi x 500 gr codito,7790070335678,1362.0,"$1.362,00",20260901
Almacen,Almacen,fideos terrabusi x 500 gr tirabuzon,7790070336453,1362.0,"$1.362,00",20260901
Almacen,Almacen,fideos terrabusi x 500 gr. ave maria,7622300724283,1362.0,"$1.362,00",20260901
Almacen,Almacen,fideos terrabusi x 500 gr. dedalitos,7622300724436,1362.0,"$1.362,00",20260901
Almacen,Almacen,fideos tirabuzon don felipe x 500 gr.,7790070335647,2746.0,"$2.746,00",20260901
Almacen,Almacen,fideos tirabuzon matarazzo x 500 gr.numero 28,7790070336293,2097.0,"$2.097,00",20260901
Almacen,Almacen,filet de anchoas caracas x 90 gr.,7790645003414,9039.0,"$9.039,00",20260901
Almacen,Almacen,filet de anchoas en aceite puglisi x 170 gr.,7790748235354,17279.0,"$17.279,00",20260901
Almacen,Almacen,flan exquisita x 40 gr. vainilla,7790070413116,1177.0,"$1.177,00",20260901
Almacen,Almacen,flan godet x 25 gm sabor dulce de leche,7790580144913,745.0,"$745,00",20260901
Almacen,Almacen,flan godet x25gr.vainilla,7790580145323,745.0,"$745,00",20260901
Almacen,Almacen,flan royal m.light x16gr.vaini,7622201705299,1654.0,"$1.654,00",20260901
Almacen,Almacen,flan royal x60gr.vainilla,7622201705268,1654.0,"$1.654,00",20260901
Almacen,Almacen,fritolin x120ml.manteca,7790070265340,3819.0,"$3.819,00",20260901
Almacen,Almacen,frutas glaseadas x kg.,2011800000006,19122.0,"$19.122,00",20260901
Almacen,Almacen,frutillas enteras comunes gentleman x 380 gr.,7790645002509,6492.0,"$6.492,00",20260901
Almacen,Almacen,frutillas enteras comunes gentleman x 850 gr.,7790645002493,8047.0,"$8.047,00",20260901
Almacen,Almacen,frutillas gentleman  x 820 gm enteras en lata,7790645011426,6111.0,"$6.111,00",20260901
Almacen,Almacen,frutillas gentleman x 410 gm enteras en lata,7790645011433,3097.0,"$3.097,00",20260901
Almacen,Almacen,gall.gallo x100gr.crackeadas,7790070418401,1909.0,"$1.909,00",20260901
Almacen,Almacen,gall.kesitas est.x250gr.,7790040144033,3109.0,"$3.109,00",20260901
Almacen,Almacen,gall.rex estuche x225gr.,7790040144125,3109.0,"$3.109,00",20260901
Almacen,Almacen,galletas de arroz con chia grandiet x 100 gr.,7797330002721,2113.0,"$2.113,00",20260901
Almacen,Almacen,galletas de arroz grandiet con sal x 100 gr.,7797330100649,1813.0,"$1.813,00",20260901
Almacen,Almacen,galletas de arroz grandiet dulces multicereal x 10,7797330102384,2041.0,"$2.041,00",20260901
Almacen,Almacen,galletas de arroz grandiet dulces x 100 gr.,7797330100663,1813.0,"$1.813,00",20260901
Almacen,Almacen,galletas de arroz grandiet pizza x 100 gr.,7797330102971,1979.0,"$1.979,00",20260901
Almacen,Almacen,galletas de arroz grandiet stevia x 100 gr.,7797330103336,1979.0,"$1.979,00",20260901
Almacen,Almacen,galletas de arroz grandiet x 100gr. sin sal,7797330100656,1813.0,"$1.813,00",20260901
Almacen,Almacen,galletas multicereal grandiet x 100 gr. con sal,7797330102322,2041.0,"$2.041,00",20260901
Almacen,Almacen,galletita rhodesia x 22 gr.,77995681,1480.0,"$1.480,00",20260901
Almacen,Almacen,galletita tita x 19 gr.,77976291,1218.0,"$1.218,00",20260901
Almacen,Almacen,galletitas horneadas rex original x 75 gr.,7790040003569,1634.0,"$1.634,00",20260901
Almacen,Almacen,galletitas kesitas x 125 gr.,7790040173200,2159.0,"$2.159,00",20260901
Almacen,Almacen,galletitas kesitas x 75 gr.,7790040003606,1634.0,"$1.634,00",20260901
Almacen,Almacen,galletitas mini rhodesia x 60 gr.,7622300335090,3090.0,"$3.090,00",20260901
Almacen,Almacen,galletitas oreo sin gluten x 95 gr.,7622202038099,2912.0,"$2.912,00",20260901
Almacen,Almacen,galletitas rex estuche x 125 gr.,7790040719804,2159.0,"$2.159,00",20260901
Almacen,Almacen,galletitas rhodesia x 4 unid.,7622300742935,4780.0,"$4.780,00",20260901
Almacen,Almacen,galletitas saladix  x 40 gm pizza,7790040152021,1024.0,"$1.024,00",20260901
Almacen,Almacen,galletitas saladix calabresa x 100 gr.,7790580716806,1641.0,"$1.641,00",20260901
Almacen,Almacen,galletitas saladix snacks jamon x 100 gr.,7790580716707,1641.0,"$1.641,00",20260901
Almacen,Almacen,galletitas saladix x 100 gr extra picantes,7790040147775,1632.0,"$1.632,00",20260901
Almacen,Almacen,galletitas saladix x 33 gm duo,7790040152052,1024.0,"$1.024,00",20260901
Almacen,Almacen,galletitas saladix x 40 gm calabresa,7790040152038,1024.0,"$1.024,00",20260901
Almacen,Almacen,galletitas saladix x 40 gm jamon,7790040152014,1024.01,"$1.024,01",20260901
Almacen,Almacen,galletitas schar salini x 60 gr.,8008698002070,6448.0,"$6.448,00",20260901
Almacen,Almacen,galletitas schar salti x 175 gr.,8008698002049,12828.0,"$12.828,00",20260901
Almacen,Almacen,galletitas schar x 125 gm maria,8008698010402,11550.0,"$11.550,00",20260901
Almacen,Almacen,galletitas sin gluten frank`s x 120 gr. chocolate,7798340790165,2729.0,"$2.729,00",20260901
Almacen,Almacen,galletitas sin gluten schar mini sorrisi x 100 gr.,8008698008157,10606.0,"$10.606,00",20260901
Almacen,Almacen,galletitas sin tacc frank`s x 120 gr. chips chocoe,7798340790189,2729.0,"$2.729,00",20260901
Almacen,Almacen,galletitas sin tacc frank`s x 120 gr. limon,7798340790172,2729.0,"$2.729,00",20260901
Almacen,Almacen,galletitas sin tacc frank`s x 130 gr. chia,7798340790349,2729.0,"$2.729,00",20260901
Almacen,Almacen,galletitas tita x 5 unid.,7622201803285,4629.0,"$4.629,00",20260901
Almacen,Almacen,garbanzos arcor x300gr.,7790580132477,1563.0,"$1.563,00",20260901
Almacen,Almacen,garbanzos don elio x 300 gr.,7798048721898,1069.0,"$1.069,00",20260901
Almacen,Almacen,garbanzos don elio x 400 gr.,7798048720945,1610.0,"$1.610,00",20260901
Almacen,Almacen,garbanzos la campagnola x 300 gr.,7793360132469,1797.0,"$1.797,00",20260901
Almacen,Almacen,garbanzos la egipciana x 350 gr.,7790681001160,1249.0,"$1.249,00",20260901
Almacen,Almacen,garbanzos la egipciana x 400 gr.,7790681000347,1769.0,"$1.769,00",20260901
Almacen,Almacen,garbanzos las achiras x400gr.,7790681102652,1109.0,"$1.109,00",20260901
Almacen,Almacen,garbanzos olinto x 400 gr.,7798048720433,1402.0,"$1.402,00",20260901
Almacen,Almacen,gelat.royal light x25gr.cerez,7622201819736,1580.0,"$1.580,00",20260901
Almacen,Almacen,gelat.royal light x25gr.f.rojo,7622201820565,1580.0,"$1.580,00",20260901
Almacen,Almacen,gelat.royal light x25gr.frutil,7622201820596,1580.0,"$1.580,00",20260901
Almacen,Almacen,gelatina bc durazno x 18 gr.,7790580144470,1041.0,"$1.041,00",20260901
Almacen,Almacen,gelatina bc frambuesa x 18 gr.,7790580144456,1041.0,"$1.041,00",20260901
Almacen,Almacen,gelatina bc x 18 gr. cereza,7790580144951,1041.0,"$1.041,00",20260901
Almacen,Almacen,gelatina bc x18gr.frutilla,7790580143893,1041.0,"$1.041,00",20260901
Almacen,Almacen,gelatina exquisita frutilla x 40 gr.,7790070432490,1176.0,"$1.176,00",20260901
Almacen,Almacen,gelatina exquisita light cereza x 25 gr.,7790070432452,1176.0,"$1.176,00",20260901
Almacen,Almacen,gelatina exquisita light frutilla x 25 gr.,7790070432438,1176.0,"$1.176,00",20260901
Almacen,Almacen,gelatina exquisita naranja x 40 gr.,7790070432575,1176.0,"$1.176,00",20260901
Almacen,Almacen,gelatina exquisita regular x 40 gm frambuesa,7790070432537,1176.0,"$1.176,00",20260901
Almacen,Almacen,gelatina exquisita regular x 40 gm sabor durazno,7790070432551,1099.0,"$1.099,00",20260901
Almacen,Almacen,gelatina godet x25gr.durazno,7790580144272,1041.0,"$1.041,00",20260901
Almacen,Almacen,gelatina godet x25gr.frambuesa,7790580144265,1041.0,"$1.041,00",20260901
Almacen,Almacen,gelatina royal sin sabor x14gr,7622201106034,1082.0,"$1.082,00",20260901
Almacen,Almacen,gelatina royal tang x 25 gm sabor multiverso,7622202370335,1581.0,"$1.581,00",20260901
Almacen,Almacen,gelatina royal tang x 25 gm sabor uva,7622202370298,1581.0,"$1.581,00",20260901
Almacen,Almacen,gelatina royal x 25 gr. naranja,7622201820473,1580.0,"$1.580,00",20260901
Almacen,Almacen,gelatina royal x 25 gr. sabor cereza,7622201819699,1580.0,"$1.580,00",20260901
Almacen,Almacen,gelatina royal x25gr.durazno,7622201820534,1580.0,"$1.580,00",20260901
Almacen,Almacen,gelatina royal x25gr.frambuesa,7622201819668,1580.0,"$1.580,00",20260901
Almacen,Almacen,gelatina royal x25gr.frutilla,7622201819620,1580.0,"$1.580,00",20260901
Almacen,Almacen,gelatina sabor cereza exquisita x 40 gr.,7790070432513,1176.0,"$1.176,00",20260901
Almacen,Almacen,ghost badia pepper hot sauce x 155 ml,33844003760,13002.0,"$13.002,00",20260901
Almacen,Almacen,giacomo mix de legumbres x 500 gm verdura,7792390621202,5439.0,"$5.439,00",20260901
Almacen,Almacen,granola maizena x 150 gr. arandanos y semillas,7794000007949,5059.0,"$5.059,00",20260901
Almacen,Almacen,granola maizena x 150 gr. coco y almendras,7794000007932,5059.0,"$5.059,00",20260901
Almacen,Almacen,gusanitos acidos bubbaloo naranja y arandano x 82,7622202216473,1839.0,"$1.839,00",20260901
Almacen,Almacen,harina 000 morixe x 1 kg.,7790199000013,1109.0,"$1.109,00",20260901
Almacen,Almacen,harina 0000 morixe x 1 kg.,7790199000020,1424.0,"$1.424,00",20260901
Almacen,Almacen,harina de maiz don elio x 1 kilo tradicional,7798048720280,1811.0,"$1.811,00",20260901
Almacen,Almacen,harina de maiz don elio x 500 gr. coccion rapida,7798048720167,1128.0,"$1.128,00",20260901
Almacen,Almacen,harina de maiz don elio x 500 gr. tradicional,7798048720617,1027.0,"$1.027,00",20260901
Almacen,Almacen,harina de maiz la egipciana 1 minuto x 500 gr.,7790681000446,1069.0,"$1.069,00",20260901
Almacen,Almacen,harina de maiz la egipciana x 500 gr.,7790681000422,989.0,"$989,00",20260901
Almacen,Almacen,harina de maiz ppreparar arepas prestopronta x 1,7790580133955,3616.0,"$3.616,00",20260901
Almacen,Almacen,harina de trigo favorita 0000 x 1 kg.,7790070562265,1453.0,"$1.453,00",20260901
Almacen,Almacen,harina de trigo integral morixe x 1 kg.,7790199603856,1483.0,"$1.483,00",20260901
Almacen,Almacen,harina favorita 000 x 1 kg.,7790070562258,1099.0,"$1.099,00",20260901
Almacen,Almacen,harina integral blancaflor x 1 kg.,7792180141095,2209.0,"$2.209,00",20260901
Almacen,Almacen,harina leudante morixe x 1 kg.,7790199000051,1807.0,"$1.807,00",20260901
Almacen,Almacen,harina maiz l.egip.1min.x750gr,7790681002235,1499.0,"$1.499,00",20260901
Almacen,Almacen,harina maiz l.egip.x750gr.,7790681002228,1439.0,"$1.439,00",20260901
Almacen,Almacen,harina para pizza blancaflor x 1 kg.,7792180134509,2069.0,"$2.069,00",20260901
Almacen,Almacen,harina para pizzas caseras morixe x 1 kg.,7790199604273,1772.0,"$1.772,00",20260901
Almacen,Almacen,harina para preparar arepas morixe x 1 kg.,7790199603368,3188.0,"$3.188,00",20260901
Almacen,Almacen,harina schar mix mezcla premium x 500 gr.,7898954933474,13111.0,"$13.111,00",20260901
Almacen,Almacen,harlem garlic badia pepper x 170.1 gr,33844001971,16442.0,"$16.442,00",20260901
Almacen,Almacen,helado exquisita vainilla x 52 gm,7790070431271,1557.0,"$1.557,00",20260901
Almacen,Almacen,higos secos negros medianos x kg.,2011810000003,19122.0,"$19.122,00",20260901
Almacen,Almacen,"huellitas acidas bubbaloo x 82,5 gr.",7622202216510,1839.0,"$1.839,00",20260901
Almacen,Almacen,huellitas super suaves acidas x 16.5 gm,7622202217296,550.0,"$550,00",20260901
Almacen,Almacen,huevos avicola norte blancos estuche x 12 unid.,7798333900144,3479.0,"$3.479,00",20260901
Almacen,Almacen,huevos avicola norte color premium x 12 unid.,7798333900083,5293.0,"$5.293,00",20260901
Almacen,Almacen,huevos blamcos avicola norte maple x 30 unidades,7798333900052,7499.0,"$7.499,00",20260901
Almacen,Almacen,huevos blancos avicola norte premium x 12 unid.,7798333900076,5004.0,"$5.004,00",20260901
Almacen,Almacen,huevos blancos avicola norte premium x 6 unid.,7798333900038,2570.0,"$2.570,00",20260901
Almacen,Almacen,huevos blancos avicola norte x 6 unid.,7798333900014,1775.0,"$1.775,00",20260901
Almacen,Almacen,huevos blancos x 6 unidades carton,7798052500045,1761.0,"$1.761,00",20260901
Almacen,Almacen,huevos blancos x 6 unidades envase transparente avicola car,7798052500120,2202.0,"$2.202,00",20260901
Almacen,Almacen,huevos castaaos x 6 unidades envase transp.avicola carcaraaa,7798052500113,2572.01,"$2.572,01",20260901
Almacen,Almacen,huevos castanos avicola norte x 6 unid.,7798333900021,2251.0,"$2.251,00",20260901
Almacen,Almacen,huevos de color avicola carcarana x 12 unid.,7798052500014,5034.0,"$5.034,00",20260901
Almacen,Almacen,huevos selec. carcarana x 12 u.,7798052500038,4404.0,"$4.404,00",20260901
Almacen,Almacen,hummus con pimenton kyros x 230 gr.,7798334803116,4572.0,"$4.572,00",20260901
Almacen,Almacen,hummus kamar  x 230 gr babaganoush,7798383010176,7285.0,"$7.285,00",20260901
Almacen,Almacen,hummus kamar  x 230 gr sabor guacamole,7798383010145,7285.0,"$7.285,00",20260901
Almacen,Almacen,hummus kamar x 230 gr olivas negras,7798383010152,5426.0,"$5.426,00",20260901
Almacen,Almacen,hummus kyros ajo ahumado x 230 gr.,7798334803208,4572.0,"$4.572,00",20260901
Almacen,Almacen,hummus kyros x230gr.clasico,7798334803123,4572.0,"$4.572,00",20260901
Almacen,Almacen,humus kamar x 230 gm garbanzos,7798383010121,5426.0,"$5.426,00",20260901
Almacen,Almacen,italian seasoning badia x 35.4 gm mediterranea blend,33844607425,12163.0,"$12.163,00",20260901
Almacen,Almacen,jamon del diablo swift88 facil,7790360964557,1359.0,"$1.359,00",20260901
Almacen,Almacen,jardinera arcor x 300 gr.,7790580132538,1481.0,"$1.481,00",20260901
Almacen,Almacen,jardinera don elio x 300 gr.,7798048721935,1171.0,"$1.171,00",20260901
Almacen,Almacen,jardinera dona pupa x 340 gr.,7798096031215,1157.0,"$1.157,00",20260901
Almacen,Almacen,jardinera l.egip.x350gr.legho,7790681001184,1619.0,"$1.619,00",20260901
Almacen,Almacen,jardinera la campagnola x 300 gr.,7793360132520,1703.0,"$1.703,00",20260901
Almacen,Almacen,jugo de limon dos anclas x 500 ml.,7792900809021,2838.0,"$2.838,00",20260901
Almacen,Almacen,jugo de limon gentleman x 500 ml.,7790645000895,2756.0,"$2.756,00",20260901
Almacen,Almacen,jugo de limon minerva x 1 lt.,7790070507358,4319.0,"$4.319,00",20260901
Almacen,Almacen,jugo de limon minerva x 250 ml.,7790070507372,1429.0,"$1.429,00",20260901
Almacen,Almacen,jugo de limon minerva x 500 ml.,7790070507341,2309.0,"$2.309,00",20260901
Almacen,Almacen,ketchup aleluya x205gr.,7790158229660,3525.0,"$3.525,00",20260901
Almacen,Almacen,ketchup fanacoa x 250 gm doy pack,7794000005198,1353.46,"$1.353,46",20260901
Almacen,Almacen,ketchup hellmanns x 400 gm dosificador,7794000006171,6047.0,"$6.047,00",20260901
Almacen,Almacen,ketchup hellmanns x250gr.dp,7794000006188,2314.73,"$2.314,73",20260901
Almacen,Almacen,ketchup hellmanns x500gr.dp,7794000006164,3149.0,"$3.149,00",20260901
Almacen,Almacen,ketchup la campagnola x 250 gm estilo americano,7790580150457,1761.0,"$1.761,00",20260901
Almacen,Almacen,ketchup la campagnola x 250 gm picante,7793360103025,1688.0,"$1.688,00",20260901
Almacen,Almacen,ketchup la campagnola x 250 gm receta original,7793360103018,1688.0,"$1.688,00",20260901
Almacen,Almacen,ketchup natura x 250 gr.,7791866000381,1904.0,"$1.904,00",20260901
Almacen,Almacen,ketchup natura x 500 gr.,7791866000664,3745.0,"$3.745,00",20260901
Almacen,Almacen,kinder bueno x 43 gm dark,8000500454107,3117.01,"$3.117,01",20260901
Almacen,Almacen,lasagna matarazzo rina x 400 gm al huevo,7790070100320,5464.0,"$5.464,00",20260901
Almacen,Almacen,lasagna matarazzo x250gr.fort.,7790070337016,2495.0,"$2.495,00",20260901
Almacen,Almacen,lasagna matarazzo x400gr.preco,7790070337023,3794.0,"$3.794,00",20260901
Almacen,Almacen,laurel triturado alicante x 25 gr.,7790150530320,1619.0,"$1.619,00",20260901
Almacen,Almacen,laurel triturado dos anclas x 25 gr.,7792900092812,1520.0,"$1.520,00",20260901
Almacen,Almacen,lentejas d.elio x400gr.amar.pe,7798048720389,2656.0,"$2.656,00",20260901
Almacen,Almacen,lentejas don elio x 350 g sin tacc,7798048722130,1952.0,"$1.952,00",20260901
Almacen,Almacen,lentejas don elio x 400 gr.,7798048720921,1648.0,"$1.648,00",20260901
Almacen,Almacen,lentejas don elio x300gr.secas,7798048721881,1255.0,"$1.255,00",20260901
Almacen,Almacen,lentejas l.egip.x400gr.,7790681002037,1619.0,"$1.619,00",20260901
Almacen,Almacen,lentejas la egipciana x 350 gr.,7790681001146,1249.0,"$1.249,00",20260901
Almacen,Almacen,lentejas las achiras x 400 gr.,7790681002044,1319.0,"$1.319,00",20260901
Almacen,Almacen,lentejas michelon x 400 gr.,7790681000583,1369.0,"$1.369,00",20260901
Almacen,Almacen,lentejas rojas peladas don elio x 400 gr.,7798048720372,3341.0,"$3.341,00",20260901
Almacen,Almacen,lentejas sec.rem.arcor x300gr,7790580132453,1570.0,"$1.570,00",20260901
Almacen,Almacen,lentejon don elio x 400 gr.,7798048720938,2312.0,"$2.312,00",20260901
Almacen,Almacen,lentejon l.egip.x400gr.sel.sup,7790681000057,3201.0,"$3.201,00",20260901
Almacen,Almacen,lentejon la egipciana x 400 gm,7790681000330,2435.0,"$2.435,00",20260901
Almacen,Almacen,lentejon michelon x400gr.,7790681000729,1699.0,"$1.699,00",20260901
Almacen,Almacen,lentejon olinto x 400 gr.,7798048720488,2065.0,"$2.065,00",20260901
Almacen,Almacen,lomitos de atun morixe x 170 gm aceite y agua,7790199604778,3152.0,"$3.152,00",20260901
Almacen,Almacen,lomitos de atun morixe x 170 gm natural,7790199604761,3152.0,"$3.152,00",20260901
Almacen,Almacen,lomo de atun en aceite swift x 170 gm,7790360984241,3879.0,"$3.879,00",20260901
Almacen,Almacen,lomo de atun swift al natural x 170 gm,7790360984234,3879.0,"$3.879,00",20260901
Almacen,Almacen,lupinos en salmuera marvavic frasco x 200 gr.,7793551000393,3340.0,"$3.340,00",20260901
Almacen,Almacen,lupinos en salmuera marvavic x 100 gr.,7793551002168,1510.0,"$1.510,00",20260901
Almacen,Almacen,lupinos marvavic x kg.,2024740000005,10813.0,"$10.813,00",20260901
Almacen,Almacen,maicitos pehuamar x 265 gm,7790310986615,6114.0,"$6.114,00",20260901
Almacen,Almacen,maicitos sabor queso pehuamar x 125 gr.,7790310984338,3746.0,"$3.746,00",20260901
Almacen,Almacen,maiz inflado grandiet azucarados x 200 gr.,7797330103152,3862.0,"$3.862,00",20260901
Almacen,Almacen,maiz pisado amarillo la egipciana,7790681000279,1365.0,"$1.365,00",20260901
Almacen,Almacen,maiz pisado blanco don elio x 400 gm,7798048720914,2594.0,"$2.594,00",20260901
Almacen,Almacen,maiz pisado blanco olinto x 400 gr.,7798048720464,2137.0,"$2.137,00",20260901
Almacen,Almacen,maiz pisado colorado don elio x 500 gr.,7798048721706,1431.0,"$1.431,00",20260901
Almacen,Almacen,maiz pisingallo don elio x 350 gm sin tacc,7798048722161,1043.0,"$1.043,00",20260901
Almacen,Almacen,maiz pisingallo don elio x 400 gr.,7798048720907,872.0,"$872,00",20260901
Almacen,Almacen,maiz pisingallo la egipciana,7790681000286,1079.0,"$1.079,00",20260901
Almacen,Almacen,maiz pisingallo la egipciana x 400 gr,7790681000262,2432.0,"$2.432,00",20260901
Almacen,Almacen,maiz pisingallo la egipciana x 400 gr.,7790681001115,1531.0,"$1.531,00",20260901
Almacen,Almacen,maiz pisingallo las achiras,7790681000880,819.0,"$819,00",20260901
Almacen,Almacen,maiz pisingallo olinto x 400 gr.,7798048720471,796.0,"$796,00",20260901
Almacen,Almacen,maiz zyma frito salado x 100 gr,7798130192544,2579.0,"$2.579,00",20260901
Almacen,Almacen,mamon en almibar orieta x 250 gr,7792260000588,9772.0,"$9.772,00",20260901
Almacen,Almacen,mani croppers con cascara x 285 gr.,7790524324586,3237.0,"$3.237,00",20260901
Almacen,Almacen,mani croppers sabor panceta x 85 gr.,7790524324517,1227.0,"$1.227,00",20260901
Almacen,Almacen,mani croppers tostado sin sal x 350 gr.,7790524324449,3538.0,"$3.538,00",20260901
Almacen,Almacen,mani japones maniax x 95 gr.,7790310985946,2701.0,"$2.701,00",20260901
Almacen,Almacen,mani l.egip.x250gr.ccasc.supe,7790681000460,2499.0,"$2.499,00",20260901
Almacen,Almacen,mani l.egip.x500gr.conf.tost.,7790681000477,4409.0,"$4.409,00",20260901
Almacen,Almacen,mani l.egip.x80gr.japones,7790681102522,2101.0,"$2.101,00",20260901
Almacen,Almacen,mani la egipciana repelado tostado x 120 gr,7790681000613,1649.0,"$1.649,00",20260901
Almacen,Almacen,mani pelado pehuamar x 135 gr.,7790310986028,3697.0,"$3.697,00",20260901
Almacen,Almacen,mani pelado pehuamar x 320 gr.,7790310985939,6445.0,"$6.445,00",20260901
Almacen,Almacen,mani pelado salado croppers x 105 gr.,7790524324418,1227.0,"$1.227,00",20260901
Almacen,Almacen,mani pelado salado pedrin,7791826000123,10227.0,"$10.227,00",20260901
Almacen,Almacen,mani pelado salado pedrin x 150 gr.,7791826000758,1932.0,"$1.932,00",20260901
Almacen,Almacen,mani pelado zyma x 165 gr cebolla y crema,7798130192346,2547.78,"$2.547,78",20260901
Almacen,Almacen,mani repelado zyma x 150 gr.,7798130190168,2548.0,"$2.548,00",20260901
Almacen,Almacen,mani saborizado croppers barbacoa x 85 gr.,7790524324524,1227.0,"$1.227,00",20260901
Almacen,Almacen,mani saborizado croppers crema y cebolla x 85 gr.,7790524324500,1227.0,"$1.227,00",20260901
Almacen,Almacen,mani saborizado zyma x 150 gr. pizza,7798130190212,2548.0,"$2.548,00",20260901
Almacen,Almacen,mani saborizado zyma x 165 gr. jamon,7798130190199,2548.0,"$2.548,00",20260901
Almacen,Almacen,mani saborizado zyma x 165 gr. queso,7798130190243,2548.0,"$2.548,00",20260901
Almacen,Almacen,mani salado croppers x 350 gr.,7790524324432,3538.0,"$3.538,00",20260901
Almacen,Almacen,mani salado croppers x 800 gr.,7790524324425,8787.0,"$8.787,00",20260901
Almacen,Almacen,mani salado la egipciana x 120 gr.,7790681000620,1649.0,"$1.649,00",20260901
Almacen,Almacen,mani tostado pedrin x 140 gm,7791826000130,1932.0,"$1.932,00",20260901
Almacen,Almacen,mani tostado salado croppers x 105 gr.,7790524324470,1227.0,"$1.227,00",20260901
Almacen,Almacen,mani tostado sin sal croppers x 105 gr.,7790524324456,1227.0,"$1.227,00",20260901
Almacen,Almacen,mani zyma pelado x 165 gr mostaza y miel,7798130192490,2039.0,"$2.039,00",20260901
Almacen,Almacen,manies fritos queth x 100 gr.,7790414000217,1326.0,"$1.326,00",20260901
Almacen,Almacen,manies queth fritos x 300 gr.,7790414000323,3569.0,"$3.569,00",20260901
Almacen,Almacen,manies queth repelados x 300 gr.,7790414000330,3554.0,"$3.554,00",20260901
Almacen,Almacen,manies queth tostados x 300 gr.,7790414000316,3677.0,"$3.677,00",20260901
Almacen,Almacen,manies salados repelados queth x 100 gr.,7790414000224,1323.0,"$1.323,00",20260901
Almacen,Almacen,manies tostados queth x 100 gr.,7790414000057,1377.0,"$1.377,00",20260901
Almacen,Almacen,mantecol bajo en sodio clasico x 111 gr.,7622201812652,3394.0,"$3.394,00",20260901
Almacen,Almacen,mantecol bajo en sodio marmolado x 110 gr.,7622201812676,4017.0,"$4.017,00",20260901
Almacen,Almacen,mantecol x 111 gm salted caramel,7790380270133,3394.0,"$3.394,00",20260901
Almacen,Almacen,mantecol x111gr coco,7790380270126,3394.0,"$3.394,00",20260901
Almacen,Almacen,mantecol x111gr.cafe,7790380270119,3394.0,"$3.394,00",20260901
Almacen,Almacen,mantecol x404gr.bajo sodio,7622201812713,9843.0,"$9.843,00",20260901
Almacen,Almacen,maple de huevos carcaraaa blancos x 30 unidades,714604033646,7173.0,"$7.173,00",20260901
Almacen,Almacen,may.hell.receta casera x445gr.,7794000005143,4589.91,"$4.589,91",20260901
Almacen,Almacen,mayonesa bc la campagnola x 500 gr.,7790580135454,2469.0,"$2.469,00",20260901
Almacen,Almacen,mayonesa bc x250gr.dp,7790580135461,1328.0,"$1.328,00",20260901
Almacen,Almacen,mayonesa cada dia liviana x 1 kg.,7791866000589,3551.0,"$3.551,00",20260901
Almacen,Almacen,mayonesa cada dia liviana x 250 gr.,7791866000558,943.0,"$943,00",20260901
Almacen,Almacen,mayonesa cada dia liviana x 500 gr.,7791866000572,1831.0,"$1.831,00",20260901
Almacen,Almacen,mayonesa con aceite de oliva mayoliva x 250 gr.,7791866003283,2766.0,"$2.766,00",20260901
Almacen,Almacen,mayonesa con aceite de oliva mayoliva x 500 gr.,7791866001579,5381.0,"$5.381,00",20260901
Almacen,Almacen,mayonesa heinz doypack x 350 gr.,7798146138178,2702.0,"$2.702,00",20260901
Almacen,Almacen,mayonesa heinz light x 200 gr.,7798146138857,1778.0,"$1.778,00",20260901
Almacen,Almacen,mayonesa heinz light x 350 gr.,7798146138864,3411.0,"$3.411,00",20260901
Almacen,Almacen,mayonesa heinz light x 850 gr.,7798146138871,6394.0,"$6.394,00",20260901
Almacen,Almacen,mayonesa heinz x 200 gr.,7798146138185,1565.0,"$1.565,00",20260901
Almacen,Almacen,mayonesa hellmanna?a?s con ajo x 250 gr.,7794000006553,2760.17,"$2.760,17",20260901
Almacen,Almacen,mayonesa hellmanns x 250 gm sabor asado,7794000009431,2760.17,"$2.760,17",20260901
Almacen,Almacen,mayonesa hellmann`s liviana x 237 gr.,7794000007093,1551.44,"$1.551,44",20260901
Almacen,Almacen,mayonesa hellmann`s liviana x 475 gr.,7794000007109,2933.31,"$2.933,31",20260901
Almacen,Almacen,mayonesa hellmann`s liviana x 950 gr.,7794000007086,6032.13,"$6.032,13",20260901
Almacen,Almacen,mayonesa hellmann`s receta casera x 232 gr.,7794000005150,2470.58,"$2.470,58",20260901
Almacen,Almacen,mayonesa hellmann`s x 237 gr.,7794000006065,1240.32,"$1.240,32",20260901
Almacen,Almacen,mayonesa hellmann`s x 320 gr.,7794000006089,3359.0,"$3.359,00",20260901
Almacen,Almacen,mayonesa hellmann`s x 475 gr.,7794000006072,2479.0,"$2.479,00",20260901
Almacen,Almacen,mayonesa hellmann`s x 950 gr.,7794000006058,6089.34,"$6.089,34",20260901
Almacen,Almacen,mayonesa hellmans con ajo x 340 gr botellita,7794000006539,3205.33,"$3.205,33",20260901
Almacen,Almacen,mayonesa hellmans liviana x 320 gr botellita,7794000007116,3744.0,"$3.744,00",20260901
Almacen,Almacen,mayonesa hellmans x 275 gr clasica,7794000009714,1240.26,"$1.240,26",20260901
Almacen,Almacen,mayonesa natura x 250 gr.,7791866001203,1737.0,"$1.737,00",20260901
Almacen,Almacen,mayonesa natura x 500 gr.,7791866001364,3403.0,"$3.403,00",20260901
Almacen,Almacen,mayonesa natura x 950 gr.,7791866001357,6672.0,"$6.672,00",20260901
Almacen,Almacen,mayonesa tau x 300 gr. con chimichurri,7798146139113,4210.0,"$4.210,00",20260901
Almacen,Almacen,mayonesa tau x 300 gr. picante,7798146139106,3713.0,"$3.713,00",20260901
Almacen,Almacen,medallones durazno medianos x kg.,2011820000000,24650.0,"$24.650,00",20260901
Almacen,Almacen,merengues whisper x 150 gr.,7798018100104,3781.0,"$3.781,00",20260901
Almacen,Almacen,merluza al natural puglisi x 380 gr.,7790748235187,4227.0,"$4.227,00",20260901
Almacen,Almacen,merluza en aceite puglisi x 380 gr.,7790748235149,4227.0,"$4.227,00",20260901
Almacen,Almacen,mezcla de especias dos anclas x 25 gr.,7792900092829,978.0,"$978,00",20260901
Almacen,Almacen,mezcla frutos secos y pasas la egipciana x 80 gm,7790681102591,3674.0,"$3.674,00",20260901
Almacen,Almacen,mini tostaditas twistos queso x 95 gr.,7790310983270,3685.0,"$3.685,00",20260901
Almacen,Almacen,minibars crowie x 50 gm chocomani,7798228640636,1804.0,"$1.804,00",20260901
Almacen,Almacen,mis alicante parrillero vegetales x 25 gm,7790150533154,1642.0,"$1.642,00",20260901
Almacen,Almacen,mix alicante parrilla x 25 gr hamburguesas,7790150533000,1642.0,"$1.642,00",20260901
Almacen,Almacen,mix alicante parrillero barbacoa x 25 gm,7790150533307,1642.0,"$1.642,00",20260901
Almacen,Almacen,mix alicante parrillero x 25 gm chimichurri ahumado,7790150533109,1642.0,"$1.642,00",20260901
Almacen,Almacen,mix alicante parrillero x 25 gmcarnes grilladas,7790150533208,1642.0,"$1.642,00",20260901
Almacen,Almacen,mix crocante para carnes alicante x 50 gr.,7790150532065,1670.0,"$1.670,00",20260901
Almacen,Almacen,mix crocante para ensaladas alicante x 40 gr.,7790150532164,1494.0,"$1.494,00",20260901
Almacen,Almacen,"mix croppers mani, almendras y castanas de caju x",7790524324487,3084.0,"$3.084,00",20260901
Almacen,Almacen,"mix croppers mani, almendras y pasas de uva x 85 .",7790524324494,2018.0,"$2.018,00",20260901
Almacen,Almacen,mix curry alicante x 25 gr.,7790150532805,1642.0,"$1.642,00",20260901
Almacen,Almacen,mix de especias liberato x 40 gr.,7798168320612,6201.0,"$6.201,00",20260901
Almacen,Almacen,mix de frutas tropicales zyma x 150 gr.,7798130190328,4213.0,"$4.213,00",20260901
Almacen,Almacen,mix de frutos secos la nueva estrella x 80 gr.,7794513000260,1987.0,"$1.987,00",20260901
Almacen,Almacen,mix de frutos secos zyma x 150 gr.,7798130190847,4321.0,"$4.321,00",20260901
Almacen,Almacen,mix de pimientas liberato x 50 gr.,7798168320599,8017.0,"$8.017,00",20260901
Almacen,Almacen,"mix de sabor knorr aji,comino y pimenton x 4 sobrs",7794000009189,1318.48,"$1.318,48",20260901
Almacen,Almacen,mix de sabores knorr coboulette y puerro x 4 sobres,7794000009295,1318.48,"$1.318,48",20260901
Almacen,Almacen,mix de sabores knorr hongos y champignones x 4 sos,7794000009158,1318.48,"$1.318,48",20260901
Almacen,Almacen,"mix de sabores knorr oregano, tomate y ajo x 4 sos",7794000009141,1318.48,"$1.318,48",20260901
Almacen,Almacen,mix de sabores knorr pollos x 4 sobres,7794000009172,1318.48,"$1.318,48",20260901
Almacen,Almacen,mix de sabores knorr x 4 sobres verdura,7794000009127,1318.48,"$1.318,48",20260901
Almacen,Almacen,mix energetico zyma x 150 gr.,7798130191509,3407.0,"$3.407,00",20260901
Almacen,Almacen,mix energetico zyma x 300 gr.,7798130191288,4724.0,"$4.724,00",20260901
Almacen,Almacen,mix finas hierbas alicante x 20 gr.,7790150532423,1642.0,"$1.642,00",20260901
Almacen,Almacen,mix frutos s ecos con mani x kilo,2029170000007,16438.0,"$16.438,00",20260901
Almacen,Almacen,mix frutos secos sin pasas x kilo la nueva estrella,2031990000006,21034.0,"$21.034,00",20260901
Almacen,Almacen,mix frutos secos sin pasas zyma x 150 gm,7798130192230,6071.0,"$6.071,00",20260901
Almacen,Almacen,mix frutos secos zyma x 300 gm con mani,7798130191332,6128.0,"$6.128,00",20260901
Almacen,Almacen,mix line premium x kilo la nueva estrella,2032000000009,36589.0,"$36.589,00",20260901
Almacen,Almacen,mix oriental alicante x 50 gr.,7790150532607,1642.0,"$1.642,00",20260901
Almacen,Almacen,mix salado x kilo,2029180000004,14671.0,"$14.671,00",20260901
Almacen,Almacen,mix salado zyma x 150 grpara picada,7798130192575,3779.0,"$3.779,00",20260901
Almacen,Almacen,mix salado zyma x 300 gr.,7798130191271,5556.0,"$5.556,00",20260901
Almacen,Almacen,mix salado zyma x150gr.,7798130190854,3949.0,"$3.949,00",20260901
Almacen,Almacen,mix tropical nueva estrella x 80 gr.,7794513000246,1857.0,"$1.857,00",20260901
Almacen,Almacen,mix tropical nueva estrella x kg.,2026300000005,16438.0,"$16.438,00",20260901
Almacen,Almacen,mix tropical zyma x 300 gr.,7798130191349,5969.0,"$5.969,00",20260901
Almacen,Almacen,mix zyma premium sin pasas x 300 gm en bolsa,7798130191318,9448.0,"$9.448,00",20260901
Almacen,Almacen,mix zyma tropical frutos secos sin pasas x 300 gm,7798130191325,6445.0,"$6.445,00",20260901
Almacen,Almacen,moras de goma mogul x 500 gr.,7790580262402,10122.0,"$10.122,00",20260901
Almacen,Almacen,morron deshidratado knorr x 75 gr.,7794000006133,4545.56,"$4.545,56",20260901
Almacen,Almacen,mostacholes lucchetti x 500 gr.,7790070336149,1747.0,"$1.747,00",20260901
Almacen,Almacen,mostacholes rayados terrabusi x 500 gr.,7790070336446,1362.0,"$1.362,00",20260901
Almacen,Almacen,mostaza con miel dos anclas x 400 gr.,7792900990729,5238.0,"$5.238,00",20260901
Almacen,Almacen,mostaza fanacoa x 250 gm doy pack,7794000005204,919.0,"$919,00",20260901
Almacen,Almacen,mostaza natura x 500 gr.,7791866000510,2513.0,"$2.513,00",20260901
Almacen,Almacen,mostaza savora x 250 gr.,7794000006478,1449.0,"$1.449,00",20260901
Almacen,Almacen,mostaza savora x 500 gr.,7794000006485,2514.32,"$2.514,32",20260901
Almacen,Almacen,mousse exquisita dulce de leche x 95 gr.,7790070432353,2616.0,"$2.616,00",20260901
Almacen,Almacen,nachos ketsal picantes x 70 gr.,7798342920072,2260.0,"$2.260,00",20260901
Almacen,Almacen,nachos ketsal sabor queso x 70 gr.,7798342920065,2260.0,"$2.260,00",20260901
Almacen,Almacen,nachos ketsal x 250 gr.,7798342920027,3994.0,"$3.994,00",20260901
Almacen,Almacen,nachos ketsal x 90 gr.,7798342920034,2225.0,"$2.225,00",20260901
Almacen,Almacen,nachos tostitos x 100 gm,7790310987995,3489.0,"$3.489,00",20260901
Almacen,Almacen,nachos tostitos x 160 gm,7790310988008,4785.0,"$4.785,00",20260901
Almacen,Almacen,nachos tostitos x 260 gm,7790310988015,6579.0,"$6.579,00",20260901
Almacen,Almacen,nesquik,8445291121904,10074.0,"$10.074,00",20260901
Almacen,Almacen,nucrem clasico x 84 gm,7790380016922,1878.0,"$1.878,00",20260901
Almacen,Almacen,nucrem x170gr.chocolatado,7790380017035,4048.0,"$4.048,00",20260901
Almacen,Almacen,nueces blancas sin cascara x kg.,2011840000004,36297.0,"$36.297,00",20260901
Almacen,Almacen,nueces peladas desecadas zyma x 300 gr.,7798130191394,12855.0,"$12.855,00",20260901
Almacen,Almacen,nueces peladas mariposa zyma x 90 gr.,7798130190014,5187.0,"$5.187,00",20260901
Almacen,Almacen,nuez moscada alicante x25gr.na,7790150535394,2791.0,"$2.791,00",20260901
Almacen,Almacen,nuez moscada entera alicante x 20 gr.,7790150536285,2597.0,"$2.597,00",20260901
Almacen,Almacen,oblea arcor x20gr.milk,7790580144227,802.0,"$802,00",20260901
Almacen,Almacen,oblea arcor x20gr.twit,7790580132712,802.0,"$802,00",20260901
Almacen,Almacen,oblea bon o bon x30gr.blanco,7790580346614,1361.0,"$1.361,00",20260901
Almacen,Almacen,oblea bon o bon x30gr.leche,7790580346515,1361.0,"$1.361,00",20260901
Almacen,Almacen,oblea cofler block x 60 gm,7790580150389,1986.0,"$1.986,00",20260901
Almacen,Almacen,oblea cofler block xl x 45 gr.,7790580131562,1790.0,"$1.790,00",20260901
Almacen,Almacen,oblea cofler chocolinas x 60 gm,7790580150327,1986.0,"$1.986,00",20260901
Almacen,Almacen,oblea cofler chocolinas xl x 45 gr.,7790580131586,1735.0,"$1.735,00",20260901
Almacen,Almacen,oblea cofler maaax x 60 gm avellanas,7790580150273,1925.0,"$1.925,00",20260901
Almacen,Almacen,oblea con chocolate kinder bueno regular x 43 gm,80052760,3117.0,"$3.117,00",20260901
Almacen,Almacen,oblea de arroz chocobar x 6 unid.,7790070431899,5359.0,"$5.359,00",20260901
Almacen,Almacen,oblea de arroz gallo x 6 unid.,7790070417572,5339.0,"$5.339,00",20260901
Almacen,Almacen,oblea de chocolate bon o bon xl x 45 gr.,7790580109646,1925.0,"$1.925,00",20260901
Almacen,Almacen,oblea hamleton x28gr.,7790580137656,1081.0,"$1.081,00",20260901
Almacen,Almacen,oblea kinder bueno regular x 3 unidades,8000500050897,8883.0,"$8.883,00",20260901
Almacen,Almacen,oblea milka bis oreo x 105 gr.,7622210719829,4910.0,"$4.910,00",20260901
Almacen,Almacen,obleas milka bis x 105 gr.,7622210788207,4910.0,"$4.910,00",20260901
Almacen,Almacen,obleas schar vainilla x 125 gm,8008698001905,9358.0,"$9.358,00",20260901
Almacen,Almacen,oregano alicante x 25 gr.,7790150540183,1189.0,"$1.189,00",20260901
Almacen,Almacen,oregano alicante x 50 gr.,7790150540336,2149.0,"$2.149,00",20260901
Almacen,Almacen,oregano dos anclas x 50 gm,7792900911083,2441.61,"$2.441,61",20260901
Almacen,Almacen,oregano dos anclas x25gr.,7792900990613,1198.0,"$1.198,00",20260901
Almacen,Almacen,palitos de maiz queth x 250 gr.,7790414000088,4090.0,"$4.090,00",20260901
Almacen,Almacen,palitos de maiz queth x 400 gr.,7790414000255,6590.0,"$6.590,00",20260901
Almacen,Almacen,palitos de maiz queth x 45 gr.,7790414000033,920.0,"$920,00",20260901
Almacen,Almacen,palitos pehuamar x165gr.,7790310985380,3602.0,"$3.602,00",20260901
Almacen,Almacen,palitos pehuamar x165gr.qs.,7790310985526,3602.0,"$3.602,00",20260901
Almacen,Almacen,palitos pep salados x120gr.,7790310984307,3460.0,"$3.460,00",20260901
Almacen,Almacen,palitos salados pedrin x 180 gr.,7791826000024,1932.0,"$1.932,00",20260901
Almacen,Almacen,palitos salados pedrin x 80 gr.,7791826000475,1001.0,"$1.001,00",20260901
Almacen,Almacen,palitos salados queth x 180 gr.,7790414000019,2709.0,"$2.709,00",20260901
Almacen,Almacen,palitos salados queth x 700 gr.,7790414000149,9505.0,"$9.505,00",20260901
Almacen,Almacen,palmitos acapulco x800gr.,7790645001939,9536.0,"$9.536,00",20260901
Almacen,Almacen,palmitos en trozo morixe x 400 gr lata,7790199604877,1897.0,"$1.897,00",20260901
Almacen,Almacen,palmitos en trozos acapulco x 400 gr.,7790645002554,2185.0,"$2.185,00",20260901
Almacen,Almacen,palmitos en trozos acapulco x 800 gr.,7790645002271,4323.0,"$4.323,00",20260901
Almacen,Almacen,palmitos enteros acapulco x 396 gr.,7790645001946,5031.0,"$5.031,00",20260901
Almacen,Almacen,palmitos enteros morixe x 400 gr.,7790199604853,4656.0,"$4.656,00",20260901
Almacen,Almacen,pan con trigo sarraceno frank`s x 300 gr. sin tacc,7798340790295,7492.0,"$7.492,00",20260901
Almacen,Almacen,pan de molde con semillas frank`s x 500 gr. sin ta,7798340790028,11165.0,"$11.165,00",20260901
Almacen,Almacen,pan de molde frank`s x 500 gr. sin tacc,7798340790011,10955.0,"$10.955,00",20260901
Almacen,Almacen,pan frances schar sin tacc x 100 gr.,7898954933610,6932.0,"$6.932,00",20260901
Almacen,Almacen,pan franks x60gr.hamb.csesam,7798340790141,1924.0,"$1.924,00",20260901
Almacen,Almacen,pan hamburguesas,7898954933689,7474.0,"$7.474,00",20260901
Almacen,Almacen,pan pevet schar sin tacc x 150 gr.,7898954933573,10264.0,"$10.264,00",20260901
Almacen,Almacen,pan rallado preferido libre de gluten x 350 gr.,7790070100283,3649.0,"$3.649,00",20260901
Almacen,Almacen,pan rustico schar sin tacc x 200 gr.,7898954933467,8296.0,"$8.296,00",20260901
Almacen,Almacen,pan schar x200gr.quinoa y lino,7898954933627,8989.0,"$8.989,00",20260901
Almacen,Almacen,papas a la crema pedrin,7791826000345,3136.0,"$3.136,00",20260901
Almacen,Almacen,papas frita saladix x 130 gr original,7790040153172,4566.36,"$4.566,36",20260901
Almacen,Almacen,papas fritas lays clasicas x 134 gr.,7790310985465,5545.0,"$5.545,00",20260901
Almacen,Almacen,papas fritas lays clasicas x 230 gr.,7790310984734,9005.0,"$9.005,00",20260901
Almacen,Almacen,papas fritas lays clasicas x 40 gms,7790310985236,2370.0,"$2.370,00",20260901
Almacen,Almacen,papas fritas lays flamin` hot x 70 gr.,7790310985328,3697.0,"$3.697,00",20260901
Almacen,Almacen,papas fritas lays ketchup x 77 gr.,7790310985502,3981.0,"$3.981,00",20260901
Almacen,Almacen,papas fritas lays queso crema y cebolla x 77 gr.,7790310985557,3981.0,"$3.981,00",20260901
Almacen,Almacen,papas fritas pedrin  x 70 gm provenzal,7791826000352,3136.0,"$3.136,00",20260901
Almacen,Almacen,papas fritas pedrin jamon serrano x 70 gr.,7791826000055,3136.0,"$3.136,00",20260901
Almacen,Almacen,papas fritas pedrin ketchup,7791826000376,3136.0,"$3.136,00",20260901
Almacen,Almacen,papas fritas pedrin x 150 gr.,7791826000772,4335.0,"$4.335,00",20260901
Almacen,Almacen,papas fritas pedrin x 70 gm,7791826000192,2367.0,"$2.367,00",20260901
Almacen,Almacen,papas fritas pedrin x400g,7791826000628,10858.0,"$10.858,00",20260901
Almacen,Almacen,papas fritas pringles crema y cebolla x 109 gr.,7896004009162,5423.0,"$5.423,00",20260901
Almacen,Almacen,papas fritas pringles original x 104 gr.,7896004009155,5423.0,"$5.423,00",20260901
Almacen,Almacen,papas fritas pringles original x 37 gr.,7896004009186,2633.0,"$2.633,00",20260901
Almacen,Almacen,papas fritas pringles queso x 109 gr.,7896004009179,5423.0,"$5.423,00",20260901
Almacen,Almacen,papas fritas quento x 160 gr clasicas,7798187212325,3465.44,"$3.465,44",20260901
Almacen,Almacen,papas fritas quento x 82 gr jamon serrano,7798187211885,2315.46,"$2.315,46",20260901
Almacen,Almacen,papas fritas quento x 82 gr limon,7798187212172,2315.46,"$2.315,46",20260901
Almacen,Almacen,papas fritas quento x 82 gr queso crema y ciboullette,7798187211854,2315.46,"$2.315,46",20260901
Almacen,Almacen,papas fritas quento x 92 gr clasicas,7798187211847,2315.46,"$2.315,46",20260901
Almacen,Almacen,papas fritas queth,7790414000125,14929.0,"$14.929,00",20260901
Almacen,Almacen,papas fritas queth x 180 gr.,7790414000026,3960.0,"$3.960,00",20260901
Almacen,Almacen,papas fritas queth x 500 gr.,7790414000101,11321.0,"$11.321,00",20260901
Almacen,Almacen,papas fritas queth x 90 gm,7790414000040,2059.0,"$2.059,00",20260901
Almacen,Almacen,papas fritas saladix x 72 gr cheddar,7790040153158,3044.37,"$3.044,37",20260901
Almacen,Almacen,papas fritas zyma x 104 gm chile y lima,7798130192339,3767.0,"$3.767,00",20260901
Almacen,Almacen,papas fritas zyma x 104 gm sabor barbacoa,7798130192322,3767.0,"$3.767,00",20260901
Almacen,Almacen,papas fritas zyma x 104 gm sabor queso,7798130192315,3767.0,"$3.767,00",20260901
Almacen,Almacen,papas lays provoleta x 77 gr.,7790310986813,3981.0,"$3.981,00",20260901
Almacen,Almacen,papas lays sabor asado x 77 gm,7790310988220,3981.0,"$3.981,00",20260901
Almacen,Almacen,papas lays x122gr.jamon serran,7790310985618,5545.0,"$5.545,00",20260901
Almacen,Almacen,papas lays x77gr.jamon serrano,7790310985434,3981.0,"$3.981,00",20260901
Almacen,Almacen,papas lays x85gr.clasicas,7790310985458,3981.0,"$3.981,00",20260901
Almacen,Almacen,papas pehuamar acanaladas x 230 gm,7790310983553,6449.0,"$6.449,00",20260901
Almacen,Almacen,papas pehuamar x135gr.acanalad,7790310985441,3981.0,"$3.981,00",20260901
Almacen,Almacen,papas pehuamar x135gr.clasica,7790310985366,3981.0,"$3.981,00",20260901
Almacen,Almacen,papas pringles crema y cebolla x 39 gr.,7896004009193,2632.0,"$2.632,00",20260901
Almacen,Almacen,pasas de uva la egipciana x 80 gr.,7790681102560,2101.0,"$2.101,00",20260901
Almacen,Almacen,pasas de uva morocha sultanina ssemillas x kg.,2011850000001,7649.0,"$7.649,00",20260901
Almacen,Almacen,pasas de uva rubia sultanina ssemillas x kg.,2011860000008,17515.0,"$17.515,00",20260901
Almacen,Almacen,pasas de uva sin semillas la nueva estrella x 100.,7794513000093,1366.0,"$1.366,00",20260901
Almacen,Almacen,pasas de uva sin semillas zyma x 150 gr.,7798130190120,2811.0,"$2.811,00",20260901
Almacen,Almacen,pasas de uva sin semillas zyma x 300 gr.,7798130191448,3562.0,"$3.562,00",20260901
Almacen,Almacen,pasta de aceitunas negras marvavic x 300 gr.,7793551000591,3937.0,"$3.937,00",20260901
Almacen,Almacen,pasta de aceitunas nucete frasco x 190 gr negras con ajo,7792070053736,6191.71,"$6.191,71",20260901
Almacen,Almacen,pasta de aceitunas verdes marvavic x 280 gr.,7793551003004,2140.0,"$2.140,00",20260901
Almacen,Almacen,pasta de aceitunas verdes marvavic x 300 gr.,7793551000584,3937.0,"$3.937,00",20260901
Almacen,Almacen,pasta deaceitunas nucete frasco x 190 gr verdes con ajo,7792070053729,6191.71,"$6.191,71",20260901
Almacen,Almacen,pasta knorr x 200 gm mc and cheese,7794000009547,3069.0,"$3.069,00",20260901
Almacen,Almacen,pasta knorr x 200 gm pesto,7794000009516,3069.0,"$3.069,00",20260901
Almacen,Almacen,pasta knorr x 200 gm sabor hongos,7794000009523,3069.0,"$3.069,00",20260901
Almacen,Almacen,pastillas sabor a menta x 16 gm tic tac,78600010,1101.0,"$1.101,00",20260901
Almacen,Almacen,pastillas sabor naranja x 16 gr. tic tac,78600027,1101.0,"$1.101,00",20260901
Almacen,Almacen,pastillas surtidas sabor a frutas tic tac x 16 gm,7797394001265,1101.0,"$1.101,00",20260901
Almacen,Almacen,pate con hongos swift,7790360965189,1579.0,"$1.579,00",20260901
Almacen,Almacen,pate de foie paladini untable x 90 gr.,7790079011085,1293.0,"$1.293,00",20260901
Almacen,Almacen,pate de foie swift,7790360720382,1259.0,"$1.259,00",20260901
Almacen,Almacen,pate de foie swift con pimienta verde x 85 gr.,7790360965721,1579.0,"$1.579,00",20260901
Almacen,Almacen,pate de foie swift pollox85gr,7790360964540,1579.0,"$1.579,00",20260901
Almacen,Almacen,pate de foie tipo provenzal swift x 85 gr.,7790360965714,1579.0,"$1.579,00",20260901
Almacen,Almacen,pate de salmon swift x 85 gr.,7790360965202,1579.0,"$1.579,00",20260901
Almacen,Almacen,pate swift a la crema x88gr.,7790360964526,1359.0,"$1.359,00",20260901
Almacen,Almacen,pate swift de jamon ahum.x85gr,7790360965707,1579.0,"$1.579,00",20260901
Almacen,Almacen,pate swift jalapeao x 90 gm,7790360984715,1269.0,"$1.269,00",20260901
Almacen,Almacen,pepinillos en vinagre marvavic x 100 gr.,7793551000171,2274.0,"$2.274,00",20260901
Almacen,Almacen,pepinillos en vinagre marvavic x 200 gr.,7793551000362,4781.0,"$4.781,00",20260901
Almacen,Almacen,pepinillos en vinagre marvavic x kg 5kg. x kg.,2024770000006,16920.0,"$16.920,00",20260901
Almacen,Almacen,pepinillos nucete en vinagre doy pack x 300 gr,7792070002338,6449.0,"$6.449,00",20260901
Almacen,Almacen,pepinitos nucete en vinagre frasco x 330 gr,7792070000723,9844.0,"$9.844,00",20260901
Almacen,Almacen,pepino marvavic x kg.,2024760000009,23083.0,"$23.083,00",20260901
Almacen,Almacen,pepinos agridulces marvavic x 200 gr.,7793551000515,7307.0,"$7.307,00",20260901
Almacen,Almacen,peras en mitades alco x 820 gr.,7798132920428,3528.0,"$3.528,00",20260901
Almacen,Almacen,peras en mitades medianas x kg.,2011880000002,20142.0,"$20.142,00",20260901
Almacen,Almacen,perejil alicante x25gr.,7790150545287,1399.0,"$1.399,00",20260901
Almacen,Almacen,perejil deshidratado dos anclas x 25 gr.,7792900990583,1594.0,"$1.594,00",20260901
Almacen,Almacen,pesto viridian x 200 gm clasico,763571807347,11633.0,"$11.633,00",20260901
Almacen,Almacen,pesto viridian x 200 ml mediterraneo,763571807330,11405.0,"$11.405,00",20260901
Almacen,Almacen,picadillo carne swift 90,7790360720115,1259.0,"$1.259,00",20260901
Almacen,Almacen,picadillo de carne paladini x 90 gr.,7790079011078,1442.0,"$1.442,00",20260901
Almacen,Almacen,picadillo de carne swift sabor picante x 90 gr.,7790360966582,1448.0,"$1.448,00",20260901
Almacen,Almacen,picadillo swift picante chile x 90 gm,7790360984302,1269.0,"$1.269,00",20260901
Almacen,Almacen,pickles en vinagre marvavic x 150 gr.,7793551001505,2440.0,"$2.440,00",20260901
Almacen,Almacen,pickles en vinagre marvavic x 200 gr.,7793551000232,4280.0,"$4.280,00",20260901
Almacen,Almacen,pickles en vinagre marvavic x 420 gr.,7793551000249,6801.0,"$6.801,00",20260901
Almacen,Almacen,pickles marvavic x kg.,2024790000000,11784.0,"$11.784,00",20260901
Almacen,Almacen,pickles mixtos en vinagre marvavic x 100 gr.,7793551000621,1673.0,"$1.673,00",20260901
Almacen,Almacen,pickles mixtos en vinagre nucete x 300 gr.,7792070002321,2592.0,"$2.592,00",20260901
Almacen,Almacen,pickles mixtos vanoli x 300 gr.,7790127742183,2650.0,"$2.650,00",20260901
Almacen,Almacen,pickles nucete en vinagre frasco x 220 gr.,7792070000686,4482.0,"$4.482,00",20260901
Almacen,Almacen,pimenton alicante x 50 gr.,7790150565735,1569.0,"$1.569,00",20260901
Almacen,Almacen,pimenton alicante x25gr.,7790150564844,1167.0,"$1.167,00",20260901
Almacen,Almacen,pimenton dulce alicante x 200 gr.,7790150565469,6537.0,"$6.537,00",20260901
Almacen,Almacen,pimenton seleccionado dos anclas x 50 gr.,7792900911250,1915.0,"$1.915,00",20260901
Almacen,Almacen,pimien.alican.x25gr.bca.gno ni,7790150551363,2090.0,"$2.090,00",20260901
Almacen,Almacen,pimien.alican.x25gr.ngra.grano,7790150556368,1666.0,"$1.666,00",20260901
Almacen,Almacen,pimien.alican.x25gr.ngra.molid,7790150555446,1623.0,"$1.623,00",20260901
Almacen,Almacen,pimien.alican.x50gr.bca.molida,7790150550465,4125.0,"$4.125,00",20260901
Almacen,Almacen,pimient.alican.x45g.bca.grano,7790150551745,8269.0,"$8.269,00",20260901
Almacen,Almacen,pimienta badia lima x 184.3 gm,33844006556,13757.0,"$13.757,00",20260901
Almacen,Almacen,pimienta badia limon x 184.3 gr,33844006709,13758.0,"$13.758,00",20260901
Almacen,Almacen,pimienta blanca alicante x 25 gr.,7790150550588,2291.0,"$2.291,00",20260901
Almacen,Almacen,pimienta blanca en grano la campagnola x 25 gr.,7790580136116,2133.0,"$2.133,00",20260901
Almacen,Almacen,pimienta blanca en granos dos anclas x 50 gr.,7792900009247,4318.0,"$4.318,00",20260901
Almacen,Almacen,pimienta blanca molida liberato x 55 gr.,7798168320629,8798.0,"$8.798,00",20260901
Almacen,Almacen,pimienta negra en grano alicante x 45 gr.,7790150556740,7657.0,"$7.657,00",20260901
Almacen,Almacen,pimienta negra liberato x 55 gr.,7798168320582,6932.0,"$6.932,00",20260901
Almacen,Almacen,pimientos en vinagre marvavic x 150 gr.,7793551002786,3142.0,"$3.142,00",20260901
Almacen,Almacen,pimientos morrones enteros morixe lata x 210 gr,7790199605713,2418.0,"$2.418,00",20260901
Almacen,Almacen,pimientos pelados marvavic x 330 gm,7793551003325,8858.0,"$8.858,00",20260901
Almacen,Almacen,pistacho con cascara tostado y salado x kilo la nueva estrel,2031980000009,64115.0,"$64.115,00",20260901
Almacen,Almacen,pistachos con cascara zyma x 150 gr.,7798130190052,12011.0,"$12.011,00",20260901
Almacen,Almacen,pistachos l.egip.x80gr.salados,7790681102454,6999.0,"$6.999,00",20260901
Almacen,Almacen,pita chips almadre cebolla x 115 gr.,7798371600624,2922.0,"$2.922,00",20260901
Almacen,Almacen,pita chips almadre x 115 gm tomate y romero,7798371600648,2922.0,"$2.922,00",20260901
Almacen,Almacen,pita chips almadre x 115 gr jalapeno,7798371600631,2922.0,"$2.922,00",20260901
Almacen,Almacen,pita chips almadre x 115 gr original,7798371600617,2922.0,"$2.922,00",20260901
Almacen,Almacen,pizzines pedrin x 70 gr.,7791826000703,1932.0,"$1.932,00",20260901
Almacen,Almacen,pochoclo gallo pop snacks x 50 gr. caramelizados,7790070431363,1739.0,"$1.739,00",20260901
Almacen,Almacen,pochoclo gallo pop snacks x 60 gr. salado,7790070431370,2099.0,"$2.099,00",20260901
Almacen,Almacen,polenta la egipciana x 500 gr.,7790681000101,1326.0,"$1.326,00",20260901
Almacen,Almacen,polenta prestopronta x 250 gr. espinaca a la crema,7790580126315,1572.0,"$1.572,00",20260901
Almacen,Almacen,polvo p bizcochuelo aguila x 540 gr. brownie,7790580122287,5188.0,"$5.188,00",20260901
Almacen,Almacen,polvo para bizcochuelo exquisita x 540 gr. naranja,7790070432988,3772.0,"$3.772,00",20260901
Almacen,Almacen,polvo para bizcochuelo exquisita x 540 gr. vainila,7790070432964,3772.0,"$3.772,00",20260901
Almacen,Almacen,polvo para hornear yuspe x 50 g,7794980938523,808.0,"$808,00",20260901
Almacen,Almacen,polvo para preparar bizcochuelo exquisita x 540 gm limon,7790070432995,3772.0,"$3.772,00",20260901
Almacen,Almacen,polvo para preparar bizcochuelo morixe x 540 gr carrot cake,7790199605003,2894.32,"$2.894,32",20260901
Almacen,Almacen,polvo para preparar bizcochuelo morixe x 540 gr limon,7790199604983,2665.87,"$2.665,87",20260901
Almacen,Almacen,polvo para preparar bizcochuelo morixe x 540 gr naranja,7790199604976,2665.87,"$2.665,87",20260901
Almacen,Almacen,polvo para preparar bizcochuelo morixe x 540 gr pistacho,7790199606000,2894.32,"$2.894,32",20260901
Almacen,Almacen,polvo para preparar crema chantilly royal x 50 gr.,7622201705480,2365.0,"$2.365,00",20260901
Almacen,Almacen,polvo pbizcochuelo aguila torta humeda x 450 gr.,7790580122300,5192.0,"$5.192,00",20260901
Almacen,Almacen,polvo pbizcochuelo exquisita torta de chocolate .,7790070432889,4657.0,"$4.657,00",20260901
Almacen,Almacen,polvo pbizcochuelo exquisita x 540 gr. chocolate,7790070432971,4565.0,"$4.565,00",20260901
Almacen,Almacen,polvo pbizcochuelo exquisita x 540 gr. coco,7790070433008,3772.0,"$3.772,00",20260901
Almacen,Almacen,polvo pbizcochuelo favorita x 450 gr. chocolate,7790070417299,1989.0,"$1.989,00",20260901
Almacen,Almacen,polvo pbizcochuelo maizena sabor chocolate x 450.,7794000008236,5679.0,"$5.679,00",20260901
Almacen,Almacen,polvo pbizcochuelo morixe chocolate x 540 gr.,7790199604198,3104.0,"$3.104,00",20260901
Almacen,Almacen,polvo pbizcochuelo morixe vainilla x 540 gr.,7790199604181,2582.0,"$2.582,00",20260901
Almacen,Almacen,polvo phornear royal x100gr.,7622300148119,3088.0,"$3.088,00",20260901
Almacen,Almacen,polvo phornear royal x50gr.,7622201464882,1836.0,"$1.836,00",20260901
Almacen,Almacen,polvo ppreparar brownie arcor x 425 gr. sin glutn,7790580137960,5894.0,"$5.894,00",20260901
Almacen,Almacen,polvo ppreparar cookies exquisita sabor chocolat.,7790070410801,3894.0,"$3.894,00",20260901
Almacen,Almacen,polvo ppreparar cookies exquisita sabor vainilla.,7790070410795,3894.0,"$3.894,00",20260901
Almacen,Almacen,polvo ppreparar crema chantilly dos anclas x 50 g,7792900917009,1806.0,"$1.806,00",20260901
Almacen,Almacen,polvo ppreparar helado exquisita x 52 gr. dulce d,7790070431318,1557.0,"$1.557,00",20260901
Almacen,Almacen,porotos alubia don elio lata x 300 gm,7798048721942,1198.77,"$1.198,77",20260901
Almacen,Almacen,porotos alubia don elio x 500 gr.,7798048720112,2039.0,"$2.039,00",20260901
Almacen,Almacen,porotos alubia olinto x 400 gr.,7798048720440,1819.0,"$1.819,00",20260901
Almacen,Almacen,porotos arcor x300gr.alubia,7790580132491,1521.0,"$1.521,00",20260901
Almacen,Almacen,porotos colorados don elio x 300 gr.,7798048721966,1217.0,"$1.217,00",20260901
Almacen,Almacen,porotos colorados don elio x 500 gr.,7798048720129,3299.0,"$3.299,00",20260901
Almacen,Almacen,porotos colorados la egipciana x 500 gr.,7790681001023,2778.0,"$2.778,00",20260901
Almacen,Almacen,porotos l.achiras x500gr.alubi,7790681001313,1599.0,"$1.599,00",20260901
Almacen,Almacen,porotos l.campag.x300gr.alubia,7793360132483,1750.0,"$1.750,00",20260901
Almacen,Almacen,porotos l.egip.x350gr.alubias,7790681001191,1629.0,"$1.629,00",20260901
Almacen,Almacen,porotos l.egip.x500gr.pall.s.s,7790681000088,5568.0,"$5.568,00",20260901
Almacen,Almacen,porotos la egipciana x 500 gr bolita,7790681000415,1947.0,"$1.947,00",20260901
Almacen,Almacen,porotos manteca don elio x 500 gr.,7798048720211,3846.0,"$3.846,00",20260901
Almacen,Almacen,porotos marvavic x kilo x kg.,2024800000006,28563.0,"$28.563,00",20260901
Almacen,Almacen,porotos negros don elio x 300 gr.,7798048721959,1264.0,"$1.264,00",20260901
Almacen,Almacen,porotos negros don elio x 500 gr.,7798048720150,1934.0,"$1.934,00",20260901
Almacen,Almacen,porotos negros la egipciana lata x 350 gr,7790681000941,1776.0,"$1.776,00",20260901
Almacen,Almacen,porotos negros la egipciana x 500 gr,7790681001016,2221.0,"$2.221,00",20260901
Almacen,Almacen,porotos pallares en escabeche condimentados marvar,7793551000553,7980.0,"$7.980,00",20260901
Almacen,Almacen,porotos pallares la egipciana x 350 gr.,7790681001207,2073.0,"$2.073,00",20260901
Almacen,Almacen,porotos pallares la egipciana x 500 gr.,7790681000378,5428.0,"$5.428,00",20260901
Almacen,Almacen,porotos pallares las achiras x 500 gr.,7790681000897,3429.0,"$3.429,00",20260901
Almacen,Almacen,postre bc x 60 gm sabor chocolate,7790580129323,1134.0,"$1.134,00",20260901
Almacen,Almacen,postre bc x50gr.limon crema,7790580129491,1134.0,"$1.134,00",20260901
Almacen,Almacen,postre bc x50gr.vainilla,7790580129484,1134.0,"$1.134,00",20260901
Almacen,Almacen,postre bon o bon chocolate x 120 gm tentacion,7790580141301,3950.0,"$3.950,00",20260901
Almacen,Almacen,postre chocolate,7790070417879,1468.0,"$1.468,00",20260901
Almacen,Almacen,postre en barra cofler chocolinas x 40 gr.,7790580131531,1986.0,"$1.986,00",20260901
Almacen,Almacen,postre exquisita light x 50 gr. vainilla,7790070417978,1102.0,"$1.102,00",20260901
Almacen,Almacen,postre exquisita light x 65 gr chocolate,7790070417954,1468.0,"$1.468,00",20260901
Almacen,Almacen,postre exquisita x 80 gm vainilla,7790070417893,1102.0,"$1.102,00",20260901
Almacen,Almacen,postre exquisita x 80 gr. dulce de leche,7790070417916,1102.0,"$1.102,00",20260901
Almacen,Almacen,postre godet chocolate x 60 gr.,7790580129538,1118.0,"$1.118,00",20260901
Almacen,Almacen,postre godet x60gr.vainilla,7790580129583,1118.0,"$1.118,00",20260901
Almacen,Almacen,postre royal light chocol.x50g,7622201705107,1804.0,"$1.804,00",20260901
Almacen,Almacen,postre royal light vain.x43gr.,7622201705077,1804.0,"$1.804,00",20260901
Almacen,Almacen,postre royal vain.x75gr.,7622201704643,1804.0,"$1.804,00",20260901
Almacen,Almacen,postre royal x65gr.chocolate,7622201705169,1804.0,"$1.804,00",20260901
Almacen,Almacen,postre royal x75gr.dce.d.leche,7622300871949,1804.0,"$1.804,00",20260901
Almacen,Almacen,postre royal x75gr.frutilla,7622201704674,1804.0,"$1.804,00",20260901
Almacen,Almacen,pototos alubia la egipciana x 500 gr,7790681000354,2229.0,"$2.229,00",20260901
Almacen,Almacen,prem.arcor x400gr.noquis stac,7790580126056,6281.0,"$6.281,00",20260901
Almacen,Almacen,prem.arcor x500gr.pizza stacc,7790580126049,5553.0,"$5.553,00",20260901
Almacen,Almacen,premez.pchipa lucchetti x400g,7790070562074,4999.0,"$4.999,00",20260901
Almacen,Almacen,premez.pnoquis lucchetti x500,7790070562043,5100.0,"$5.100,00",20260901
Almacen,Almacen,premezcla exquisita budin sabor limon x 300 gr.,7790070433800,2632.0,"$2.632,00",20260901
Almacen,Almacen,premezcla exquisita x 425 gramos brownie car,7790070104465,5163.05,"$5.163,05",20260901
Almacen,Almacen,premezcla maizena pan y pizza x 500 gr.,7794000008199,4266.37,"$4.266,37",20260901
Almacen,Almacen,premezcla para bizcochuelo pura vida si tacc x 345 gm chocol,7798309870327,3542.0,"$3.542,00",20260901
Almacen,Almacen,premezcla para bizcochuelo pura vida sin tacc x 345 gm vaini,7798309870310,2823.0,"$2.823,00",20260901
Almacen,Almacen,premezcla para pan y pizza blancaflor x 500 gr.,7790070508010,4405.0,"$4.405,00",20260901
Almacen,Almacen,premezcla para tapas de alfajor maizena sin tacc x,7794000008243,2818.15,"$2.818,15",20260901
Almacen,Almacen,premezcla para tortas fritas lucchetti x 500 gr.,7790070562067,2592.0,"$2.592,00",20260901
Almacen,Almacen,premezcla pbizcochuelo stacc exiquista x 450 gr.,7790070432940,5281.0,"$5.281,00",20260901
Almacen,Almacen,premezcla pbudin exquisita x 300 gr. chocolate,7790070431028,2968.0,"$2.968,00",20260901
Almacen,Almacen,premezcla ppizza lucchetti x 850 gr.,7790070562128,3047.0,"$3.047,00",20260901
Almacen,Almacen,prestopronta x250gr.pancetaqs,7790580126322,1572.0,"$1.572,00",20260901
Almacen,Almacen,prestopronta x490gr.,7790580138738,1698.0,"$1.698,00",20260901
Almacen,Almacen,prestopronta x730gr.,7790580138721,2432.0,"$2.432,00",20260901
Almacen,Almacen,provenzal alicante x 50 gr.,7790150570371,1909.0,"$1.909,00",20260901
Almacen,Almacen,provenzal alicante x25gr.,7790150570180,1059.0,"$1.059,00",20260901
Almacen,Almacen,provenzal dos anclas x 25 gm,7792900009230,1391.62,"$1.391,62",20260901
Almacen,Almacen,provenzal dos anclas x 50 gr.,7792900990552,2243.0,"$2.243,00",20260901
Almacen,Almacen,provenzal la campagnola x23gr.,7790580136086,1542.0,"$1.542,00",20260901
Almacen,Almacen,pulpa de frutilla gentelman x 900 gr.,7790645002530,7518.0,"$7.518,00",20260901
Almacen,Almacen,pulpa de frutilla gentleman x 420 gr.,7790645002547,6056.0,"$6.056,00",20260901
Almacen,Almacen,pulpa de tomates la campagnola tetra pack x 520 gr,7793360000478,1208.0,"$1.208,00",20260901
Almacen,Almacen,pulpa de tomates salsatti x520,7793360000140,1318.0,"$1.318,00",20260901
Almacen,Almacen,pure de manzana canale x 375 gr.,7798132921340,2035.0,"$2.035,00",20260901
Almacen,Almacen,pure de papas chef x 100 gr,8445290992789,1617.0,"$1.617,00",20260901
Almacen,Almacen,pure de papas instantaneo maggi 4 quesos x 100 gr.,8445290992765,2777.0,"$2.777,00",20260901
Almacen,Almacen,pure de papas instantaneo maggi x 200 gr.,8445290993045,3152.0,"$3.152,00",20260901
Almacen,Almacen,pure de papas knorr x 125 gr. receta completa,7794000006379,3276.82,"$3.276,82",20260901
Almacen,Almacen,pure de papas knorr x125g.list,7794000006362,2289.32,"$2.289,32",20260901
Almacen,Almacen,pure de papas morixe x 125 gm,7790199603177,1782.0,"$1.782,00",20260901
Almacen,Almacen,pure de tomate arcor x 210 gr.,7790580129279,846.0,"$846,00",20260901
Almacen,Almacen,pure de tomates alco x 520 gr.,7798132920473,944.0,"$944,00",20260901
Almacen,Almacen,pure de tomates arcor x1050gr.,7790580131098,2136.0,"$2.136,00",20260901
Almacen,Almacen,pure de tomates arcor x520gr.,7790580146115,1135.0,"$1.135,00",20260901
Almacen,Almacen,pure de tomates salsatti x520g,7793360000157,1425.0,"$1.425,00",20260901
Almacen,Almacen,pure instantaneo maggi x 125 gr.,8445290993021,2186.0,"$2.186,00",20260901
Almacen,Almacen,pure maggi x 100 gr finas hierbas,8445290993069,2777.0,"$2.777,00",20260901
Almacen,Almacen,pure mixto knorr x 125 gm papa y zapallo,7794000006355,3287.43,"$3.287,43",20260901
Almacen,Almacen,ramen arcor cup x 65 gr carne,7790580153380,2499.0,"$2.499,00",20260901
Almacen,Almacen,ramen arcor cup x 65 gr pollo,7790580153397,2499.0,"$2.499,00",20260901
Almacen,Almacen,ramen arcor sabor carne x 65 gr,7790580155452,1355.0,"$1.355,00",20260901
Almacen,Almacen,ramen arcor sabor pollo picante x 70 gr,7790580150341,1355.0,"$1.355,00",20260901
Almacen,Almacen,ramen arcor sabor pollo x 70 gm,7790580149963,1355.0,"$1.355,00",20260901
Almacen,Almacen,ramen arcos cup x 65 gr pollo picante,7790580153403,2499.0,"$2.499,00",20260901
Almacen,Almacen,ramen knorr x 58 gr sabor pollo,7794000009653,3612.0,"$3.612,00",20260901
Almacen,Almacen,ramen knorr x 64 gr  sabor pollo picante,7794000009615,3612.0,"$3.612,00",20260901
Almacen,Almacen,rebozador maizena x 350 gr.,7794000008212,4120.51,"$4.120,51",20260901
Almacen,Almacen,risotto gallo trattoria x 240 gr. champignones,7790070431523,3579.0,"$3.579,00",20260901
Almacen,Almacen,risotto gallo trattoria x 240 gr. parmesano y azan,7790070431530,3579.0,"$3.579,00",20260901
Almacen,Almacen,risotto gallo x 240 gr a la espanola,7790070431738,3609.0,"$3.609,00",20260901
Almacen,Almacen,risotto gallo x240gr.primavera,7790070431745,3609.0,"$3.609,00",20260901
Almacen,Almacen,risotto knorr x 200 gm 4 quesos,7794000009578,3069.0,"$3.069,00",20260901
Almacen,Almacen,risotto knorr x 200 gm sabor a hongos,7794000009561,3069.0,"$3.069,00",20260901
Almacen,Almacen,risotto knorr x 200 gm sabor calabaza,7794000009554,3069.0,"$3.069,00",20260901
Almacen,Almacen,rocio vegetal fritolim clasico x 120 ml.,7790070265333,3819.0,"$3.819,00",20260901
Almacen,Almacen,rocio vegetal mazola x 120 ml. manteca,7790272000855,5746.0,"$5.746,00",20260901
Almacen,Almacen,rocio vegetal mazola x 120 ml. original,7790272000848,5746.0,"$5.746,00",20260901
Almacen,Almacen,rocio vegetal natura x 120 ml.,7790272000831,5051.0,"$5.051,00",20260901
Almacen,Almacen,rocio vegetal natura x 120 ml. oliva,7790272000954,6605.0,"$6.605,00",20260901
Almacen,Almacen,rocklets x150gr.bolsa,7790580107635,5352.0,"$5.352,00",20260901
Almacen,Almacen,rocklets x40gr.lentejas,7790580327415,2166.0,"$2.166,00",20260901
Almacen,Almacen,romero alicante x15gr.,7790150573280,759.0,"$759,00",20260901
Almacen,Almacen,rueditas pep x120gr.,7790310984321,3460.0,"$3.460,00",20260901
Almacen,Almacen,sabor knorr mix carnes x 4 sobres,7794000009134,1318.48,"$1.318,48",20260901
Almacen,Almacen,sabor knorr mix de sabores picante x 4 sobres,7794000009479,1318.48,"$1.318,48",20260901
Almacen,Almacen,sabor knorr mix de sabores x 4 sobres panceta y cebolla,7794000009486,1318.48,"$1.318,48",20260901
Almacen,Almacen,sabor knorr mix x 4 sobres sabor barbacoa ahumada,7794000009196,1318.48,"$1.318,48",20260901
Almacen,Almacen,saboriz.alicante phor.albajo,7790150498002,2319.0,"$2.319,00",20260901
Almacen,Almacen,saboriz.alicante phor.criolla,7790150497951,2319.0,"$2.319,00",20260901
Almacen,Almacen,saboriz.alicante phor.piment,7790150497906,2319.0,"$2.319,00",20260901
Almacen,Almacen,saborizador alicante albahaca y ajo x 4 sobres,7790150437803,1329.0,"$1.329,00",20260901
Almacen,Almacen,saborizador en polvo alicante crema y verdeo x 4 .,7790150438824,1329.0,"$1.329,00",20260901
Almacen,Almacen,saborizador en polvo alicante x 4 u. 4 quesos,7790150439395,1329.0,"$1.329,00",20260901
Almacen,Almacen,saborizador en polvo alicante x 4 u. carne,7790150431443,1159.0,"$1.159,00",20260901
Almacen,Almacen,saborizador en polvo alicante x 4 u. champignones,7790150438305,1329.0,"$1.329,00",20260901
Almacen,Almacen,saborizador en polvo alicante x 4 u. verdura,7790150433430,1159.0,"$1.159,00",20260901
Almacen,Almacen,saborizador en polvo alicante x 4 u. verdura bajo,7790150433652,1159.0,"$1.159,00",20260901
Almacen,Almacen,saborizador en polvo alicante x 4 unid. finas hier,7790150434437,1329.0,"$1.329,00",20260901
Almacen,Almacen,saborizador en polvo alicante x 4 unid. gallina,7790150432440,1159.0,"$1.159,00",20260901
Almacen,Almacen,saborizador en polvo alicante x 4 unid. panceta y,7790150434888,1329.0,"$1.329,00",20260901
Almacen,Almacen,saborizador en polvo maggi sabor verdura x 35 gr.,7891000365472,864.0,"$864,00",20260901
Almacen,Almacen,saborizador para horno alicante x 30 gr. finas hie,7790150497852,2319.0,"$2.319,00",20260901
Almacen,Almacen,saborizador para horno alicante x 30 gr. mostaza l,7790150498057,2319.0,"$2.319,00",20260901
Almacen,Almacen,saborizador y bolsa phorno alicante x 27 gr. barb,7790150498101,2319.0,"$2.319,00",20260901
Almacen,Almacen,saborizante para arroz dos anclas x25gr.,7792900705408,1080.0,"$1.080,00",20260901
Almacen,Almacen,saborizante ppure y pastas dos anclas x25gr.,7792900705606,1289.0,"$1.289,00",20260901
Almacen,Almacen,saborizante ptucos y guisos dos anclas x25gr.,7792900705507,1002.0,"$1.002,00",20260901
Almacen,Almacen,sal celusal entrefina est.x1kg,7791004000044,2753.0,"$2.753,00",20260901
Almacen,Almacen,sal celusal entrefina paq.x1kg,7791004000051,2577.0,"$2.577,00",20260901
Almacen,Almacen,sal celusal entrefina x500gr.paquete,7791004000839,1484.0,"$1.484,00",20260901
Almacen,Almacen,sal celusal fina light estuche x 500gr.,7790072179607,5365.0,"$5.365,00",20260901
Almacen,Almacen,sal celusal fina paq.x500gr.,7790072001014,1537.0,"$1.537,00",20260901
Almacen,Almacen,sal celusal gruesa est.x1kg.,7791004000082,2664.0,"$2.664,00",20260901
Almacen,Almacen,sal celusal gruesa paq.x1kg.,7791004000099,2400.0,"$2.400,00",20260901
Almacen,Almacen,sal celusal gruesa paq.x500gr.,7791004000822,1381.0,"$1.381,00",20260901
Almacen,Almacen,sal con especias dos anclas x 200 gr.,7792900000046,5076.0,"$5.076,00",20260901
Almacen,Almacen,sal dos anclas entrefinaparrillera x kg.,7792900990927,2483.0,"$2.483,00",20260901
Almacen,Almacen,sal dos anclas fina x 500gr.,7792900000428,1409.0,"$1.409,00",20260901
Almacen,Almacen,sal dos anclas gruesa x 500 gm en paquete,7792900613079,1348.47,"$1.348,47",20260901
Almacen,Almacen,sal dos anclas light x 200 gr. con especias,7792900990101,6653.0,"$6.653,00",20260901
Almacen,Almacen,sal dos anclas light x 200 gr. con hierbas,7792900990095,6653.0,"$6.653,00",20260901
Almacen,Almacen,sal dos anclas x 200 gr. con hierbas,7792900000053,5076.0,"$5.076,00",20260901
Almacen,Almacen,sal entrefina dos anclas salero x 500 gr.,7792900624020,3358.0,"$3.358,00",20260901
Almacen,Almacen,sal entrefina liberato con especias x 250 gr.,7798168320025,2878.0,"$2.878,00",20260901
Almacen,Almacen,sal entrefina tresal estuche x 500 gm,7790936000177,1386.0,"$1.386,00",20260901
Almacen,Almacen,sal entrefina tresal salero x 750 gr.,7790936000115,4288.0,"$4.288,00",20260901
Almacen,Almacen,sal fina celusal con pico vertedor x 500 gr.,7790072002080,1650.0,"$1.650,00",20260901
Almacen,Almacen,sal fina celusal light salero x 235 gr.,7790072000079,5413.0,"$5.413,00",20260901
Almacen,Almacen,sal fina celusal light salero x 470 gm gr.,7790072000086,6102.0,"$6.102,00",20260901
Almacen,Almacen,sal fina celusal plus estuche x 500 gr.,7790072179652,2294.0,"$2.294,00",20260901
Almacen,Almacen,sal fina celusal salero x 500 gr.,7790072001038,3706.0,"$3.706,00",20260901
Almacen,Almacen,sal fina dos anclas light x 500 gr.,7792900009124,5047.0,"$5.047,00",20260901
Almacen,Almacen,sal fina dos anclas salero x 250 gr.,7792900634227,2788.0,"$2.788,00",20260901
Almacen,Almacen,sal fina dos anclas salero x 500 gr.,7792900634135,3425.0,"$3.425,00",20260901
Almacen,Almacen,sal fina dos anclas x 200 gr. con ajo,7792900990651,5374.0,"$5.374,00",20260901
Almacen,Almacen,sal fina dos anclas x 200 gr. con curry,7792900990668,6068.0,"$6.068,00",20260901
Almacen,Almacen,sal fina dos anclas x 500 gr.,7792900000138,1596.0,"$1.596,00",20260901
Almacen,Almacen,sal fina dos anclas x 500 gr. salero vintage,7792900634142,3425.0,"$3.425,00",20260901
Almacen,Almacen,sal fina dos estrellas x 500 gr.,7792900092706,767.0,"$767,00",20260901
Almacen,Almacen,sal fina light tresal salero x 500 gr.,7790936000146,7985.0,"$7.985,00",20260901
Almacen,Almacen,sal fina light tresal x 250 gr salero,7790936000399,4639.0,"$4.639,00",20260901
Almacen,Almacen,sal fina modificada genser salero x 300 gr. 66 a?a? m,7793433000497,5030.0,"$5.030,00",20260901
Almacen,Almacen,sal fina tresal paquete x 500 gr yodada,7790936000030,634.0,"$634,00",20260901
Almacen,Almacen,sal fina tresal salero x 250 gr.,7790936000139,2418.0,"$2.418,00",20260901
Almacen,Almacen,sal genser salero x 90 gr.,7793433000480,2610.0,"$2.610,00",20260901
Almacen,Almacen,sal genser sport x 300 gr.,7793433000510,5648.0,"$5.648,00",20260901
Almacen,Almacen,sal gruesa dos anclas salero x 500 gr.,7792900614021,3021.0,"$3.021,00",20260901
Almacen,Almacen,sal gruesa dos anclas x 1 kg.,7792900613017,2483.0,"$2.483,00",20260901
Almacen,Almacen,sal gruesa dos anclas x 500 gr.,7792900092676,1381.0,"$1.381,00",20260901
Almacen,Almacen,sal gruesa tresal estuche x 500 gr.,7790936000160,1348.0,"$1.348,00",20260901
Almacen,Almacen,sal gruesa tresal paquete x 1 kg.,7790936000016,1094.0,"$1.094,00",20260901
Almacen,Almacen,sal marina en escamas liberato x 100 gm estuche,7798168320605,8947.75,"$8.947,75",20260901
Almacen,Almacen,sal marina entrefina liberato con especias x 250 gm dp medit,7798168320049,3198.0,"$3.198,00",20260901
Almacen,Almacen,sal marina fina grandiet x 1 kg.,7797330100793,6933.0,"$6.933,00",20260901
Almacen,Almacen,sal marina fina liberato x 500 gr.,7798168320063,2605.0,"$2.605,00",20260901
Almacen,Almacen,sal marina gruesa liberato con especias x 90 gr.,7798168320568,5664.0,"$5.664,00",20260901
Almacen,Almacen,sal marina gruesa liberato x 110 gr.,7798168320551,5164.0,"$5.164,00",20260901
Almacen,Almacen,sal marina gruesa liberato x 500 gr.,7798168320070,2605.0,"$2.605,00",20260901
Almacen,Almacen,sal marina liberato con pimienta rosa x 90 gr.,7798168320575,5989.0,"$5.989,00",20260901
Almacen,Almacen,sal marina liberato entrefina x 250gm doy pack,7798168320056,1845.0,"$1.845,00",20260901
Almacen,Almacen,sal parrillera dos anclas x 500 gr.,7792900092683,1343.0,"$1.343,00",20260901
Almacen,Almacen,sal tresal x1kg.entref.paq.lam,7790936000023,1375.0,"$1.375,00",20260901
Almacen,Almacen,sal tresal x1kg.entrefina paq.,7790936000054,1111.0,"$1.111,00",20260901
Almacen,Almacen,sal tresal x1kg.gruesa paq.lam,7790936000047,1341.0,"$1.341,00",20260901
Almacen,Almacen,sal tresal x500gr.fina estuche,7790936000184,1453.0,"$1.453,00",20260901
Almacen,Almacen,sal tresal x500gr.fina ligh es,7790936000436,6122.0,"$6.122,00",20260901
Almacen,Almacen,sal tresal x500gr.fina paq.lam,7790936000061,879.0,"$879,00",20260901
Almacen,Almacen,saladix  x 150 gm quesitos,7790040153264,4566.0,"$4.566,00",20260901
Almacen,Almacen,saladix flames x 60 gr extra picante,7790040147751,1820.0,"$1.820,00",20260901
Almacen,Almacen,saladix pizza x 100 gr.,7790580697303,1641.0,"$1.641,00",20260901
Almacen,Almacen,saladix x 95 gm quesitos,7790040153240,3044.0,"$3.044,00",20260901
Almacen,Almacen,salero celusal entrefina x 1 kg.,7791004000068,5522.0,"$5.522,00",20260901
Almacen,Almacen,salero celusal fina x 100 gr.,77900661,2092.0,"$2.092,00",20260901
Almacen,Almacen,salero celusal fina x250gr.,77956262,3206.0,"$3.206,00",20260901
Almacen,Almacen,salero celusal gruesa x1kg.,7791004000105,4962.0,"$4.962,00",20260901
Almacen,Almacen,salero tresal x 100 gm fina,7790936000238,1572.0,"$1.572,00",20260901
Almacen,Almacen,salero tresal x100gr.fina ligh,7790936000405,2425.0,"$2.425,00",20260901
Almacen,Almacen,salero tresal x500gr.gruesa,7790936000450,3108.0,"$3.108,00",20260901
Almacen,Almacen,salsa 2 anclas tau x 320 gr mostaza dulce,7798146139076,4504.0,"$4.504,00",20260901
Almacen,Almacen,salsa 2anclas x360gr.caes.ligh,7792900990705,4813.0,"$4.813,00",20260901
Almacen,Almacen,salsa aderezo cheddar tau x 300 gm,7798146139045,4570.0,"$4.570,00",20260901
Almacen,Almacen,salsa aderezo para carnes tau x 300 gm big tau,7798146139007,4481.0,"$4.481,00",20260901
Almacen,Almacen,salsa aderezo tau x 290 gr guacamole,7798146139434,5022.0,"$5.022,00",20260901
Almacen,Almacen,salsa aji picante dos anclas x 260 gr.,7792900990675,3170.0,"$3.170,00",20260901
Almacen,Almacen,salsa aleluya x180gr.mostaza,7790158229639,2969.0,"$2.969,00",20260901
Almacen,Almacen,salsa aleluya x205gr.bbq honey,7790158229646,3671.0,"$3.671,00",20260901
Almacen,Almacen,salsa aleluya x205gr.bbq spicy,7790158229653,3671.0,"$3.671,00",20260901
Almacen,Almacen,salsa alicante champignon x35g,7790150585412,3029.0,"$3.029,00",20260901
Almacen,Almacen,salsa arcor x340g.dp filetto,7790580133184,1238.0,"$1.238,00",20260901
Almacen,Almacen,salsa arcor x340g.dp italiana,7790580133757,1238.0,"$1.238,00",20260901
Almacen,Almacen,salsa arcor x340g.dp pizza,7790580133153,1238.0,"$1.238,00",20260901
Almacen,Almacen,salsa arcor x340g.dp tuco,7790580134518,1238.0,"$1.238,00",20260901
Almacen,Almacen,salsa arcor x340gr.dp bolognes,7793360130014,1486.0,"$1.486,00",20260901
Almacen,Almacen,salsa barbacoa casalta x 350 gr.,7790139100575,4959.0,"$4.959,00",20260901
Almacen,Almacen,salsa barbacoa dos anclas x 410 gr.,7792900990682,3968.0,"$3.968,00",20260901
Almacen,Almacen,salsa barbacoa hellmann`s x 500 gr.,7794000007819,4474.0,"$4.474,00",20260901
Almacen,Almacen,salsa barbacoa tau x 340 gr.,7798146139038,4614.0,"$4.614,00",20260901
Almacen,Almacen,salsa blanca alicante x40gr.,7790150580424,1409.0,"$1.409,00",20260901
Almacen,Almacen,salsa caesar tau light x 310 gr.,7798146138970,4481.0,"$4.481,00",20260901
Almacen,Almacen,salsa caesar tau x 300 gr.,7798146138963,4619.0,"$4.619,00",20260901
Almacen,Almacen,salsa chimichurri casalta x 300 gr.,7790139100582,4369.0,"$4.369,00",20260901
Almacen,Almacen,salsa cica pomarola x 340 gr.,7794000006287,1086.53,"$1.086,53",20260901
Almacen,Almacen,salsa cica x340gr.pizza,7794000006270,1168.61,"$1.168,61",20260901
Almacen,Almacen,salsa cica x340gr.portuguesa,7794000006317,1086.53,"$1.086,53",20260901
Almacen,Almacen,salsa cica x340gr.tuco,7794000006300,1086.53,"$1.086,53",20260901
Almacen,Almacen,salsa de caramelo dos anclas x 330 gr.,7792900990842,3708.0,"$3.708,00",20260901
Almacen,Almacen,salsa de frutilla dos anclas x 320 gr.,7792900990835,4918.0,"$4.918,00",20260901
Almacen,Almacen,salsa de queso cheddar adler x 250 gr.,7791564136702,5149.0,"$5.149,00",20260901
Almacen,Almacen,salsa de soja cocinero x 500 ml.,7790070265470,4619.0,"$4.619,00",20260901
Almacen,Almacen,salsa de soja dos anclas x 500 ml.,7798146139229,6061.0,"$6.061,00",20260901
Almacen,Almacen,salsa de soja vanoli x 1 lt.,7790127000788,4985.0,"$4.985,00",20260901
Almacen,Almacen,salsa de soja vanoli x 500 ml.,7790127000757,3063.0,"$3.063,00",20260901
Almacen,Almacen,salsa deshidratada alicante cuatro quesos x 4 sobs,7790150586044,1819.0,"$1.819,00",20260901
Almacen,Almacen,salsa dos anclas alioli x 340 gr.,7792900990774,5041.0,"$5.041,00",20260901
Almacen,Almacen,salsa dos anclas cheddar picante x 350 gr.,7792900990767,5547.0,"$5.547,00",20260901
Almacen,Almacen,salsa dos anclas chocolate x 310 gr.,7792900990828,5195.0,"$5.195,00",20260901
Almacen,Almacen,salsa dos anclas ranch picante x 250 gr.,7792900990743,3969.0,"$3.969,00",20260901
Almacen,Almacen,salsa dos anclas sabor cheddar x 350 gr.,7792900990750,5107.0,"$5.107,00",20260901
Almacen,Almacen,salsa golf hellmann`s x 250 gr.,7794000007741,2977.0,"$2.977,00",20260901
Almacen,Almacen,salsa golf natura x 250 gr.,7791866000480,2002.0,"$2.002,00",20260901
Almacen,Almacen,salsa inglesa vanoli x 180 ml.,7790127000061,4058.0,"$4.058,00",20260901
Almacen,Almacen,salsa kansas aioli x 265 gr.,7798334803604,4306.0,"$4.306,00",20260901
Almacen,Almacen,salsa kansas caesar x 260 gr.,7798334803567,4631.0,"$4.631,00",20260901
Almacen,Almacen,salsa kansas cheddar x 265 gr.,7798334803635,4306.0,"$4.306,00",20260901
Almacen,Almacen,salsa knorr balance pomarola x 340 gr.,7794000008014,1579.09,"$1.579,09",20260901
Almacen,Almacen,salsa knorr guisos y arroces x 340 gr.,7794000008038,1589.35,"$1.589,35",20260901
Almacen,Almacen,salsa knorr pomarola x 340 gr.,7794000008007,1589.4,"$1.589,40",20260901
Almacen,Almacen,salsa knorr pomodoro x 340 gr.,7794000008045,1589.35,"$1.589,35",20260901
Almacen,Almacen,salsa l.campag.x340g.dp.filett,7790580133177,1440.0,"$1.440,00",20260901
Almacen,Almacen,salsa l.campag.x340g.dp.italia,7790580134440,1440.0,"$1.440,00",20260901
Almacen,Almacen,salsa l.campag.x340g.dp.pizza,7790580133160,1440.0,"$1.440,00",20260901
Almacen,Almacen,salsa l.campag.x340g.dp.pomaro,7790580133146,1440.0,"$1.440,00",20260901
Almacen,Almacen,salsa la campagnol x 350 gm napolitana premium2000,7790580144197,3640.0,"$3.640,00",20260901
Almacen,Almacen,salsa la campagnola x 350 gr oliva fco vidrio,7790580144180,3640.0,"$3.640,00",20260901
Almacen,Almacen,salsa lista cica x 340 gr. filetto,7794000006294,1086.53,"$1.086,53",20260901
Almacen,Almacen,salsa lista knorr x 340 gr. filetto,7794000008052,1589.35,"$1.589,35",20260901
Almacen,Almacen,salsa lista vanoli x 340 gr. fileto,7790127782622,2543.0,"$2.543,00",20260901
Almacen,Almacen,salsa ranch dos anclas x 340 gr.,7792900990736,5400.0,"$5.400,00",20260901
Almacen,Almacen,salsa rina matarazzo mediterraneo x 340 gr.,7790070335340,4569.0,"$4.569,00",20260901
Almacen,Almacen,salsa rina matarazzo x 340 gr. pomarola,7790070335333,4569.0,"$4.569,00",20260901
Almacen,Almacen,salsa rina matarazzo x 500 gr passata,7790070100313,4900.0,"$4.900,00",20260901
Almacen,Almacen,salsa sabor parmesano dos anclas x 350 gr.,7792900990804,5591.0,"$5.591,00",20260901
Almacen,Almacen,salsa salsati x 350 gm arrabiata,7790580152369,3892.0,"$3.892,00",20260901
Almacen,Almacen,salsa salsati x 350 gm pomodoro,7790580152376,3892.0,"$3.892,00",20260901
Almacen,Almacen,salsa tau barbacoa hickory x 340 gr.,7798146139243,4708.0,"$4.708,00",20260901
Almacen,Almacen,salsa tipo inglesa dos anclas x 280 gr.,7792900990798,3914.0,"$3.914,00",20260901
Almacen,Almacen,salsa vanoli aji suave x 190 ml.,7790127784411,3334.0,"$3.334,00",20260901
Almacen,Almacen,salsa vanoli criolla x 190 ml.,7790127782417,2361.0,"$2.361,00",20260901
Almacen,Almacen,salsa vanoli napolitana x 340 gr.,7790127782691,2543.0,"$2.543,00",20260901
Almacen,Almacen,salsa vanoli pizza x 340 gr.,7790127782660,2543.0,"$2.543,00",20260901
Almacen,Almacen,salsa vanoli x190cc.soja,7790127789515,2521.0,"$2.521,00",20260901
Almacen,Almacen,sardinas en aceita y agua caracas x 125 gr.,7790645003575,2818.0,"$2.818,00",20260901
Almacen,Almacen,savora x 200 gr original patria sqz,7794000006492,2355.89,"$2.355,89",20260901
Almacen,Almacen,sazon badia completa x 155.9 gr,33844030001,10402.0,"$10.402,00",20260901
Almacen,Almacen,sazon badia completa x 70 gr,33844001285,5704.0,"$5.704,00",20260901
Almacen,Almacen,sazon badia fajita x 79.9 gr,33844006341,7214.0,"$7.214,00",20260901
Almacen,Almacen,sazon knorr bolsa horno x 21 gm finas hierbas,7794000009318,2834.8,"$2.834,80",20260901
Almacen,Almacen,sazon knorr bolsa horno x 21 gm oriental,7794000009325,2834.8,"$2.834,80",20260901
Almacen,Almacen,sazon maggi completo x 180 gm pepp,7460123477616,4526.0,"$4.526,00",20260901
Almacen,Almacen,sazon.knorr barbacoa x35gr.,7794000004931,2854.74,"$2.854,74",20260901
Almacen,Almacen,semilla alicante x150gr.desayu,7790150611029,2909.0,"$2.909,00",20260901
Almacen,Almacen,semillas alicante mix ensaladas x 150 gr.,7790150611074,2909.0,"$2.909,00",20260901
Almacen,Almacen,semillas alicante mix para cocinar x 150 gr.,7790150611128,2909.0,"$2.909,00",20260901
Almacen,Almacen,semillas de chia la nueva estrella x 100 gr.,7794513000352,1687.0,"$1.687,00",20260901
Almacen,Almacen,semillas de lino nueva estrella x 100 gr.,7794513000291,787.0,"$787,00",20260901
Almacen,Almacen,semillas de zapallo premium x kilo la nueva estrella,2032010000006,18640.0,"$18.640,00",20260901
Almacen,Almacen,semola la egip.x400gr.sel.sup.,7790681000248,2050.0,"$2.050,00",20260901
Almacen,Almacen,semola las achiras x400gr.,7790681001672,1610.0,"$1.610,00",20260901
Almacen,Almacen,semola vitina clasica x 500 gr.,7790070336965,3299.0,"$3.299,00",20260901
Almacen,Almacen,semola vitina espinaca x 250 gr.,7790070336989,2204.0,"$2.204,00",20260901
Almacen,Almacen,shot tableta x170gr.,7622300424084,10682.0,"$10.682,00",20260901
Almacen,Almacen,shot tableta x35gr.,77914217,2540.0,"$2.540,00",20260901
Almacen,Almacen,shot tableta x35gr.blanco,77983992,2685.0,"$2.685,00",20260901
Almacen,Almacen,snack almadre rawmesan y remolacha x 160 gr.,7798371600082,4617.0,"$4.617,00",20260901
Almacen,Almacen,snack almadre tomate y romero x 130 gr.,7798371600020,3305.0,"$3.305,00",20260901
Almacen,Almacen,snack almadre x 130 gr rawmesan y remolacha,7798371600037,4055.0,"$4.055,00",20260901
Almacen,Almacen,snack almadre x 130 gr sesamo y sal marina,7798371600013,3305.0,"$3.305,00",20260901
Almacen,Almacen,snack crowie baked chips jamon x 50 gr.,7798228640407,1282.0,"$1.282,00",20260901
Almacen,Almacen,snack crowie baked chips queso x 50 gr.,7798228640421,1282.0,"$1.282,00",20260901
Almacen,Almacen,snack crowie baked chips x 50 gr. crema y ciboulee,7798228641046,1282.0,"$1.282,00",20260901
Almacen,Almacen,snack crowie baked x 50 gr pizza,7798228640414,1282.0,"$1.282,00",20260901
Almacen,Almacen,snack de arroz gallo chips sabor jamon x 100 gr.,7790070417183,2259.0,"$2.259,00",20260901
Almacen,Almacen,snack de arroz gallo chips x 100 gr. sabor pizza,7790070417152,2259.0,"$2.259,00",20260901
Almacen,Almacen,snack doritos sabor queso x 77 gr.,7790310985649,3981.0,"$3.981,00",20260901
Almacen,Almacen,snack green crops x 95 gr. arvejas al dijon,7798228640872,2993.0,"$2.993,00",20260901
Almacen,Almacen,snack green crops x 95 gr. hongos y pimienta negra,7798228640889,2993.0,"$2.993,00",20260901
Almacen,Almacen,snack green crops x 95 gr. tomate y paprika,7798228640865,2993.0,"$2.993,00",20260901
Almacen,Almacen,snack saladix cross x 135 gr pizza,7790040124912,2935.0,"$2.935,00",20260901
Almacen,Almacen,snack saladix cross x 67 gr. original,7790040129634,1491.0,"$1.491,00",20260901
Almacen,Almacen,snack takis fuego x 140 gr.,7500810034330,4453.0,"$4.453,00",20260901
Almacen,Almacen,snack takis fuego x 85 gr.,7500810034361,2945.0,"$2.945,00",20260901
Almacen,Almacen,snack takis original x 140 gr.,7500810034354,4453.0,"$4.453,00",20260901
Almacen,Almacen,snack takis original x 85 gr.,7500810034477,2945.0,"$2.945,00",20260901
Almacen,Almacen,snack takis x 140 gm buck ranch,7500810047088,4452.53,"$4.452,53",20260901
Almacen,Almacen,snack takis x 140 gm intense,7500810041741,4453.0,"$4.453,00",20260901
Almacen,Almacen,snack takis x 85 gm buckin ranch,7500810047095,2945.33,"$2.945,33",20260901
Almacen,Almacen,snack takis x 85 gm intense,7500810041734,2945.0,"$2.945,00",20260901
Almacen,Almacen,snack takis xplosion x 140 gr.,7500810034347,4453.0,"$4.453,00",20260901
Almacen,Almacen,snack takis xplosion x 85 gr.,7500810034460,2945.0,"$2.945,00",20260901
Almacen,Almacen,snack veggie granix x90gr.cebo,7790045825821,2149.0,"$2.149,00",20260901
Almacen,Almacen,snack veggie granix x90gr.pizz,7790045825807,2149.0,"$2.149,00",20260901
Almacen,Almacen,snacks de arroz gallo chips x 100 gr. queso,7790070417213,2259.0,"$2.259,00",20260901
Almacen,Almacen,soja l.egip.x500gr.,7790681000385,1321.0,"$1.321,00",20260901
Almacen,Almacen,sopa clara alicante arrveg.,7790150441282,2055.0,"$2.055,00",20260901
Almacen,Almacen,sopa clara alicante criolla 72,7790150440483,2055.0,"$2.055,00",20260901
Almacen,Almacen,sopa crema de la abuela zapallo x 73 gm alicante,7790150440193,2055.0,"$2.055,00",20260901
Almacen,Almacen,sopa crema knorr arvejas con chile chipotle x 64 .,7794000005891,2134.15,"$2.134,15",20260901
Almacen,Almacen,sopa crema knorr verduras x 60 gr.,7794000005877,2082.98,"$2.082,98",20260901
Almacen,Almacen,sopa crema knorr zapallo con nuez moscada x 70 gr.,7794000005884,2134.15,"$2.134,15",20260901
Almacen,Almacen,sopa crema sopas de la abuela alicante x 69 gr. ch,7790150440131,2055.0,"$2.055,00",20260901
Almacen,Almacen,"sopa de pollo knorr con cabellos de angel x 105,6",7794000005822,2083.0,"$2.083,00",20260901
Almacen,Almacen,sopa de vegetales knorr con caracolitos tricolor x,7794000005815,2134.17,"$2.134,17",20260901
Almacen,Almacen,sopa knorr pol.cdedalitos,7794000005853,2083.0,"$2.083,00",20260901
Almacen,Almacen,"sopa knorr quick balance x 46,5 gr. zapallo",7794000006898,2912.37,"$2.912,37",20260901
Almacen,Almacen,sopa knorr quick balance x 50 gr. vegetales,7794000006881,2912.37,"$2.912,37",20260901
Almacen,Almacen,sopa knorr quick choclo x 63 gr.,7794000006928,2912.35,"$2.912,35",20260901
Almacen,Almacen,sopa knorr quick vegetales x 5 sobres,7794000006942,2912.37,"$2.912,37",20260901
Almacen,Almacen,sopa knorr quick zapallo x 63 gr.,7794000006911,2912.37,"$2.912,37",20260901
Almacen,Almacen,sopa knorr veg.camaranto x78g,7794000005860,2658.0,"$2.658,00",20260901
Almacen,Almacen,sopa knorr veg.cletras x107g,7794000005839,2134.17,"$2.134,17",20260901
Almacen,Almacen,sopa maggi x 70 gm pollo y fideos,8445292346962,1515.0,"$1.515,00",20260901
Almacen,Almacen,sopa maggi x 79 gm crema de choclo,8445292346702,1515.0,"$1.515,00",20260901
Almacen,Almacen,sopas de la abuela alicante x 72 gr. fideos y vers,7790150440438,2055.0,"$2.055,00",20260901
Almacen,Almacen,sopas de la abuela alicante x 72 gr. tipo campeste,7790150441343,2055.0,"$2.055,00",20260901
Almacen,Almacen,spaghetti con morron rina matarazzo x 500 gr.,7790070336668,3199.0,"$3.199,00",20260901
Almacen,Almacen,spaghetti lucchetti x 500 gr.,7790070336385,1747.0,"$1.747,00",20260901
Almacen,Almacen,spaghetti schar sin tacc x 250 gr.,8008698010037,10000.0,"$10.000,00",20260901
Almacen,Almacen,sriracha badia hot sauce x 500 ml,33844003265,20133.0,"$20.133,00",20260901
Almacen,Almacen,steak badia seasoning x 184.3 gr,33844007409,12163.0,"$12.163,00",20260901
Almacen,Almacen,sugus max x 120 gm frutillasandia,7790580141783,2499.0,"$2.499,00",20260901
Almacen,Almacen,surtido de bombones arcor seleccion x 226 gr.,7790580131388,9474.0,"$9.474,00",20260901
Almacen,Almacen,surtido de bombones bon o bon x 255 gr.,7790580119126,10241.0,"$10.241,00",20260901
Almacen,Almacen,surtido de chocolates arcor el kiosco en casa x 24,7790580131371,10742.0,"$10.742,00",20260901
Almacen,Almacen,surtido de snacks pedrin x 120 gr.,7791826000710,3676.0,"$3.676,00",20260901
Almacen,Almacen,tab.georgalos x70gr.saz.blanc,7790380024262,4688.0,"$4.688,00",20260901
Almacen,Almacen,tabl.milka lila go x37gr.oreo,7622210828606,3253.0,"$3.253,00",20260901
Almacen,Almacen,tabl.milka x100gr.oreo,7622300631574,10032.0,"$10.032,00",20260901
Almacen,Almacen,tabl.milka x135gr.ddl leche,7622300846565,10804.0,"$10.804,00",20260901
Almacen,Almacen,tabl.milka x150gr.leche,7622300990114,11575.0,"$11.575,00",20260901
Almacen,Almacen,tabl.milka x155gr.almendras,7622300990152,11575.0,"$11.575,00",20260901
Almacen,Almacen,tabl.milka x155gr.cast.ccaram,7622300990183,11575.0,"$11.575,00",20260901
Almacen,Almacen,tabl.milka x155gr.oreo blanco,7622300990213,11575.0,"$11.575,00",20260901
Almacen,Almacen,tabl.milka x45gr.choc.pau.oreo,7622201492465,2813.0,"$2.813,00",20260901
Almacen,Almacen,tabl.milka x45gr.choco pause,7622201492717,2813.0,"$2.813,00",20260901
Almacen,Almacen,tabl.milka x55gr.almendras,7622210745620,5219.0,"$5.219,00",20260901
Almacen,Almacen,tabl.milka x55gr.blanco,7622210745583,5219.0,"$5.219,00",20260901
Almacen,Almacen,tabl.milka x55gr.castanas,7622210745293,5219.0,"$5.219,00",20260901
Almacen,Almacen,tabl.milka x55gr.leche,7622210745224,5219.0,"$5.219,00",20260901
Almacen,Almacen,tabl.milka x55gr.oreo blanco,7622210745132,5219.0,"$5.219,00",20260901
Almacen,Almacen,tableta arcor x 80 gm cacao al 50 %,7790580104375,3645.0,"$3.645,00",20260901
Almacen,Almacen,tableta arcor x 80 gm chocolate leche con mani,7790580102852,3929.0,"$3.929,00",20260901
Almacen,Almacen,tableta arcor x 80 gm crispy,7790580118655,3929.0,"$3.929,00",20260901
Almacen,Almacen,tableta bon o bon x160gr.,7790580146047,7448.0,"$7.448,00",20260901
Almacen,Almacen,tableta cadbury tres sueno 82g,7622201818739,7199.0,"$7.199,00",20260901
Almacen,Almacen,tableta cadbury yog fruti 162g,7622201818692,13129.0,"$13.129,00",20260901
Almacen,Almacen,tableta chocolate cadbury intense x 25 gr,7622201818609,2433.0,"$2.433,00",20260901
Almacen,Almacen,tableta chocolate shot x 90 gm,7622202333248,6343.0,"$6.343,00",20260901
Almacen,Almacen,tableta de chocolate nestle rellena x 90 gr coco,7891000474969,3764.82,"$3.764,82",20260901
Almacen,Almacen,tableta milka leg comb 50grs,7622201818951,4986.0,"$4.986,00",20260901
Almacen,Almacen,tableta milka leg leche 50 grs,7622201818937,4986.0,"$4.986,00",20260901
Almacen,Almacen,tableta milka x 100 gm raspberry,7622300590062,10032.0,"$10.032,00",20260901
Almacen,Almacen,tableta milka x 20 gm milk,7622210795625,1690.0,"$1.690,00",20260901
Almacen,Almacen,tableta milka x 20 gm oreo,7622210795908,1690.0,"$1.690,00",20260901
Almacen,Almacen,tableta milka x 25 gm chocolate con leche,7622202322143,2508.0,"$2.508,00",20260901
Almacen,Almacen,tableta milka x 29 gm dulce de leche chocolate blanco,7622202322129,2640.0,"$2.640,00",20260901
Almacen,Almacen,tableta milka x 29 gm rellena de dulce  de leche,7622202322068,2640.0,"$2.640,00",20260901
Almacen,Almacen,tableta oreo,7622210277503,31487.0,"$31.487,00",20260901
Almacen,Almacen,tallarin don vicente x 500 gr.,7790070336576,3774.0,"$3.774,00",20260901
Almacen,Almacen,tallarin matarazzo x 500 gr.,7790070336316,2097.0,"$2.097,00",20260901
Almacen,Almacen,tallarin terrabusi x 500 gr.,7790070336477,1362.0,"$1.362,00",20260901
Almacen,Almacen,thins almadre sesamo y sal marina x 160 gr.,7798371600068,3581.0,"$3.581,00",20260901
Almacen,Almacen,thins almadre x 160 gm integral,7798371600051,3581.0,"$3.581,00",20260901
Almacen,Almacen,toblerone x100gr.leche,7614500010013,13078.0,"$13.078,00",20260901
Almacen,Almacen,tomate pelado cubet.l.camp.400,7793360105944,1875.0,"$1.875,00",20260901
Almacen,Almacen,tomate perita arcor x400gr.ent,7790580567903,1416.0,"$1.416,00",20260901
Almacen,Almacen,tomate triturado dulcor x 960 gr.,7793046015024,1670.94,"$1.670,94",20260901
Almacen,Almacen,tomates cubeteados alco x 400 gr.,7798132920794,1213.0,"$1.213,00",20260901
Almacen,Almacen,tomates cubeteados arcor x 400 gr.,7790580567101,1629.0,"$1.629,00",20260901
Almacen,Almacen,tomates en cubitos salsati x 400 gr.,7790580147266,2045.0,"$2.045,00",20260901
Almacen,Almacen,tomates perita salsati x 400 gr.,7790580147242,1779.0,"$1.779,00",20260901
Almacen,Almacen,tomates peritas alco x 400 gr.,7798132920763,1213.0,"$1.213,00",20260901
Almacen,Almacen,tomillo alicante x 10 gr.,7790150600344,749.0,"$749,00",20260901
Almacen,Almacen,tomillo la campagnola x15gr.,7793360124945,987.0,"$987,00",20260901
Almacen,Almacen,tost.twistos x95gr.jamon,7790310983256,3783.0,"$3.783,00",20260901
Almacen,Almacen,tostadas de arroz integral molinos ala x 150 gr.,7791120098109,2334.0,"$2.334,00",20260901
Almacen,Almacen,tostadas de arroz molinos ala clasicas x 150 gr.,7791120098093,2188.0,"$2.188,00",20260901
Almacen,Almacen,tostadas libre de gluten salmas x 90 gr clasicas,7793890261844,2922.0,"$2.922,00",20260901
Almacen,Almacen,tostadas m.ala x150gr.int.ss,7791120098116,2334.0,"$2.334,00",20260901
Almacen,Almacen,tostadas molinos ala veggie x 150 gr.,7791120102868,2559.0,"$2.559,00",20260901
Almacen,Almacen,tostadas schar x 87 gm,8008698028582,10525.0,"$10.525,00",20260901
Almacen,Almacen,tostaditas molinos ala x 100 gm veggie,7791120104879,1628.0,"$1.628,00",20260901
Almacen,Almacen,tostaditas molinos ala x 100 gr clasicas,7791120102769,1464.0,"$1.464,00",20260901
Almacen,Almacen,trigo burgol la egipciana triturado,7790681000231,2432.0,"$2.432,00",20260901
Almacen,Almacen,trigo don elio x400gr. candeal pelado,7798048720235,2158.0,"$2.158,00",20260901
Almacen,Almacen,trigo l.egip.x400gr.pelado,7790681000293,1822.0,"$1.822,00",20260901
Almacen,Almacen,turron oblea arcor 10x25gr.,7790580401504,3422.0,"$3.422,00",20260901
Almacen,Almacen,turron oblea arcor x25gr.,77940131,390.0,"$390,00",20260901
Almacen,Almacen,vainilla liquida yuspe x 110 cc,7794980912233,1608.0,"$1.608,00",20260901
Almacen,Almacen,veggie snacks granix x 90 gr. barbacoa,7790045825845,2149.0,"$2.149,00",20260901
Almacen,Almacen,vinagre de manzana casalta x 1 lt.,7790139003265,3799.0,"$3.799,00",20260901
Almacen,Almacen,vinagre de manzana dos anclas x 1 lt.,7792900093260,4103.0,"$4.103,00",20260901
Almacen,Almacen,vinagre de manzana marvavic x 1 lt.,7793551001079,3000.0,"$3.000,00",20260901
Almacen,Almacen,vinagre de manzana marvavic x 500 ml.,7793551001048,1923.0,"$1.923,00",20260901
Almacen,Almacen,vinagre de vino casalta x 500 ml.,7790139003296,2351.0,"$2.351,00",20260901
Almacen,Almacen,vinagre de vino dos anclas x 1 lt.,7792900093253,3042.0,"$3.042,00",20260901
Almacen,Almacen,vinagre de vino marvavic x 1 lt.,7793551001062,2624.0,"$2.624,00",20260901
Almacen,Almacen,vinagre de vino marvavic x 500 ml.,7793551001031,1736.0,"$1.736,00",20260901
Almacen,Almacen,vinagre dos anclas x 500 ml manzana,7792900093000,2617.0,"$2.617,00",20260901
Almacen,Almacen,vinagre favinco sabor finas hierbas x 1 lt.,7790139101565,2840.0,"$2.840,00",20260901
Almacen,Almacen,vinagre favinco x1lt.manzana,7790139101176,4627.0,"$4.627,00",20260901
Almacen,Almacen,vitina nutricional completa x 250 gm vegetales,7790070336996,2204.0,"$2.204,00",20260901
Almacen,Almacen,vitina nutriiconal completa x 250 gm clasica,7790070336972,1821.0,"$1.821,00",20260901
Almacen,Almacen,zanahoria deshidratada knorr x 100 gr.,7794000006126,2841.85,"$2.841,85",20260901
Almacen,Almacen,zapallos en almibar orieta x 450 gr,7792260000564,6252.0,"$6.252,00",20260901
Bebidas,Bebidas,ades x1lt.anana,7790895643804,3579.0,"$3.579,00",20260901
Bebidas,Bebidas,"agua benedictino sin gas x 2,25 lt.",7790895647666,2660.0,"$2.660,00",20260901
Bebidas,Bebidas,agua benedictino sin gas x 500 ml.,7790895647642,1520.0,"$1.520,00",20260901
Bebidas,Bebidas,agua benedictino x 1.5 litros sin gas,7790895647659,2290.0,"$2.290,00",20260901
Bebidas,Bebidas,"agua bonaqua x 1,5 lt. con gas",7790895003950,2490.0,"$2.490,00",20260901
Bebidas,Bebidas,agua bonaqua x 2.5 lt. sin gas,7790895008146,3140.0,"$3.140,00",20260901
Bebidas,Bebidas,agua bonaqua x 500 ml. con gas,7790895003943,1690.0,"$1.690,00",20260901
Bebidas,Bebidas,agua fullsport x 500 ml f blue,7799155001750,2061.0,"$2.061,00",20260901
Bebidas,Bebidas,agua fullsport x 500 ml frutas tropicales,7799155001767,2061.0,"$2.061,00",20260901
Bebidas,Bebidas,agua fullsport x 500 ml sabor manzana,7799155001743,2061.0,"$2.061,00",20260901
Bebidas,Bebidas,agua mineral asuncion x 5 lt.,7798340590086,4197.0,"$4.197,00",20260901
Bebidas,Bebidas,agua mineral asuncion x 600 ml.,7798340590062,1061.0,"$1.061,00",20260901
Bebidas,Bebidas,"agua mineral asuncion x1,5lt.",7798340590079,1254.0,"$1.254,00",20260901
Bebidas,Bebidas,agua mineral bonaqua sin gas x 2 lt.,7790895003882,2950.0,"$2.950,00",20260901
Bebidas,Bebidas,"agua mineral bonaqua x 1,5 ml. sin gas",7790895003875,2490.0,"$2.490,00",20260901
Bebidas,Bebidas,agua mineral bonaqua x 500 ml. sin gas,7790895003868,1690.0,"$1.690,00",20260901
Bebidas,Bebidas,agua mineral con gas eco de los andes x 1.5 lt.,7792799000073,3170.0,"$3.170,00",20260901
Bebidas,Bebidas,"agua mineral con gas villavicencio x 1,5 lt.",7799155000210,3125.0,"$3.125,00",20260901
Bebidas,Bebidas,agua mineral eco de los andes sin gas x 850 ml.,7795930002097,2610.0,"$2.610,00",20260901
Bebidas,Bebidas,agua mineral eco de los andes x 2 lt. sin gas,7792799000097,3346.0,"$3.346,00",20260901
Bebidas,Bebidas,agua mineral eco de los andes x 500 ml. con gas,7792799000035,2200.0,"$2.200,00",20260901
Bebidas,Bebidas,agua mineral eco one x 1 lt. sin gas,7792799000639,2715.0,"$2.715,00",20260901
Bebidas,Bebidas,agua mineral glaciar sin gas x 1.5 litros,7792931000022,3255.0,"$3.255,00",20260901
Bebidas,Bebidas,agua mineral glaciar sin gas x 2 lt.,7792931000039,3671.0,"$3.671,00",20260901
Bebidas,Bebidas,"agua mineral glaciar x 1,5 lt. con gas",7792931001050,3489.0,"$3.489,00",20260901
Bebidas,Bebidas,agua mineral magna x 1.5 litros,7791913005710,1174.0,"$1.174,00",20260901
Bebidas,Bebidas,agua mineral magna x 2 litros,7791913005727,1353.0,"$1.353,00",20260901
Bebidas,Bebidas,agua mineral nestle pureza vital x 500 ml. sin gas,7792799000899,1881.0,"$1.881,00",20260901
Bebidas,Bebidas,agua mineral pureza vital x 1.5 litros sin gas,7792799000905,2429.0,"$2.429,00",20260901
Bebidas,Bebidas,"agua mineral pureza vital x 6,3 lt.",7792799001032,7585.0,"$7.585,00",20260901
Bebidas,Bebidas,agua mineral ser baja en sodio x 1.5 litros,7799155001668,3125.0,"$3.125,00",20260901
Bebidas,Bebidas,agua mineral ser x 2.5 litros baja en sodio,7799155001675,3449.0,"$3.449,00",20260901
Bebidas,Bebidas,agua mineral sin gas eco de los andes x 1.5 lt.,7792799000059,2956.0,"$2.956,00",20260901
Bebidas,Bebidas,agua mineral sin gas glaciar x 750 ml.,7795930000567,2591.0,"$2.591,00",20260901
Bebidas,Bebidas,"agua mineral sin gas villa del sur x 2,25 lt.",7798062547559,2909.0,"$2.909,00",20260901
Bebidas,Bebidas,agua mineral sin gas villa del sur x 600 ml.,7798062540109,2048.0,"$2.048,00",20260901
Bebidas,Bebidas,agua mineral sin gas villavicencio x 500 ml.,7799155000173,2032.0,"$2.032,00",20260901
Bebidas,Bebidas,"agua mineral villa del sur x 1,65 lt. sin gas",7790315000149,2587.0,"$2.587,00",20260901
Bebidas,Bebidas,"agua mineral villa del sur x 6,2 lt.",7799155000135,5712.0,"$5.712,00",20260901
Bebidas,Bebidas,agua mineral villavicencio con gas x 500 ml.,7799155000203,2032.0,"$2.032,00",20260901
Bebidas,Bebidas,agua mineral villavicencio sin gas x 1.5 lt.,7799155000180,2969.0,"$2.969,00",20260901
Bebidas,Bebidas,agua mineral villavicencio sport x 750 ml. sin gas,7790315058201,2500.0,"$2.500,00",20260901
Bebidas,Bebidas,agua mineral villavicencio x 2 litros sin gas,7799155000197,3333.0,"$3.333,00",20260901
Bebidas,Bebidas,agua saborizada aquarius cepita limonada x 500 ml.,7790895008481,1861.0,"$1.861,00",20260901
Bebidas,Bebidas,agua saborizada aquarius cepita manzana x 1.5 lts.,7790895640483,3240.0,"$3.240,00",20260901
Bebidas,Bebidas,agua saborizada aquarius cepita manzana x 2.25 lt.,7790895003301,4140.0,"$4.140,00",20260901
Bebidas,Bebidas,agua saborizada aquarius cepita manzana x 500 ml.,7790895640452,1861.0,"$1.861,00",20260901
Bebidas,Bebidas,agua saborizada aquarius cepita naranja x 1.5 lt.,7790895641237,3240.0,"$3.240,00",20260901
Bebidas,Bebidas,agua saborizada aquarius cepita naranja x 2.25 lt.,7790895003325,4140.0,"$4.140,00",20260901
Bebidas,Bebidas,agua saborizada aquarius cepita pera x 2.25 lt.,7790895003295,4140.0,"$4.140,00",20260901
Bebidas,Bebidas,agua saborizada aquarius cepita pomelo x 1.5 lts.,7790895640490,3240.0,"$3.240,00",20260901
Bebidas,Bebidas,agua saborizada aquarius cepita uva x 1.5 lt.,7790895641220,3240.0,"$3.240,00",20260901
Bebidas,Bebidas,agua saborizada aquarius cepita uva x 2.25 lt.,7790895003318,4140.0,"$4.140,00",20260901
Bebidas,Bebidas,agua saborizada aquarius cepita uva x 500 ml.,7790895641206,1861.0,"$1.861,00",20260901
Bebidas,Bebidas,"agua saborizada aquarius x 1,5 lt. limonada",7790895008498,3240.0,"$3.240,00",20260901
Bebidas,Bebidas,agua saborizada brio multifruta x 1.5 lt.,7798062545487,1940.0,"$1.940,00",20260901
Bebidas,Bebidas,"agua saborizada brio x 1,5 lt. manzana",7798062543919,1940.0,"$1.940,00",20260901
Bebidas,Bebidas,"agua saborizada brio x 1,5 lt. naranja",7798062543926,1940.0,"$1.940,00",20260901
Bebidas,Bebidas,"agua saborizada brio x 1,5 lt. pomelo",7798062543933,1940.0,"$1.940,00",20260901
Bebidas,Bebidas,agua saborizada cellier manzana x 1.5 lt.,7798113302670,1532.0,"$1.532,00",20260901
Bebidas,Bebidas,agua saborizada cellier naranja x 1.5 lt.,7798113302700,1532.0,"$1.532,00",20260901
Bebidas,Bebidas,agua saborizada h2o  x 1.5 litros sin gas naranja,7791813000723,3250.0,"$3.250,00",20260901
Bebidas,Bebidas,agua saborizada h2o x 500 ml sin gas naranja,7791813402886,1800.0,"$1.800,00",20260901
Bebidas,Bebidas,agua saborizada h2o! limoneto x 15 lt. suavemente gasificad,7791813421917,2750.0,"$2.750,00",20260901
Bebidas,Bebidas,agua saborizada h2oh  sin gas x 2 litros limoneto,7791813405023,3350.0,"$3.350,00",20260901
Bebidas,Bebidas,agua saborizada h2oh sin gas x 500 ml manzana,7791813402039,1800.0,"$1.800,00",20260901
Bebidas,Bebidas,agua saborizada h2oh suavemente gasificada x 2.25 litros cit,7791813423591,3200.0,"$3.200,00",20260901
Bebidas,Bebidas,agua saborizada h2oh x 1.5 litros limoneto sin gas,7791813403029,3250.0,"$3.250,00",20260901
Bebidas,Bebidas,agua saborizada levite  x 2.25 litros pomelo rosado,7799155001408,4333.0,"$4.333,00",20260901
Bebidas,Bebidas,"agua saborizada levite cero x 1,5 lt. pomelo",7790315000910,3535.0,"$3.535,00",20260901
Bebidas,Bebidas,agua saborizada levite x 1.5 litros sabor pomelo amarilo,7798062548679,3535.0,"$3.535,00",20260901
Bebidas,Bebidas,agua saborizada levite x 1.5 lt pomelo rosado,7799155001392,3535.0,"$3.535,00",20260901
Bebidas,Bebidas,agua saborizada levite x 2.25 litros naranja,7798062540291,4333.0,"$4.333,00",20260901
Bebidas,Bebidas,agua saborizada levite x 2.25 lt limonada,7799155001705,4333.0,"$4.333,00",20260901
Bebidas,Bebidas,agua saborizada levite x 500 ml limonada,7799155001682,2509.0,"$2.509,00",20260901
Bebidas,Bebidas,agua saborizada levite x 500 ml pera,7798062540260,2509.0,"$2.509,00",20260901
Bebidas,Bebidas,agua saborizada sin gas h2oh x 1.5 litros pomelada,7791813403012,3250.0,"$3.250,00",20260901
Bebidas,Bebidas,agua saborizada sin gas h2oh x 1.5 litros sabor manzana,7791813403036,3250.0,"$3.250,00",20260901
Bebidas,Bebidas,agua saborizada sin gas h2oh x 2 litros sabor manzana,7791813405030,3350.0,"$3.350,00",20260901
Bebidas,Bebidas,agua saborizada sin gas h2oh x 2 litros sabor pomelo,7791813405016,3350.0,"$3.350,00",20260901
Bebidas,Bebidas,agua saborizada sin gas h2oh x 500 ml pomelada,7791813402015,1800.0,"$1.800,00",20260901
Bebidas,Bebidas,agua saborizada suavemente gasificada h2oh x 1.5 lit.citrus,7791813421603,2750.0,"$2.750,00",20260901
Bebidas,Bebidas,agua saborizada suavemente gasificada h2oh x 2.25 l.limoneto,7791813423911,3200.0,"$3.200,00",20260901
Bebidas,Bebidas,agua saborizada vds levite cero manzana x 1.5 lt.,7790315001061,3535.0,"$3.535,00",20260901
Bebidas,Bebidas,agua saborizada vds levite cero manzana x 2.25 lt.,7790315001085,4333.0,"$4.333,00",20260901
Bebidas,Bebidas,agua saborizada vds levite cero manzana x 2.25 lt.,7790315001054,4333.0,"$4.333,00",20260901
Bebidas,Bebidas,agua saborizada vds levite cero pomelo x 2.25 lt.,7790315001047,4333.0,"$4.333,00",20260901
Bebidas,Bebidas,agua saborizada vds levite cero pomelo x 500 ml.,7790315100177,2509.0,"$2.509,00",20260901
Bebidas,Bebidas,agua saborizada vds levite manzana x 1.5 lt.,7798062548709,3535.0,"$3.535,00",20260901
Bebidas,Bebidas,agua saborizada vds levite manzana x 2.25 lt.,7790315000880,4333.0,"$4.333,00",20260901
Bebidas,Bebidas,agua saborizada vds levite manzana x 500 ml.,7798062548716,2509.0,"$2.509,00",20260901
Bebidas,Bebidas,"agua saborizada vds levite naranja x 1,5 lt.",7798062548648,3535.0,"$3.535,00",20260901
Bebidas,Bebidas,agua saborizada vds levite pera x 1.5 lt.,7798062540253,3535.0,"$3.535,00",20260901
Bebidas,Bebidas,"agua saborizada villa del sur levite x 2,25 lt. pe",7798062541014,4333.0,"$4.333,00",20260901
Bebidas,Bebidas,agua sin gas brio x 2.25 lt,7799155001774,1725.0,"$1.725,00",20260901
Bebidas,Bebidas,agua tonica paso de los toros x 1.5 lt.,7791813421368,3600.0,"$3.600,00",20260901
Bebidas,Bebidas,agua tonica schweppes x 1.5 lt.,7790895006715,3890.0,"$3.890,00",20260901
Bebidas,Bebidas,agua tonica schweppes x 310 ml.,7790895003202,1620.0,"$1.620,00",20260901
Bebidas,Bebidas,agua x 1.5 litros benedictino sin gas,7790895651250,6570.0,"$6.570,00",20260901
Bebidas,Bebidas,alimento de soja ades anana x 200 ml.,7790895643712,1246.0,"$1.246,00",20260901
Bebidas,Bebidas,alimento de soja ades durazno x 1 lt.,7790895643828,3579.0,"$3.579,00",20260901
Bebidas,Bebidas,alimento de soja ades durazno x 200 ml.,7790895643729,1246.0,"$1.246,00",20260901
Bebidas,Bebidas,alimento de soja ades frutas tropicales x 1 lt.,7790895643866,3579.0,"$3.579,00",20260901
Bebidas,Bebidas,alimento de soja ades frutas tropicales x 200 ml.,7790895643767,1246.0,"$1.246,00",20260901
Bebidas,Bebidas,alimento de soja ades manzana x 1 lt.,7790895643835,3579.0,"$3.579,00",20260901
Bebidas,Bebidas,alimento de soja ades manzana x 200 ml.,7790895643743,1246.0,"$1.246,00",20260901
Bebidas,Bebidas,alimento de soja ades naranja x 1 lt.,7790895643842,3579.0,"$3.579,00",20260901
Bebidas,Bebidas,amargo obrero x 950 ml.,7790950001969,5972.0,"$5.972,00",20260901
Bebidas,Bebidas,amargo tacconi con limon dietetico x 1.5 lt.,7790950003055,1873.06,"$1.873,06",20260901
Bebidas,Bebidas,amargo tacconi serrano x 1.5 lt.,7790950003048,1873.06,"$1.873,06",20260901
Bebidas,Bebidas,amargo tacconi x 1.5 lt blanco,7790950003062,1873.06,"$1.873,06",20260901
Bebidas,Bebidas,amargo taconi x 1.5 litros sabor pomelo,7790950807165,1746.01,"$1.746,01",20260901
Bebidas,Bebidas,"amargo terma cero limon x 1,75 lt.",7790950130805,3141.0,"$3.141,00",20260901
Bebidas,Bebidas,"amargo terma cero x 1,35 lt. cuyano",7790950133349,2923.0,"$2.923,00",20260901
Bebidas,Bebidas,"amargo terma cero x 1,35 lt. limon",7790950133288,2923.0,"$2.923,00",20260901
Bebidas,Bebidas,"amargo terma cero x 1,35 lt. manzana",7790950133370,3137.0,"$3.137,00",20260901
Bebidas,Bebidas,"amargo terma cero x 1,35 lt. serrano",7790950133325,3137.0,"$3.137,00",20260901
Bebidas,Bebidas,"amargo terma citrus x 1,35 lt.",7790950135992,3137.0,"$3.137,00",20260901
Bebidas,Bebidas,"amargo terma pomelo rosado x 1,75 lt.",7790950128468,3141.0,"$3.141,00",20260901
Bebidas,Bebidas,"amargo terma sin azucar x 1,35 lt. pomelo rosado",7790950141610,2923.0,"$2.923,00",20260901
Bebidas,Bebidas,"amargo terma sin azucar x 1,75 lt. serrano",7790950144093,3141.0,"$3.141,00",20260901
Bebidas,Bebidas,"amargo terma x 1,35 lt. cuyano",7790950133332,2923.0,"$2.923,00",20260901
Bebidas,Bebidas,"amargo terma x 1,35 lt. limon",7790950133271,2923.0,"$2.923,00",20260901
Bebidas,Bebidas,"amargo terma x 1,35 lt. patagonico",7790950133356,2923.0,"$2.923,00",20260901
Bebidas,Bebidas,"amargo terma x 1,35 lt. pomelo",7790950133257,2923.0,"$2.923,00",20260901
Bebidas,Bebidas,"amargo terma x 1,35 lt. pomelo rosado",7790950133363,3137.0,"$3.137,00",20260901
Bebidas,Bebidas,"amargo terma x 1,35 lt. serrano",7790950133318,3137.0,"$3.137,00",20260901
Bebidas,Bebidas,"amargo terma x 1,75 ml. citrus",7790950139273,3141.0,"$3.141,00",20260901
Bebidas,Bebidas,"amargo tres torres x 1,5 lt. blanco",7790950003437,1425.98,"$1.425,98",20260901
Bebidas,Bebidas,"amargo tres torres x 1,5 lt. limon",7790950003444,1425.98,"$1.425,98",20260901
Bebidas,Bebidas,"amargo tres torres x 1,5 lt. serrano",7790950003420,1425.98,"$1.425,98",20260901
Bebidas,Bebidas,americano gancia hibiscus x 473 ml.,7790950144826,2759.0,"$2.759,00",20260901
Bebidas,Bebidas,americano gancia hibiscus x 750 ml.,7790950144819,11619.0,"$11.619,00",20260901
Bebidas,Bebidas,americano gancia lima limon x 473 ml.,7790950142921,2549.0,"$2.549,00",20260901
Bebidas,Bebidas,americano gancia x 450 ml.,7790950000191,5299.0,"$5.299,00",20260901
Bebidas,Bebidas,americano gancia x 473 ml sin alcohol lata,7790950147926,2139.0,"$2.139,00",20260901
Bebidas,Bebidas,americano gancia x950ml.,7790950000160,9174.0,"$9.174,00",20260901
Bebidas,Bebidas,americano marcela x950ml.,7790950002768,5483.0,"$5.483,00",20260901
Bebidas,Bebidas,anana fizz la victoria x 720 ml.,7792316000036,5450.0,"$5.450,00",20260901
Bebidas,Bebidas,aper.cazalis leger x950ml.,7791200200767,5734.0,"$5.734,00",20260901
Bebidas,Bebidas,aperitivo aperol x 750 ml.,7891136057029,13991.0,"$13.991,00",20260901
Bebidas,Bebidas,aperitivo campari x 450 ml.,7791200000565,8679.0,"$8.679,00",20260901
Bebidas,Bebidas,aperitivo campari x 750 ml.,7791200200781,14286.0,"$14.286,00",20260901
Bebidas,Bebidas,aperitivo cinzano bianco x 450 ml.,7791200000572,4467.0,"$4.467,00",20260901
Bebidas,Bebidas,aperitivo cinzano bianco x 950 ml.,7791200200538,8892.0,"$8.892,00",20260901
Bebidas,Bebidas,aperitivo cinzano rosso x 1 lt.,7791200200552,8890.0,"$8.890,00",20260901
Bebidas,Bebidas,aperitivo cinzano segundo x 750 ml.,7791200200712,9270.0,"$9.270,00",20260901
Bebidas,Bebidas,aperitivo cynar proof x 750 ml.,7791200000619,13169.0,"$13.169,00",20260901
Bebidas,Bebidas,aperitivo cynar x 750 ml.,7791200000626,11799.0,"$11.799,00",20260901
Bebidas,Bebidas,aperitivo dr. lemon gin tonic x 473 ml.,7790950144758,2395.66,"$2.395,66",20260901
Bebidas,Bebidas,aperitivo dr. lemon mojito x 1 lt.,7790950133691,4422.0,"$4.422,00",20260901
Bebidas,Bebidas,aperitivo dr. lemon mojito x 473 ml.,7790950144055,2395.66,"$2.395,66",20260901
Bebidas,Bebidas,aperitivo dr. lemon x 1 lt. red berry,7790950137804,4422.0,"$4.422,00",20260901
Bebidas,Bebidas,aperitivo livenza spritz x 750 ml.,7790950138900,8439.0,"$8.439,00",20260901
Bebidas,Bebidas,aperitivo pimpollal x 750 ml,720665925288,20239.0,"$20.239,00",20260901
Bebidas,Bebidas,aperitivo pineral x 750 ml.,7790950134117,12069.0,"$12.069,00",20260901
Bebidas,Bebidas,aperitivo pronto bitt x 473 ml.,7790950610581,2713.0,"$2.713,00",20260901
Bebidas,Bebidas,aperitivo punt emes x750ml.,7790290007195,11159.0,"$11.159,00",20260901
Bebidas,Bebidas,aperitivo ramazzotti rosato x 750 ml.,7792410779357,12046.0,"$12.046,00",20260901
Bebidas,Bebidas,aquarius cepita sabor pera x 1.5 lts.,7790895640476,3240.0,"$3.240,00",20260901
Bebidas,Bebidas,"aquarius cepita x 2,25 lt. pomelo",7790895003288,4140.0,"$4.140,00",20260901
Bebidas,Bebidas,aquarius cepita x 500 ml. naranja,7790895641213,1861.0,"$1.861,00",20260901
Bebidas,Bebidas,aquarius cepita x 500 ml. pera,7790895640445,1861.0,"$1.861,00",20260901
Bebidas,Bebidas,bacardi x 700 ml carta de oro,7610113025024,20156.0,"$20.156,00",20260901
Bebidas,Bebidas,bacardi x750ml.carta blanca,7501008603017,23717.0,"$23.717,00",20260901
Bebidas,Bebidas,bebida arcor x 200 ml multifruta,7790580150419,631.0,"$631,00",20260901
Bebidas,Bebidas,bebida arcor x 200 ml sabor manzana,7790580430504,631.0,"$631,00",20260901
Bebidas,Bebidas,bebida bc l.camp.x200ml.manzan,7790580154257,731.0,"$731,00",20260901
Bebidas,Bebidas,bebida bc.l.camp.x1lt.multifru,7790580154233,2356.0,"$2.356,00",20260901
Bebidas,Bebidas,bebida enegizante rockstar x 500 ml.,7791813111214,1800.0,"$1.800,00",20260901
Bebidas,Bebidas,bebida sin alcohol coca cola x 500 ml.,7790895000782,1890.0,"$1.890,00",20260901
Bebidas,Bebidas,bitter smirnoff citric x 700 ml.,7791250003103,8269.0,"$8.269,00",20260901
Bebidas,Bebidas,bitter smirnoff citrus pomelo y lima x 700 ml.,7791250003011,8269.0,"$8.269,00",20260901
Bebidas,Bebidas,bitter smirnoff naranja rubi y lima x 700 ml.,7791250003097,8269.0,"$8.269,00",20260901
Bebidas,Bebidas,caaa piragua x 950 ml,7790163019034,6411.18,"$6.411,18",20260901
Bebidas,Bebidas,cachaca pitu x 1 lt.,7896607100099,13717.0,"$13.717,00",20260901
Bebidas,Bebidas,cepita x 300 ml botella manzana roja,7790895004926,1483.0,"$1.483,00",20260901
Bebidas,Bebidas,cerv.amstel x1lt.ret.lager,7793147573591,4795.0,"$4.795,00",20260901
Bebidas,Bebidas,cerv.budweiser x710ml.,7792798013357,4033.0,"$4.033,00",20260901
Bebidas,Bebidas,cerv.grolsch x925ml.retornable,7793147570842,6755.0,"$6.755,00",20260901
Bebidas,Bebidas,cerv.imperial x710ml.golden,7793147572624,4470.0,"$4.470,00",20260901
Bebidas,Bebidas,cerv.michelob ultra x473cc.,7792798014019,2979.0,"$2.979,00",20260901
Bebidas,Bebidas,cerv.miller x710ml.lata,7793147571382,5175.0,"$5.175,00",20260901
Bebidas,Bebidas,cerv.patagonia x1lt.amber,7792798012961,4700.0,"$4.700,00",20260901
Bebidas,Bebidas,cerv.quilmes 1890 lata x473ml,7792798013951,2197.0,"$2.197,00",20260901
Bebidas,Bebidas,cerv.santa fe x1lt.ret.,7793147573744,4580.0,"$4.580,00",20260901
Bebidas,Bebidas,cerv.stella artois x473ml.lata,7792798010615,4026.0,"$4.026,00",20260901
Bebidas,Bebidas,cerveza amstel lager x 473 ml.,7793147573546,2725.0,"$2.725,00",20260901
Bebidas,Bebidas,cerveza amstel lata x 710 ml lager,7793147572853,3925.0,"$3.925,00",20260901
Bebidas,Bebidas,cerveza andes ipa x 473 cc,7792798002726,3335.0,"$3.335,00",20260901
Bebidas,Bebidas,cerveza andes lata x 473 ml oro,7792798014934,3058.0,"$3.058,00",20260901
Bebidas,Bebidas,cerveza andes negra lata x 473ml.,7792798002320,3335.0,"$3.335,00",20260901
Bebidas,Bebidas,cerveza andes original x1lt oro retornable,7792798014972,5350.0,"$5.350,00",20260901
Bebidas,Bebidas,cerveza andes roja lata x 473 ml.,7792798992317,3335.0,"$3.335,00",20260901
Bebidas,Bebidas,cerveza andes roja x 1 lt. retornable,7792798002122,5732.0,"$5.732,00",20260901
Bebidas,Bebidas,cerveza andes rubia origen lata x 710 ml,7792798014156,4630.0,"$4.630,00",20260901
Bebidas,Bebidas,cerveza andes rubia x 473 ml,7792798999866,3194.0,"$3.194,00",20260901
Bebidas,Bebidas,cerveza andes rubia x1 lt. retornable,7792798002115,5568.0,"$5.568,00",20260901
Bebidas,Bebidas,cerveza blue moon belgian white x 473 ml.,7793147573195,4685.0,"$4.685,00",20260901
Bebidas,Bebidas,cerveza blue moon x 355 ml white,7793147574048,5210.0,"$5.210,00",20260901
Bebidas,Bebidas,cerveza brahma chopp x 1 lt. retornable,7792798007493,4798.0,"$4.798,00",20260901
Bebidas,Bebidas,cerveza brahma lata x 354 ml chopp,7792798005871,1835.0,"$1.835,00",20260901
Bebidas,Bebidas,cerveza brahma lata x 473 ml.,7792798005888,2724.0,"$2.724,00",20260901
Bebidas,Bebidas,cerveza brahma x 710 ml,7792798015061,3924.0,"$3.924,00",20260901
Bebidas,Bebidas,cerveza budweiser lata x 473 ml,7793147118822,2583.0,"$2.583,00",20260901
Bebidas,Bebidas,cerveza budweiser x 1 lt. retornable,7793147001056,4580.0,"$4.580,00",20260901
Bebidas,Bebidas,cerveza corona 0 % x 473 ml lata,7792798015351,3600.0,"$3.600,00",20260901
Bebidas,Bebidas,cerveza corona cero x 330 ml.,7792798014873,3600.0,"$3.600,00",20260901
Bebidas,Bebidas,cerveza corona x 330 ml.,7792798003709,4550.0,"$4.550,00",20260901
Bebidas,Bebidas,cerveza corona x 473 ml.,7792798014705,4650.0,"$4.650,00",20260901
Bebidas,Bebidas,cerveza corona x 710 ml.,7792798003716,7490.0,"$7.490,00",20260901
Bebidas,Bebidas,cerveza grolsch ipa x 473 ml.,7793147572846,4140.0,"$4.140,00",20260901
Bebidas,Bebidas,cerveza grolsch lata x 473 ml.,7793147570866,3925.0,"$3.925,00",20260901
Bebidas,Bebidas,cerveza heineken lata x 473 cc.,7793147009199,4030.0,"$4.030,00",20260901
Bebidas,Bebidas,cerveza heineken lata x 710 ml.,7793147571283,5995.0,"$5.995,00",20260901
Bebidas,Bebidas,cerveza heineken long neck x 330 cc,7793147009137,4195.0,"$4.195,00",20260901
Bebidas,Bebidas,cerveza heineken sin alcohol x 330 ml botella,7802100003270,3270.0,"$3.270,00",20260901
Bebidas,Bebidas,cerveza heineken x 1 lt. retornable,7793147000899,6865.0,"$6.865,00",20260901
Bebidas,Bebidas,cerveza heineken x 473 ml sin alcohol,7793147574093,3380.0,"$3.380,00",20260901
Bebidas,Bebidas,cerveza iguana x 1 lt. retornable,7793147572211,3925.0,"$3.925,00",20260901
Bebidas,Bebidas,cerveza imperial cream stout x 1 lt.,7793147000998,5670.0,"$5.670,00",20260901
Bebidas,Bebidas,cerveza imperial golden long neck x 330 cc,7793147574109,3485.0,"$3.485,00",20260901
Bebidas,Bebidas,cerveza imperial golden x 1 lt.,7793147573720,5230.0,"$5.230,00",20260901
Bebidas,Bebidas,cerveza imperial golden x 473 ml.,7793147571689,3105.0,"$3.105,00",20260901
Bebidas,Bebidas,cerveza imperial ipa x 473 ml.,7793147570743,3295.0,"$3.295,00",20260901
Bebidas,Bebidas,cerveza imperial lager x 1lt .retornable,7793147573737,4810.0,"$4.810,00",20260901
Bebidas,Bebidas,cerveza imperial lata x 473 ml,7793147000752,2745.0,"$2.745,00",20260901
Bebidas,Bebidas,cerveza imperial lata x 473 ml apa,7793147571160,3295.0,"$3.295,00",20260901
Bebidas,Bebidas,cerveza imperial red ipa x 1 lt. retornable,7793147570330,5670.0,"$5.670,00",20260901
Bebidas,Bebidas,cerveza imperial roja lata x 473 ml,7793147572723,3295.0,"$3.295,00",20260901
Bebidas,Bebidas,cerveza imperial stout lata x 473 ml.,7793147001742,3295.0,"$3.295,00",20260901
Bebidas,Bebidas,cerveza imperial x 473 ml gold cero,7793147574130,2290.0,"$2.290,00",20260901
Bebidas,Bebidas,cerveza imperial x 710 ml.,7793147571412,4005.0,"$4.005,00",20260901
Bebidas,Bebidas,cerveza isenbeck lata x 473 ml,7793147573515,2205.0,"$2.205,00",20260901
Bebidas,Bebidas,cerveza lata patagonia x 473 ml 24.7,7792798001972,4961.0,"$4.961,00",20260901
Bebidas,Bebidas,cerveza michelob ultra botella x 275 ml,7840050009737,2979.0,"$2.979,00",20260901
Bebidas,Bebidas,cerveza miller lata x 473 ml edicion limitada,7793147573386,3486.0,"$3.486,00",20260901
Bebidas,Bebidas,cerveza miller long neck x 330 ml.,7793147573492,3815.0,"$3.815,00",20260901
Bebidas,Bebidas,cerveza miller x 1 litro,7793147570088,6320.0,"$6.320,00",20260901
Bebidas,Bebidas,cerveza miller x 600 ml.,7793147570262,5720.0,"$5.720,00",20260901
Bebidas,Bebidas,cerveza patagonia amber lager lata x 473 ml,7792798001965,4961.0,"$4.961,00",20260901
Bebidas,Bebidas,cerveza patagonia amber lager x 750 ml.,7792798002351,7056.0,"$7.056,00",20260901
Bebidas,Bebidas,cerveza patagonia ipa con sauco x 730 ml.,7792798002399,7056.0,"$7.056,00",20260901
Bebidas,Bebidas,cerveza patagonia vera ipa x 730 ml.,7792798010882,7056.0,"$7.056,00",20260901
Bebidas,Bebidas,cerveza quilmes 1890 rubia x 1 litro,7792798013937,3767.0,"$3.767,00",20260901
Bebidas,Bebidas,cerveza quilmes bajo cero x 1 lt.,7792798013999,3767.0,"$3.767,00",20260901
Bebidas,Bebidas,cerveza quilmes bajo cero x 473 ml,7792798015290,1975.0,"$1.975,00",20260901
Bebidas,Bebidas,cerveza quilmes clasica lata x 710 ml,7792798014835,3815.0,"$3.815,00",20260901
Bebidas,Bebidas,cerveza quilmes cristal x 1 lt. retornable,7792798007387,4798.0,"$4.798,00",20260901
Bebidas,Bebidas,cerveza quilmes ipa x 473 ml.,7792798013388,2724.0,"$2.724,00",20260901
Bebidas,Bebidas,cerveza quilmes lata x 473 ml,7792798012923,2724.0,"$2.724,00",20260901
Bebidas,Bebidas,cerveza quilmes lata x 473 ml 0.0 % alcohol,7792798009107,2150.0,"$2.150,00",20260901
Bebidas,Bebidas,cerveza quilmes stout x 1 lt. retornable,7792798007400,4798.0,"$4.798,00",20260901
Bebidas,Bebidas,cerveza quilmes stout x 473 ml.,7792798001316,2724.0,"$2.724,00",20260901
Bebidas,Bebidas,cerveza salta cautiva roja -,7793147572389,3105.0,"$3.105,00",20260901
Bebidas,Bebidas,cerveza salta cautiva rubia  x 473 m,7793147572327,3105.0,"$3.105,00",20260901
Bebidas,Bebidas,cerveza salta cautiva rubia x 1 lt. retornable,7793147572334,5230.0,"$5.230,00",20260901
Bebidas,Bebidas,cerveza salta cautiva x 473 ml fresh lager,7793147574185,3105.0,"$3.105,00",20260901
Bebidas,Bebidas,cerveza santa fe pilsen x 1 litro,7793147572082,4580.0,"$4.580,00",20260901
Bebidas,Bebidas,cerveza santa fe pilsen x 473 ml.,7793147572075,2615.0,"$2.615,00",20260901
Bebidas,Bebidas,cerveza santa fe x 473 ml.,7793147570286,2615.0,"$2.615,00",20260901
Bebidas,Bebidas,cerveza scheider x 473 ml lata sabor limon,7793147574222,2575.0,"$2.575,00",20260901
Bebidas,Bebidas,cerveza scheneider lata x 710 ml,7793147570606,3815.0,"$3.815,00",20260901
Bebidas,Bebidas,cerveza schneider lata x 473 ml.,7793147118860,2615.0,"$2.615,00",20260901
Bebidas,Bebidas,cerveza schneider x 1 lt.,7793147001025,4580.0,"$4.580,00",20260901
Bebidas,Bebidas,cerveza stella artois 0 % alcohol lata x 473 ml,7792798013487,3400.0,"$3.400,00",20260901
Bebidas,Bebidas,cerveza stella artois 0 a?a? x 330 ml,7792798013470,3400.0,"$3.400,00",20260901
Bebidas,Bebidas,cerveza stella artois botella x 330 cc,7792798010578,4079.0,"$4.079,00",20260901
Bebidas,Bebidas,cerveza stella artois lata x 710 ml,7792798013975,5970.0,"$5.970,00",20260901
Bebidas,Bebidas,cerveza stella artois noir premium x 473 ml.,7792798010639,4026.0,"$4.026,00",20260901
Bebidas,Bebidas,cerveza stella artois x 330 cc pure gold,7891991304870,4189.0,"$4.189,00",20260901
Bebidas,Bebidas,cerveza stella artois x 473 ml pure gold,7792798015405,4138.0,"$4.138,00",20260901
Bebidas,Bebidas,cerveza stella atrois x 975 ml. retornable,7792798010561,6822.0,"$6.822,00",20260901
Bebidas,Bebidas,cerveza temple wolf ipa x 473 ml.,7792798008858,4961.0,"$4.961,00",20260901
Bebidas,Bebidas,cerveza warsteiner x 1 lt. retornable,7793147570989,6320.0,"$6.320,00",20260901
Bebidas,Bebidas,cerveza warsteiner x 473 ml.,7793147570927,3486.0,"$3.486,00",20260901
Bebidas,Bebidas,cerveza wasteiner long x 330 ml,4000856005217,3815.0,"$3.815,00",20260901
Bebidas,Bebidas,champ. mumm x269ml leger,7791560991008,3466.24,"$3.466,24",20260901
Bebidas,Bebidas,champ.chandon x187ml.aperitif,7790975206257,5693.0,"$5.693,00",20260901
Bebidas,Bebidas,champ.chandon x375ml.delice,7790975198897,10281.0,"$10.281,00",20260901
Bebidas,Bebidas,champagne chandon en caja x 2 unidades de 375 ml extra brut,7790975199092,19960.0,"$19.960,00",20260901
Bebidas,Bebidas,champagne chandon x 750 ml brut rose especial,7790975198811,21680.0,"$21.680,00",20260901
Bebidas,Bebidas,champagne chandon x 750 ml extra brut,7790975198774,21680.0,"$21.680,00",20260901
Bebidas,Bebidas,champagne mumm x 750 ml leger,7791560512593,12497.2,"$12.497,20",20260901
Bebidas,Bebidas,champagne mumm x 750 ml leger sprits,7791560520390,12497.2,"$12.497,20",20260901
Bebidas,Bebidas,champagne mumm x269 ml leger sprits,7791560527955,3466.24,"$3.466,24",20260901
Bebidas,Bebidas,citric 1 litro naranja con pulpa,7798085681834,5011.0,"$5.011,00",20260901
Bebidas,Bebidas,coca cola lata x 345 ml,7790895000232,1620.0,"$1.620,00",20260901
Bebidas,Bebidas,cocktail emilia clarea x 750 ml.,7790070764010,10489.0,"$10.489,00",20260901
Bebidas,Bebidas,cocktail emilia rose x 750 ml.,7790070764027,10489.0,"$10.489,00",20260901
Bebidas,Bebidas,cocktail emilia sangria x 750 ml.,7790070764034,10489.0,"$10.489,00",20260901
Bebidas,Bebidas,cocktail emilia spritz x 750 ml.,7790070764041,10489.0,"$10.489,00",20260901
Bebidas,Bebidas,coctel meet hs x 310 ml. lima,7790950142150,1660.0,"$1.660,00",20260901
Bebidas,Bebidas,cognac hennessy est. x 750 cc.,3245990250203,76079.0,"$76.079,00",20260901
Bebidas,Bebidas,cognac reserva san juan extra anejo x 750 ml.,7790197120218,11764.0,"$11.764,00",20260901
Bebidas,Bebidas,dr lemon x 1 litro green apple,7790950807257,4422.0,"$4.422,00",20260901
Bebidas,Bebidas,dr lemon x 275 ml vodka,7790950102093,1406.0,"$1.406,00",20260901
Bebidas,Bebidas,dr. lemon con limon x 1 lt.,7790950134100,4422.0,"$4.422,00",20260901
Bebidas,Bebidas,dr. lemon gin tropical x 473 ml.,7790950145274,2395.66,"$2.395,66",20260901
Bebidas,Bebidas,dr. lemon pomelo x 473 ml.,7790950140859,2395.66,"$2.395,66",20260901
Bebidas,Bebidas,dr. lemon vodka con pomelo x 1 lt.,7790950134896,4422.0,"$4.422,00",20260901
Bebidas,Bebidas,dr. lemon vodka x 1 lt.,7790950131918,4422.0,"$4.422,00",20260901
Bebidas,Bebidas,dr. lemon x 473 ml. limon,7790950202816,2395.66,"$2.395,66",20260901
Bebidas,Bebidas,dr.lemon x473ml.vodka,7790950202823,2395.66,"$2.395,66",20260901
Bebidas,Bebidas,dry gin beefeater x 1 litro,5000299618424,37676.97,"$37.676,97",20260901
Bebidas,Bebidas,dry gin bulldog x 700 ml.,897076002010,36266.0,"$36.266,00",20260901
Bebidas,Bebidas,dry gin tanqueray x 700 ml.,5000281015248,32849.0,"$32.849,00",20260901
Bebidas,Bebidas,enenrgizante valentino rossi x 473 ml,1007084702751,3390.0,"$3.390,00",20260901
Bebidas,Bebidas,energizante monster energy x 473 ml.,7798422620014,3390.0,"$3.390,00",20260901
Bebidas,Bebidas,energizante monster energy zero x 473 ml.,7798422620090,3390.0,"$3.390,00",20260901
Bebidas,Bebidas,energizante monster ultra sunrise x 473 ml.,7798422620052,3390.0,"$3.390,00",20260901
Bebidas,Bebidas,energizante monster white pineapple x 473 ml.,1007084789417,3390.0,"$3.390,00",20260901
Bebidas,Bebidas,energizante monster x 473 ml mango loco,7798422620045,3390.0,"$3.390,00",20260901
Bebidas,Bebidas,energizante monster x 473 ml peachy keen,7798422620298,3390.0,"$3.390,00",20260901
Bebidas,Bebidas,energizante monster x 473 ml pepeline,7798422620120,3390.0,"$3.390,00",20260901
Bebidas,Bebidas,energizante monster x 473 ml ultra,7798422620021,3390.0,"$3.390,00",20260901
Bebidas,Bebidas,energizante monster x 473 ml watermelon,7798422620069,3390.0,"$3.390,00",20260901
Bebidas,Bebidas,energizante red bull sandia x 250 ml.,9002490258313,3576.0,"$3.576,00",20260901
Bebidas,Bebidas,energizante red bull sugar free - pack 4 latas x .,9002490232054,14304.0,"$14.304,00",20260901
Bebidas,Bebidas,energizante red bull sugar free x 250 ml.,90415418,3576.0,"$3.576,00",20260901
Bebidas,Bebidas,energizante red bull x 250 cc fruta del dragon,9002490280055,3576.0,"$3.576,00",20260901
Bebidas,Bebidas,energizante red bull x 250 ml,9002490100070,3576.0,"$3.576,00",20260901
Bebidas,Bebidas,energizante red bull x 355 ml.,90435225,4825.0,"$4.825,00",20260901
Bebidas,Bebidas,energizante rockstar berry x 500 ml.,7791813111252,1800.0,"$1.800,00",20260901
Bebidas,Bebidas,energizante rockstarx 500 ml maracuya,7791813111443,1800.0,"$1.800,00",20260901
Bebidas,Bebidas,energizante speed x 250 cc,7798119220015,1822.0,"$1.822,00",20260901
Bebidas,Bebidas,energizante speed x 250 cc zero,7798119220367,1822.0,"$1.822,00",20260901
Bebidas,Bebidas,energizante speed xl x 473 ml.,7798119220183,3050.0,"$3.050,00",20260901
Bebidas,Bebidas,energizante speed zero x 473 ml.,7798119220381,3050.0,"$3.050,00",20260901
Bebidas,Bebidas,esp.chac chac x750ml.br.nature,7798123973327,10488.0,"$10.488,00",20260901
Bebidas,Bebidas,esp.m.codorniu x750ml.extr.bru,7798078238298,13601.0,"$13.601,00",20260901
Bebidas,Bebidas,espum.callia x750ml.extra brut,7798108834414,7399.0,"$7.399,00",20260901
Bebidas,Bebidas,espum.salentein x750ml.b.blanc,7798074865016,14129.0,"$14.129,00",20260901
Bebidas,Bebidas,espumante alyda x 750 ml brut nature,7798074865092,22689.0,"$22.689,00",20260901
Bebidas,Bebidas,espumante baron b brut rose x 750 ml.,7790975194417,50757.0,"$50.757,00",20260901
Bebidas,Bebidas,espumante baron b extra brut x 750 ml.,7790975000152,37869.0,"$37.869,00",20260901
Bebidas,Bebidas,espumante callia x 750 m dulce,7798108839501,7399.0,"$7.399,00",20260901
Bebidas,Bebidas,espumante canciller xxv blend x 750 ml. dulce,7790314077494,5572.0,"$5.572,00",20260901
Bebidas,Bebidas,espumante capriccio fiore x 750 ml.,7790717153467,8074.0,"$8.074,00",20260901
Bebidas,Bebidas,espumante casillero del diablo x 750 ml extra brut,7798039599437,12682.0,"$12.682,00",20260901
Bebidas,Bebidas,espumante chandon aperitif x 750 ml.,7790975198675,19621.0,"$19.621,00",20260901
Bebidas,Bebidas,espumante chandon brut nature x 750 ml.,7790975198699,21680.0,"$21.680,00",20260901
Bebidas,Bebidas,espumante chandon brut rose x 375 ml.,7790975198873,10281.0,"$10.281,00",20260901
Bebidas,Bebidas,espumante chandon delice rose x 750 ml.,7790975204307,19621.0,"$19.621,00",20260901
Bebidas,Bebidas,espumante chandon delice x 750 ml.,7790975198651,19621.0,"$19.621,00",20260901
Bebidas,Bebidas,espumante chandon extra brut x 750 ml.,7790975198613,19621.0,"$19.621,00",20260901
Bebidas,Bebidas,espumante chandon rose x 750 ml.,7790975198590,19621.0,"$19.621,00",20260901
Bebidas,Bebidas,espumante chandon x 375 ml. brut nature rose,7790975198712,21866.0,"$21.866,00",20260901
Bebidas,Bebidas,espumante chandon x 750 ml. demi sec,7790975198637,19621.0,"$19.621,00",20260901
Bebidas,Bebidas,espumante cinzano pro-spritz x 750 ml.,7791200200729,9929.0,"$9.929,00",20260901
Bebidas,Bebidas,espumante dada orange bitter x 750 ml.,7791540054525,9179.0,"$9.179,00",20260901
Bebidas,Bebidas,espumante dada sweet x 750 ml.,7791540045745,9179.0,"$9.179,00",20260901
Bebidas,Bebidas,espumante dada x 750 ml cabernet,7791540048937,9179.0,"$9.179,00",20260901
Bebidas,Bebidas,espumante dada x 750 ml extra brut,7791540000188,9786.78,"$9.786,78",20260901
Bebidas,Bebidas,espumante dada x 750 ml. sweet pink,7791540047015,9179.0,"$9.179,00",20260901
Bebidas,Bebidas,espumante dante robino x 750 ml. extra brut,7790717152255,12015.0,"$12.015,00",20260901
Bebidas,Bebidas,espumante dilema blanco dulce natural x 750 ml.,7790314005121,6562.0,"$6.562,00",20260901
Bebidas,Bebidas,espumante dilema rosado dulce natural x 750 ml.,7790314005145,6562.0,"$6.562,00",20260901
Bebidas,Bebidas,espumante dolores x 750 ml. dulce,7791250002892,9823.0,"$9.823,00",20260901
Bebidas,Bebidas,espumante emilia x 750 ml brut rose,7790070761002,12158.25,"$12.158,25",20260901
Bebidas,Bebidas,espumante emilia x 750 ml dulce,7790070761019,11816.73,"$11.816,73",20260901
Bebidas,Bebidas,espumante emilia x 750 ml dulce muscar,7790070760777,5599.0,"$5.599,00",20260901
Bebidas,Bebidas,espumante estancia mendoza extra brut x 750 ml.,7790314056086,7443.0,"$7.443,00",20260901
Bebidas,Bebidas,espumante federico de alvear demi sec x 750 ml.,7791670027635,6049.0,"$6.049,00",20260901
Bebidas,Bebidas,espumante federico de alvear dulce x 750 ml.,7791670027642,6049.0,"$6.049,00",20260901
Bebidas,Bebidas,espumante federico de alvear x 750 ml spritz,7791670027710,6649.0,"$6.649,00",20260901
Bebidas,Bebidas,espumante federico de alvear x 750 ml strawberry,7791670027734,6649.0,"$6.649,00",20260901
Bebidas,Bebidas,espumante federico de alvear x 750 ml sweet,7791670027758,6649.0,"$6.649,00",20260901
Bebidas,Bebidas,espumante gambei brut rose x 750 ml.,7792319972583,7079.0,"$7.079,00",20260901
Bebidas,Bebidas,espumante gambei dulce x 750 ml.,7792319972576,7079.0,"$7.079,00",20260901
Bebidas,Bebidas,espumante gambei extra brut x 750 ml.,7792319972521,7079.0,"$7.079,00",20260901
Bebidas,Bebidas,espumante las perdices brut nature x 750 ml.,7798123970609,15504.0,"$15.504,00",20260901
Bebidas,Bebidas,espumante las perdices brut rose x 750 ml.,7798123970791,9576.0,"$9.576,00",20260901
Bebidas,Bebidas,espumante las perdices extra brut x 750 ml.,7798123970234,13224.0,"$13.224,00",20260901
Bebidas,Bebidas,espumante las perdices sweety x 750 ml.,7798123970449,9576.0,"$9.576,00",20260901
Bebidas,Bebidas,espumante las perdices x 750 ml. extra brut,7798123971903,10488.0,"$10.488,00",20260901
Bebidas,Bebidas,espumante latitud 33 x 750 ml extra brut,7790975204147,10056.0,"$10.056,00",20260901
Bebidas,Bebidas,espumante latitud 33 x 750 ml. dulce,7790975204154,10056.0,"$10.056,00",20260901
Bebidas,Bebidas,espumante latitud 33 x 750 ml. rosado dulce,7790975204161,10056.0,"$10.056,00",20260901
Bebidas,Bebidas,espumante los haroldos x 750 ml extra brut,7791843004166,7457.79,"$7.457,79",20260901
Bebidas,Bebidas,espumante maria codorniu reserva x 750 ml brut nature,7798078235082,22814.98,"$22.814,98",20260901
Bebidas,Bebidas,espumante maria codorniu x 750 ml brut rose,7798078238328,13601.0,"$13.601,00",20260901
Bebidas,Bebidas,espumante mercier demi sec x 750 ml.,7790975000039,9942.0,"$9.942,00",20260901
Bebidas,Bebidas,espumante mercier dulce x 750 ml.,7790975194981,9942.0,"$9.942,00",20260901
Bebidas,Bebidas,espumante mercier extra brut x 750 ml.,7790975000022,9942.0,"$9.942,00",20260901
Bebidas,Bebidas,espumante mumm brut nature x 750 ml.,7791560513828,12497.25,"$12.497,25",20260901
Bebidas,Bebidas,espumante mumm brut rose x 269 ml.,7791560991015,3466.24,"$3.466,24",20260901
Bebidas,Bebidas,espumante mumm cuvee reserve extra brut x 750 ml.,7791560040126,12497.25,"$12.497,25",20260901
Bebidas,Bebidas,espumante mumm cuvee reserve rosado x 750 ml.,7791560074084,12497.25,"$12.497,25",20260901
Bebidas,Bebidas,espumante mumm cuvee reserve sweet x 750 ml.,7791560132838,11029.0,"$11.029,00",20260901
Bebidas,Bebidas,espumante navarro correas brut malbec rose x 750 m,7791250001543,9389.0,"$9.389,00",20260901
Bebidas,Bebidas,espumante navarro correas dulcet x 750 ml.,7791250001444,11299.0,"$11.299,00",20260901
Bebidas,Bebidas,espumante navarro correas extra brut x 750 ml.,7791250001529,11299.0,"$11.299,00",20260901
Bebidas,Bebidas,espumante navarro correas nature x 750 ml.,7791250001567,11299.0,"$11.299,00",20260901
Bebidas,Bebidas,espumante navarro correas x 355 gm brut,7791250003394,4499.0,"$4.499,00",20260901
Bebidas,Bebidas,espumante nave robino x 750 ml. extra brut,7790717153948,7996.0,"$7.996,00",20260901
Bebidas,Bebidas,espumante nieto senetiner grand cuvee x 750 ml brut nature,7790070761064,21933.0,"$21.933,00",20260901
Bebidas,Bebidas,espumante nieto senetiner tete de cuvee extra brut,7790070761033,15734.0,"$15.734,00",20260901
Bebidas,Bebidas,espumante nieto senetiner x 750 ml 0 % brut,7790070104854,22211.0,"$22.211,00",20260901
Bebidas,Bebidas,espumante nieto senetiner x 750 ml brut rose,7790070761040,15734.0,"$15.734,00",20260901
Bebidas,Bebidas,espumante nieto senetiner x 750 ml grand cuvee extra brut,7790070761071,20143.0,"$20.143,00",20260901
Bebidas,Bebidas,espumante nieto senetiner x 750 ml. brut nature,7790070761026,16211.0,"$16.211,00",20260901
Bebidas,Bebidas,espumante nieto senetiner x 750 ml. nature,7793440001395,15734.0,"$15.734,00",20260901
Bebidas,Bebidas,espumante norton cosecha especial brut nature x 7.,7792319972316,14319.0,"$14.319,00",20260901
Bebidas,Bebidas,espumante norton cosecha especial gruner veltliner,7792319972330,13519.0,"$13.519,00",20260901
Bebidas,Bebidas,espumante norton cosecha especial rose x 750 ml.,7792319972293,13519.0,"$13.519,00",20260901
Bebidas,Bebidas,espumante norton extra brut cosecha especial x 75.,7792319972279,13519.0,"$13.519,00",20260901
Bebidas,Bebidas,espumante novecento x 750 ml. extra brut,7790717152026,5619.0,"$5.619,00",20260901
Bebidas,Bebidas,espumante novecento x 750 ml. extra dulce,7790717001195,5619.0,"$5.619,00",20260901
Bebidas,Bebidas,espumante partridge x 750 ml. extra brut,7798123971811,7934.0,"$7.934,00",20260901
Bebidas,Bebidas,espumante salentein brut nature x 750 ml.,7798074864910,13569.0,"$13.569,00",20260901
Bebidas,Bebidas,espumante salentein brut rose x 750 ml.,7798074864996,13569.0,"$13.569,00",20260901
Bebidas,Bebidas,espumante salentein x 750 ml. doux,7798074864552,13329.0,"$13.329,00",20260901
Bebidas,Bebidas,espumante salentein x 750 ml. extra brut,7798074864972,13329.0,"$13.329,00",20260901
Bebidas,Bebidas,espumante san telmo x 750 ml extra brut,7791250003295,5709.0,"$5.709,00",20260901
Bebidas,Bebidas,espumante san telmo x 750 ml spark dulce,7791250003301,5709.0,"$5.709,00",20260901
Bebidas,Bebidas,espumante santa julia classic cuvee x 750 ml.,7791728234398,12719.0,"$12.719,00",20260901
Bebidas,Bebidas,espumante santa julia dulce x 750 ml.,7791728009200,16399.0,"$16.399,00",20260901
Bebidas,Bebidas,espumante suter extra brut x 750 ml.,7790704070210,6086.0,"$6.086,00",20260901
Bebidas,Bebidas,espumante trumpeter extra brut x 750 ml.,7790577004299,12340.83,"$12.340,83",20260901
Bebidas,Bebidas,fanta naranja zero x 2.25 lt.,7790895002601,5340.0,"$5.340,00",20260901
Bebidas,Bebidas,fernet 1882 x450ml.,7790139002886,7481.0,"$7.481,00",20260901
Bebidas,Bebidas,fernet 1882 x473ml.con cola,7798167047923,2166.0,"$2.166,00",20260901
Bebidas,Bebidas,fernet 1882 x750ml.,7790139002879,10121.0,"$10.121,00",20260901
Bebidas,Bebidas,fernet branca edicion mundial x 750 ml,7790290101817,18890.34,"$18.890,34",20260901
Bebidas,Bebidas,fernet branca menta x 450 ml.,7790290101480,12175.0,"$12.175,00",20260901
Bebidas,Bebidas,fernet branca x 750 ml.,7790290101602,18375.0,"$18.375,00",20260901
Bebidas,Bebidas,fernet branca x450ml.,7790290001179,12176.0,"$12.176,00",20260901
Bebidas,Bebidas,fernet buhero mandelo x 700 ml,7792410779616,14022.0,"$14.022,00",20260901
Bebidas,Bebidas,fernet buhero negro x 700 ml.,7792410523165,12747.0,"$12.747,00",20260901
Bebidas,Bebidas,fernet capri x700ml.,7792410528887,5502.0,"$5.502,00",20260901
Bebidas,Bebidas,fernet vittone x 750 ml. speciale,7790290101459,6776.0,"$6.776,00",20260901
Bebidas,Bebidas,fresas fizz la victoria x 720 ml.,7792316000845,5450.0,"$5.450,00",20260901
Bebidas,Bebidas,frizze pomelata,7791540053207,3914.0,"$3.914,00",20260901
Bebidas,Bebidas,"gaseosa agua tonica magna x 1,5 lt.",7791913005604,1713.0,"$1.713,00",20260901
Bebidas,Bebidas,"gaseosa agua tonica magna x 2,25 lt.",7791913005611,2253.0,"$2.253,00",20260901
Bebidas,Bebidas,gaseosa agua tonica schweppes zero x 1.5 ml.,7790895648014,3890.0,"$3.890,00",20260901
Bebidas,Bebidas,gaseosa coca cola con cafe x 220 ml.,7790895646355,1330.0,"$1.330,00",20260901
Bebidas,Bebidas,"gaseosa coca cola envase vidrio retornable x 1,25.",7790895005374,2890.0,"$2.890,00",20260901
Bebidas,Bebidas,gaseosa coca cola lata x 220 ml.,7790895642081,1240.0,"$1.240,00",20260901
Bebidas,Bebidas,"gaseosa coca cola sin azucar retornable x 1,25 ml.",7790895640599,2890.0,"$2.890,00",20260901
Bebidas,Bebidas,gaseosa coca cola sin azucar x 1.5 lts.,7790895067556,3890.0,"$3.890,00",20260901
Bebidas,Bebidas,gaseosa coca cola sin azucar x 2 lt. retornable,7790895067617,3690.0,"$3.690,00",20260901
Bebidas,Bebidas,gaseosa coca cola sin azucar x 354 ml.,7790895067587,1620.0,"$1.620,00",20260901
Bebidas,Bebidas,gaseosa coca cola sin azucar x 500 ml.,7790895067532,1890.0,"$1.890,00",20260901
Bebidas,Bebidas,gaseosa coca cola x 1 lt.,7790895001413,2890.0,"$2.890,00",20260901
Bebidas,Bebidas,gaseosa coca cola x 1.5 lt.,7790895000430,3890.0,"$3.890,00",20260901
Bebidas,Bebidas,gaseosa coca cola x 2 lt. envase retornable,7790895000218,3690.0,"$3.690,00",20260901
Bebidas,Bebidas,"gaseosa coca cola x 2,50 lt. no retornable",7790895005794,5790.0,"$5.790,00",20260901
Bebidas,Bebidas,"gaseosa coca cola x 2,50 lt. retornable",7790895068164,4390.0,"$4.390,00",20260901
Bebidas,Bebidas,"gaseosa coca cola x 2,50 lt. sin azucar",7790895068096,5790.0,"$5.790,00",20260901
Bebidas,Bebidas,gaseosa coca cola x 237 ml botella de vidrio,7790895006753,1430.0,"$1.430,00",20260901
Bebidas,Bebidas,gaseosa coca cola x 237 ml botella de vidrio sin azucar,7790895067594,1430.0,"$1.430,00",20260901
Bebidas,Bebidas,gaseosa coca cola x 473 ml zero,7790895643286,1814.0,"$1.814,00",20260901
Bebidas,Bebidas,gaseosa coca-cola sin azucares x 1 lt.,7790895067631,2890.0,"$2.890,00",20260901
Bebidas,Bebidas,"gaseosa crush lima limon x 2,25 lt.",7790895007385,2890.0,"$2.890,00",20260901
Bebidas,Bebidas,"gaseosa crush naranja x 2,25 lt.",7790895006951,2890.0,"$2.890,00",20260901
Bebidas,Bebidas,"gaseosa crush pomelo x 2,25 lt.",7790895007392,2890.0,"$2.890,00",20260901
Bebidas,Bebidas,gaseosa de pomelo schweppes sin azucar x 500 ml.,7790895010064,1890.0,"$1.890,00",20260901
Bebidas,Bebidas,gaseosa doble cola lima-limon x 3 lt.,7791913005246,2257.0,"$2.257,00",20260901
Bebidas,Bebidas,gaseosa doble cola naranja x 3 lt.,7791913005284,2257.0,"$2.257,00",20260901
Bebidas,Bebidas,gaseosa doble cola pomelo x 3 lt.,7791913005260,2257.0,"$2.257,00",20260901
Bebidas,Bebidas,gaseosa doble cola x 2.25 lt.,7791913001859,1804.0,"$1.804,00",20260901
Bebidas,Bebidas,gaseosa doble cola x 3 lt.,7791913000791,2256.0,"$2.256,00",20260901
Bebidas,Bebidas,gaseosa fanta limon x 2.25 lt.,7790895001031,5340.0,"$5.340,00",20260901
Bebidas,Bebidas,gaseosa fanta limon x 500 ml.,7790895001048,1890.0,"$1.890,00",20260901
Bebidas,Bebidas,gaseosa fanta pomelo x 500 ml.,7790895001055,1890.0,"$1.890,00",20260901
Bebidas,Bebidas,gaseosa fanta x 237 ml botella vidrio,7790895651267,1430.0,"$1.430,00",20260901
Bebidas,Bebidas,gaseosa fanta x 354 ml carmesi,7790895651441,1620.0,"$1.620,00",20260901
Bebidas,Bebidas,gaseosa lima limon sprite x 1 lt.,7790895005015,2890.0,"$2.890,00",20260901
Bebidas,Bebidas,gaseosa lima limon sprite x 1.25lt retornable e,7790895006111,2890.0,"$2.890,00",20260901
Bebidas,Bebidas,gaseosa lima limon sprite x 2 lt. envase retornabe,7790895000225,3690.0,"$3.690,00",20260901
Bebidas,Bebidas,gaseosa lima limon sprite x 2.25 lt.,7790895001000,5340.0,"$5.340,00",20260901
Bebidas,Bebidas,gaseosa lima limon sprite x 500 ml.,7790895000829,1890.0,"$1.890,00",20260901
Bebidas,Bebidas,gaseosa lima limon sprite zero x 1.5 lt.,7790895064173,3890.0,"$3.890,00",20260901
Bebidas,Bebidas,gaseosa lima-limon seven up sazucar x 1.5 lt.,7791813434412,3600.0,"$3.600,00",20260901
Bebidas,Bebidas,gaseosa lima-limon seven up x 345 ml. lata,7791813777021,1800.0,"$1.800,00",20260901
Bebidas,Bebidas,gaseosa magna x500ml.tonica,7791913005154,1088.0,"$1.088,00",20260901
Bebidas,Bebidas,"gaseosa mirinda naranja x 2,25 lt.",7791813423157,2450.0,"$2.450,00",20260901
Bebidas,Bebidas,"gaseosa naranja fanta x 1,25 lt. retornable",7790895006128,2890.0,"$2.890,00",20260901
Bebidas,Bebidas,"gaseosa naranja fanta x 1,5 lt.",7790895000454,3890.0,"$3.890,00",20260901
Bebidas,Bebidas,gaseosa naranja fanta x 2 lt. envase retornable,7790895000331,3690.0,"$3.690,00",20260901
Bebidas,Bebidas,"gaseosa naranja fanta x 2,25 lt.",7790895001017,5340.0,"$5.340,00",20260901
Bebidas,Bebidas,gaseosa naranja fanta x 310 ml.,7790895002762,1620.0,"$1.620,00",20260901
Bebidas,Bebidas,gaseosa naranja fanta x 354 ml.,7790895000256,1620.0,"$1.620,00",20260901
Bebidas,Bebidas,gaseosa naranja fanta x 500 ml.,7790895000836,1890.0,"$1.890,00",20260901
Bebidas,Bebidas,"gaseosa naranja fanta zero x 1,5 lt.",7790895002304,3890.0,"$3.890,00",20260901
Bebidas,Bebidas,gaseosa naranja fanta zero x 500 ml.,7790895002335,1890.0,"$1.890,00",20260901
Bebidas,Bebidas,gaseosa p.toros pomelo x269ml.,7791813800750,1800.0,"$1.800,00",20260901
Bebidas,Bebidas,"gaseosa paso de los toros pomelo light x 1,5 lt.",7791813080039,3600.0,"$3.600,00",20260901
Bebidas,Bebidas,"gaseosa paso de los toros pomelo x 1,5 lt.",7791813421382,3600.0,"$3.600,00",20260901
Bebidas,Bebidas,gaseosa paso de los toros pomelo x 500 ml sin azucar,7791813080022,1850.0,"$1.850,00",20260901
Bebidas,Bebidas,gaseosa paso de los toros pomelo x 500 ml.,7791813420385,1850.0,"$1.850,00",20260901
Bebidas,Bebidas,gaseosa pepsi black x 1.5 lt.,7791813828419,3600.0,"$3.600,00",20260901
Bebidas,Bebidas,gaseosa pepsi black x 2 lt.,7791813828464,3950.0,"$3.950,00",20260901
Bebidas,Bebidas,gaseosa pepsi black x354ml.,7791813828372,1800.0,"$1.800,00",20260901
Bebidas,Bebidas,gaseosa pepsi x 1.5 lt.,7791813888413,3600.0,"$3.600,00",20260901
Bebidas,Bebidas,gaseosa pepsi x 2 lt.,7791813888468,3950.0,"$3.950,00",20260901
Bebidas,Bebidas,gaseosa pepsi x 354 ml lata,7791813888376,1800.0,"$1.800,00",20260901
Bebidas,Bebidas,gaseosa pritty cero x 2.25 lt.,7791913001163,2257.0,"$2.257,00",20260901
Bebidas,Bebidas,"gaseosa pritty limon 1,5 lt.",7791913000265,1714.0,"$1.714,00",20260901
Bebidas,Bebidas,gaseosa pritty limon sin azucar x 3 lt.,7791913005437,2978.0,"$2.978,00",20260901
Bebidas,Bebidas,gaseosa pritty limon x 1 litro,7791913004089,1610.0,"$1.610,00",20260901
Bebidas,Bebidas,"gaseosa pritty limon x 1,5 lt. sin azucar",7791913001170,1714.0,"$1.714,00",20260901
Bebidas,Bebidas,gaseosa pritty limon x 2.25 lt.,7791913000746,2257.0,"$2.257,00",20260901
Bebidas,Bebidas,gaseosa pritty limon x 3 lt.,7791913001040,2978.0,"$2.978,00",20260901
Bebidas,Bebidas,gaseosa pritty limon x 500 ml.,7791913000623,1263.0,"$1.263,00",20260901
Bebidas,Bebidas,gaseosa pritty limon x 500 ml. sin azucar,7791913001187,1263.0,"$1.263,00",20260901
Bebidas,Bebidas,gaseosa schweppes citrus x 1.5 lt.,7790895006722,3890.0,"$3.890,00",20260901
Bebidas,Bebidas,gaseosa schweppes pomelo sin azucar x 310 ml.,7790895643903,1620.0,"$1.620,00",20260901
Bebidas,Bebidas,"gaseosa schweppes pomelo zero x 2,25 lt.",7790895010095,5740.0,"$5.740,00",20260901
Bebidas,Bebidas,gaseosa schweppes x 310 ml ginger ale,7790895002809,1620.0,"$1.620,00",20260901
Bebidas,Bebidas,gaseosa schweppes zero x 1.5 lt. pomelo,7790895010088,3890.0,"$3.890,00",20260901
Bebidas,Bebidas,gaseosa seven up x 1.5 litros no retornable,7791813444411,3600.0,"$3.600,00",20260901
Bebidas,Bebidas,gaseosa seven up x 2 litros,7791813777403,3950.0,"$3.950,00",20260901
Bebidas,Bebidas,gaseosa seven up x 500 ml,7791813444381,1850.0,"$1.850,00",20260901
Bebidas,Bebidas,gaseosa seven up x3l.,7791813444473,5250.0,"$5.250,00",20260901
Bebidas,Bebidas,gaseosa seven up x500ml.sazuc,7791813420583,1850.0,"$1.850,00",20260901
Bebidas,Bebidas,gaseosa sprite x 1.5 lt.,7790895000447,3890.0,"$3.890,00",20260901
Bebidas,Bebidas,gaseosa sprite x 237 ml botella de vidrio,7790895650598,1430.0,"$1.430,00",20260901
Bebidas,Bebidas,gaseosa sprite x 354 ml.,7790895000270,1620.0,"$1.620,00",20260901
Bebidas,Bebidas,gaseosa sprite x 473 ml ice con menta,7790895650468,1814.0,"$1.814,00",20260901
Bebidas,Bebidas,"gaseosa sprite zero x 2,25 lt.",7790895064166,5340.0,"$5.340,00",20260901
Bebidas,Bebidas,gatorade manzana x 500 ml.,7792170042005,2650.0,"$2.650,00",20260901
Bebidas,Bebidas,gatorade naranja x 500 ml.,7792170042012,2650.0,"$2.650,00",20260901
Bebidas,Bebidas,"gatorade x 1,25 ml. cool blue",7792170110704,4800.0,"$4.800,00",20260901
Bebidas,Bebidas,"gatorade x 1,25 ml. frutas tropicales",7792170110568,4800.0,"$4.800,00",20260901
Bebidas,Bebidas,"gatorade x 1,25 ml. manzana",7792170110575,4800.0,"$4.800,00",20260901
Bebidas,Bebidas,"gatorade x 1,25 ml. naranja",7792170110551,4800.0,"$4.800,00",20260901
Bebidas,Bebidas,gatorade x 400 ml zero sabor frutilla kiwi,7791813434016,1850.0,"$1.850,00",20260901
Bebidas,Bebidas,gatorade x 400 ml zero sabor moras,7791813434023,1850.0,"$1.850,00",20260901
Bebidas,Bebidas,gatorade x 500 ml pet fie uva,7792170042241,2650.0,"$2.650,00",20260901
Bebidas,Bebidas,gatorade x 500 ml. cool blue,7792170042258,2650.0,"$2.650,00",20260901
Bebidas,Bebidas,gatorade x 500 ml. frutas tropicales,7792170042029,2650.0,"$2.650,00",20260901
Bebidas,Bebidas,gatorade x 750 ml cool blue,7792170052264,2950.0,"$2.950,00",20260901
Bebidas,Bebidas,gatorade x 750 ml frutas tropicales,7792170052295,2950.0,"$2.950,00",20260901
Bebidas,Bebidas,gatorade x 750 ml sabor manzana,7792170052271,2950.0,"$2.950,00",20260901
Bebidas,Bebidas,gin beefeater blood orange x 700 ml.,5000299618240,37700.08,"$37.700,08",20260901
Bebidas,Bebidas,gin beefeater pink strawberry x 700 ml.,5000299605950,37700.08,"$37.700,08",20260901
Bebidas,Bebidas,gin beefeater x 700 ml.,5000299618417,31718.67,"$31.718,67",20260901
Bebidas,Bebidas,gin bombay sapphire x750ml.,7640175740047,39751.0,"$39.751,00",20260901
Bebidas,Bebidas,gin bosque x 500 ml.,7792798012497,20910.0,"$20.910,00",20260901
Bebidas,Bebidas,gin brighton pink x 700 ml.,7792410544023,15265.0,"$15.265,00",20260901
Bebidas,Bebidas,gin brighton tangerine x 700 ml.,7792410779500,15265.0,"$15.265,00",20260901
Bebidas,Bebidas,gin brighton x700ml.,7792410522717,13878.0,"$13.878,00",20260901
Bebidas,Bebidas,gin ginkgo x 500 ml.,7792798012770,13989.0,"$13.989,00",20260901
Bebidas,Bebidas,gin gordons london dry x 700 ml.,7791250002267,11859.0,"$11.859,00",20260901
Bebidas,Bebidas,gin gordons x 700 ml tropical,7791250801839,12949.0,"$12.949,00",20260901
Bebidas,Bebidas,gin gordon`s pink x 700 ml.,7791250003325,12949.0,"$12.949,00",20260901
Bebidas,Bebidas,gin hendricks x 700 ml.,5010327755014,77066.0,"$77.066,00",20260901
Bebidas,Bebidas,gin heredero pink x 700 ml.,763571806012,14743.0,"$14.743,00",20260901
Bebidas,Bebidas,gin heredero x 700 ml dry gin,714604120612,14743.0,"$14.743,00",20260901
Bebidas,Bebidas,gin heredero x 700 ml.,724751009876,14743.0,"$14.743,00",20260901
Bebidas,Bebidas,gin larios rose x 700 ml.,8411144100402,12184.0,"$12.184,00",20260901
Bebidas,Bebidas,gin larios x700 ml,8411144101157,12184.0,"$12.184,00",20260901
Bebidas,Bebidas,gin rider x 750 ml.,7792798012404,9932.0,"$9.932,00",20260901
Bebidas,Bebidas,gin spirito blu x700ml.,7790290101756,19209.0,"$19.209,00",20260901
Bebidas,Bebidas,gin tanqueray royale x 700 ml.,5000291026548,37189.0,"$37.189,00",20260901
Bebidas,Bebidas,gin tanqueray sevilla x 700 ml.,5000291023462,37189.0,"$37.189,00",20260901
Bebidas,Bebidas,gin tanquerey x 700 ml bossa nova,5000291027729,39666.85,"$39.666,85",20260901
Bebidas,Bebidas,gin tonic gordons x 473 ml lata,7791250003271,2599.0,"$2.599,00",20260901
Bebidas,Bebidas,gin york x 730 ml,7146041206056,8259.0,"$8.259,00",20260901
Bebidas,Bebidas,granadina cusenier x 750 ml.,7792410517348,6076.0,"$6.076,00",20260901
Bebidas,Bebidas,h.s.meet x310ml.mango,7790950142174,1660.0,"$1.660,00",20260901
Bebidas,Bebidas,h.s.meet x310ml.pomelo,7790950142167,1660.0,"$1.660,00",20260901
Bebidas,Bebidas,hesperidina x1lt.,7791090200014,16121.0,"$16.121,00",20260901
Bebidas,Bebidas,jerez el abuelo x750ml.,7790119010535,7100.0,"$7.100,00",20260901
Bebidas,Bebidas,jugo ades naranja x 200 ml.,7790895643750,1246.0,"$1.246,00",20260901
Bebidas,Bebidas,jugo arcor x 1 litro multifruta,7790580150440,1893.4,"$1.893,40",20260901
Bebidas,Bebidas,jugo arcor x 1 litro naranja,7790580150426,1893.4,"$1.893,40",20260901
Bebidas,Bebidas,jugo arcor x 1 litro sabor manzana,7790580150433,1893.4,"$1.893,40",20260901
Bebidas,Bebidas,jugo arcor x 200 ml sabor naranja,7790580150396,631.0,"$631,00",20260901
Bebidas,Bebidas,jugo bc la campagnola x 1 lt. manzana,7793360106040,2356.0,"$2.356,00",20260901
Bebidas,Bebidas,jugo bc la campagnola x 1 lt. naranja,7790580154219,2356.0,"$2.356,00",20260901
Bebidas,Bebidas,jugo bc la campagnola x 500 ml. manzana,7790040110397,1011.0,"$1.011,00",20260901
Bebidas,Bebidas,jugo cepita anana botella x 1 lt.,7790895642470,2863.0,"$2.863,00",20260901
Bebidas,Bebidas,jugo cepita anana x 1.5 lt.,7790895641749,3849.0,"$3.849,00",20260901
Bebidas,Bebidas,jugo cepita anana-mandarina x 300 ml.,7790895649271,1483.0,"$1.483,00",20260901
Bebidas,Bebidas,"jugo cepita botella x 1,5 lt. durazno",7790895641534,3849.0,"$3.849,00",20260901
Bebidas,Bebidas,jugo cepita botella x 1.5 lt. naranja,7790895641800,3849.0,"$3.849,00",20260901
Bebidas,Bebidas,jugo cepita botella x 300 ml sabor anana,7790895641732,1483.0,"$1.483,00",20260901
Bebidas,Bebidas,jugo cepita de durazno x300 ml.,7790895641541,1483.0,"$1.483,00",20260901
Bebidas,Bebidas,jugo cepita durazno x 1 lt.,7790895009846,2863.0,"$2.863,00",20260901
Bebidas,Bebidas,jugo cepita manzana botella x 1 lt.,7790895009853,2863.0,"$2.863,00",20260901
Bebidas,Bebidas,jugo cepita manzana x 1 lt.,7790895647017,2863.0,"$2.863,00",20260901
Bebidas,Bebidas,jugo cepita manzana x 200 ml.,7790895000720,1089.0,"$1.089,00",20260901
Bebidas,Bebidas,jugo cepita multifruta x 1 lt.,7790895647123,2863.0,"$2.863,00",20260901
Bebidas,Bebidas,jugo cepita multifruta x 200 ml.,7790895000737,1089.0,"$1.089,00",20260901
Bebidas,Bebidas,jugo cepita naranja x 1 lt.,7790895009815,2863.0,"$2.863,00",20260901
Bebidas,Bebidas,jugo cepita naranja x 1 lt.,7790895646560,2863.0,"$2.863,00",20260901
Bebidas,Bebidas,jugo cepita naranja x 200 ml.,7790895641596,1089.0,"$1.089,00",20260901
Bebidas,Bebidas,jugo cepita naranja x 300 ml.,7790895641794,1483.0,"$1.483,00",20260901
Bebidas,Bebidas,jugo cepita x 200 ml. durazno,7790895002991,1089.0,"$1.089,00",20260901
Bebidas,Bebidas,jugo citric durazno x 1 lt.,7798085681933,5505.0,"$5.505,00",20260901
Bebidas,Bebidas,jugo citric frutilla x 1 lt.,7798085681957,5505.0,"$5.505,00",20260901
Bebidas,Bebidas,jugo citric manzana x 1 lt.,7798085681537,5427.0,"$5.427,00",20260901
Bebidas,Bebidas,"jugo citric naranja x 1,5 lt.",7798085681841,7254.0,"$7.254,00",20260901
Bebidas,Bebidas,jugo citric naranja x 250 ml.,7798085681445,1603.0,"$1.603,00",20260901
Bebidas,Bebidas,jugo citric naranja x 5 lt.,7798085681506,20497.0,"$20.497,00",20260901
Bebidas,Bebidas,jugo citric naranja x 500 ml.,7798085681452,2902.0,"$2.902,00",20260901
Bebidas,Bebidas,jugo citric naranja x 750 ml.,7798085681469,3747.0,"$3.747,00",20260901
Bebidas,Bebidas,jugo citric naranja-frutilla x 500 ml.,7798085681605,2902.0,"$2.902,00",20260901
Bebidas,Bebidas,jugo citric naranja-mango x 1 lt.,7798085681971,5505.0,"$5.505,00",20260901
Bebidas,Bebidas,jugo citric naranja-mango x 500 ml.,7798085681612,2902.0,"$2.902,00",20260901
Bebidas,Bebidas,jugo citric pomelo x 1 lt.,7798085681995,5505.0,"$5.505,00",20260901
Bebidas,Bebidas,jugo citric pomelo x 500 ml.,7798085681575,2902.0,"$2.902,00",20260901
Bebidas,Bebidas,jugo citric x 1 litro naranja durazno,7798085681544,5505.0,"$5.505,00",20260901
Bebidas,Bebidas,jugo citric x 1 litro sin pulpa,7798085681568,5012.0,"$5.012,00",20260901
Bebidas,Bebidas,jugo citric x 1 lt. limonada con menta,7798085681209,2568.0,"$2.568,00",20260901
Bebidas,Bebidas,jugo citric x 1 lt. pomelo con menta y jengibre,7798085681216,2568.0,"$2.568,00",20260901
Bebidas,Bebidas,jugo citric x 200 ml kids naranja,7798085682091,1297.0,"$1.297,00",20260901
Bebidas,Bebidas,jugo citric x 3 litros naranja,7798085681490,14151.0,"$14.151,00",20260901
Bebidas,Bebidas,jugo citric x 500 gm limonada sabor menta,7798085681223,1458.0,"$1.458,00",20260901
Bebidas,Bebidas,jugo citric x 500 ml pomelo con sabor a  menta,7798085681230,1458.0,"$1.458,00",20260901
Bebidas,Bebidas,jugo citric x500cc.limon,7798085681582,2784.0,"$2.784,00",20260901
Bebidas,Bebidas,jugo citric x500cc.manzana,7798085681636,2902.0,"$2.902,00",20260901
Bebidas,Bebidas,jugo citric x500cc.nja-dzno,7798085681599,2902.0,"$2.902,00",20260901
Bebidas,Bebidas,jugo cligh pomelada hibiscus x 8 gm,7622202359927,703.0,"$703,00",20260901
Bebidas,Bebidas,jugo clight arandano x8gr.,7622202236846,703.0,"$703,00",20260901
Bebidas,Bebidas,jugo clight limo rosa x7.5gr,7622201682026,703.0,"$703,00",20260901
Bebidas,Bebidas,jugo clight limonada x7gr.,7622201702656,703.0,"$703,00",20260901
Bebidas,Bebidas,jugo clight manzana deliciosa x 7 gr.,7622201703080,703.0,"$703,00",20260901
Bebidas,Bebidas,jugo clight pera x7gr.,7622201703202,703.0,"$703,00",20260901
Bebidas,Bebidas,jugo clight pomelo rosado 7gr.,7622201703172,703.0,"$703,00",20260901
Bebidas,Bebidas,jugo en polvo arcor 3 frutas x 15 gr.,7790580143824,391.0,"$391,00",20260901
Bebidas,Bebidas,jugo en polvo arcor anana x 15 gr.,7790580141516,391.0,"$391,00",20260901
Bebidas,Bebidas,jugo en polvo arcor frutilla x 15 gr.,7790580143244,391.0,"$391,00",20260901
Bebidas,Bebidas,jugo en polvo arcor manzana x 15 gr.,7790580144142,391.0,"$391,00",20260901
Bebidas,Bebidas,jugo en polvo arcor naranja dulce x 15 gr.,7790580143008,391.0,"$391,00",20260901
Bebidas,Bebidas,jugo en polvo arcor naranja x 15 gr.,7790580144296,391.0,"$391,00",20260901
Bebidas,Bebidas,jugo en polvo arcor naranja-banana x 15 gr.,7790580141509,391.0,"$391,00",20260901
Bebidas,Bebidas,jugo en polvo arcor naranja-mango x 15 gr.,7790580143763,391.0,"$391,00",20260901
Bebidas,Bebidas,jugo en polvo bc mango-naranja x 7 gr.,7790580129958,391.0,"$391,00",20260901
Bebidas,Bebidas,jugo en polvo bc mix frutal x 7 gm,7790580129385,391.0,"$391,00",20260901
Bebidas,Bebidas,jugo en polvo bc pomelo amarillo x 7 gr.,7790580129576,391.0,"$391,00",20260901
Bebidas,Bebidas,jugo en polvo bc x 7 gm sabor manzana,7790580131814,391.0,"$391,00",20260901
Bebidas,Bebidas,jugo en polvo clight anana x 7 gr.,7622201702625,702.0,"$702,00",20260901
Bebidas,Bebidas,"jugo en polvo clight limonada-maracuya x 7,5 gr.",7622201733834,703.0,"$703,00",20260901
Bebidas,Bebidas,jugo en polvo clight mandarina x 8 gr.,7622201704148,703.0,"$703,00",20260901
Bebidas,Bebidas,"jugo en polvo clight manzana verde x 7,5 gr.",7622201703059,703.0,"$703,00",20260901
Bebidas,Bebidas,jugo en polvo clight naranja dulce x 7 gr.,7622201703141,703.0,"$703,00",20260901
Bebidas,Bebidas,jugo en polvo clight naranja-durazno x 7 gr.,7622201702717,703.0,"$703,00",20260901
Bebidas,Bebidas,jugo en polvo clight naranja-mango x 7 gr.,7622201702687,703.0,"$703,00",20260901
Bebidas,Bebidas,jugo en polvo clight x 7 gr. sabor naranja,7622201703110,703.0,"$703,00",20260901
Bebidas,Bebidas,jugo en polvo tang multifruta x 15 gr.,7622201735715,665.0,"$665,00",20260901
Bebidas,Bebidas,jugo en polvo tang naranja-durazno x 15 gr.,7622201745707,665.0,"$665,00",20260901
Bebidas,Bebidas,jugo en polvo tang x 15 gr. frutilla,7622201746490,665.0,"$665,00",20260901
Bebidas,Bebidas,jugo en polvo tang x 15 gr. naranja,7622201705961,665.0,"$665,00",20260901
Bebidas,Bebidas,jugo en polvo verao manzana x 7 gr.,7622201717445,351.0,"$351,00",20260901
Bebidas,Bebidas,jugo en polvo verao naranja x 7 gr.,7622201717414,351.0,"$351,00",20260901
Bebidas,Bebidas,jugo en polvo verao rinde 2 litros x 12 gr multifruta,7622202259876,630.81,"$630,81",20260901
Bebidas,Bebidas,jugo en polvo verao rinde 2 litros x 12 gr sabor naranja,7622202259753,630.81,"$630,81",20260901
Bebidas,Bebidas,jugo polvo arcor durazno x15g,7790580142766,391.0,"$391,00",20260901
Bebidas,Bebidas,jugo polvo arcor limonada x15g,7790580143527,391.0,"$391,00",20260901
Bebidas,Bebidas,jugo polvo arcor multifr.x15g,7790580142490,391.0,"$391,00",20260901
Bebidas,Bebidas,jugo polvo arcor nar-dur.x15gr,7790580144326,391.0,"$391,00",20260901
Bebidas,Bebidas,jugo polvo arcor pom.ros.x15g,7790580142285,391.0,"$391,00",20260901
Bebidas,Bebidas,jugo polvo bc anana x78gr.,7790580129620,391.0,"$391,00",20260901
Bebidas,Bebidas,jugo polvo bc frut-limon x7gr.,7790580129637,362.0,"$362,00",20260901
Bebidas,Bebidas,jugo polvo bc limonada x7gr.,7790580129941,362.0,"$362,00",20260901
Bebidas,Bebidas,jugo polvo bc naranja x7gr.,7790580132774,362.0,"$362,00",20260901
Bebidas,Bebidas,jugo polvo bc nja.dce.x7gr.,7790580129965,391.0,"$391,00",20260901
Bebidas,Bebidas,jugo polvo bc pomelo rosa x7gr,7790580129644,391.0,"$391,00",20260901
Bebidas,Bebidas,jugo tang anana 18grs,7622201745967,665.0,"$665,00",20260901
Bebidas,Bebidas,jugo tang banana 15gr.,7622201735777,665.0,"$665,00",20260901
Bebidas,Bebidas,jugo tang durazno x15gr.,7622201745936,665.0,"$665,00",20260901
Bebidas,Bebidas,jugo tang galactico x 15 gm,7622202311475,666.0,"$666,00",20260901
Bebidas,Bebidas,jugo tang limon dulce 15gr.,7622201735685,665.0,"$665,00",20260901
Bebidas,Bebidas,jugo tang mandarina x 15 gm,7622201733865,665.0,"$665,00",20260901
Bebidas,Bebidas,jugo tang manzana 18grs,7622201705992,665.0,"$665,00",20260901
Bebidas,Bebidas,jugo tang mix naranja lima x 15 gm,7622201746018,665.0,"$665,00",20260901
Bebidas,Bebidas,jugo tang naranja dulce x15gr.,7622201735340,665.0,"$665,00",20260901
Bebidas,Bebidas,jugo tang naranja-mango x15gr.,7622201735371,665.0,"$665,00",20260901
Bebidas,Bebidas,jugo tang pera x15gr.,7622201745738,665.0,"$665,00",20260901
Bebidas,Bebidas,jugo tang pomelo rosado 15gr.,7622201735746,665.0,"$665,00",20260901
Bebidas,Bebidas,jugo tang uva 15gr.,7622201746117,665.0,"$665,00",20260901
Bebidas,Bebidas,jugo verao naranja-durazno x7g,7622201717476,351.0,"$351,00",20260901
Bebidas,Bebidas,jugo zummy disney x 90 gm manzanadurazno,7798262020043,1432.0,"$1.432,00",20260901
Bebidas,Bebidas,levite x 500 ml cero manzana,7790315100184,2509.0,"$2.509,00",20260901
Bebidas,Bebidas,licor cusenier huevo x 700 ml.,7792410008051,8599.28,"$8.599,28",20260901
Bebidas,Bebidas,licor cusenier x 700 ml. blue curacao,7792410008228,7589.0,"$7.589,00",20260901
Bebidas,Bebidas,licor cusenier x 750 ml cacao espeso,7792410779722,13749.0,"$13.749,00",20260901
Bebidas,Bebidas,licor cusenier x 750 ml especial pistacho,7792410779739,13749.0,"$13.749,00",20260901
Bebidas,Bebidas,licor cusenier x 750 ml irish cream,7792410779715,13749.0,"$13.749,00",20260901
Bebidas,Bebidas,licor cusenier x700ml.chocolat,7792410008105,8599.28,"$8.599,28",20260901
Bebidas,Bebidas,licor cusenier x700ml.d.leche,7792410008006,8599.28,"$8.599,28",20260901
Bebidas,Bebidas,licor cusenier x700ml.frutilla,7792410008655,7589.0,"$7.589,00",20260901
Bebidas,Bebidas,licor cusenier x700ml.melon,7792410008532,8599.28,"$8.599,28",20260901
Bebidas,Bebidas,licor de crema irlandesa baileys x 750 ml.,5011013100132,35599.0,"$35.599,00",20260901
Bebidas,Bebidas,licor de menta cusenier x 700 ml.,7792410008259,8599.28,"$8.599,28",20260901
Bebidas,Bebidas,licor drambuie x 750 ml,5010391100758,65319.0,"$65.319,00",20260901
Bebidas,Bebidas,licor fino amarula x 750 ml.,6001495062508,35808.27,"$35.808,27",20260901
Bebidas,Bebidas,licor fino de cafe borghetti x 700 ml.,7790290000332,20033.0,"$20.033,00",20260901
Bebidas,Bebidas,licor jagermeister x 700 ml,4067700014559,38475.0,"$38.475,00",20260901
Bebidas,Bebidas,licor strega limone x 700 ml.,8009265337410,38023.0,"$38.023,00",20260901
Bebidas,Bebidas,marsala el abuelo x750ml.,7790119010528,7100.0,"$7.100,00",20260901
Bebidas,Bebidas,moscato el abuelo x 750 ml.,7790119010542,7100.0,"$7.100,00",20260901
Bebidas,Bebidas,moscato promesa x 750 ml.,7790314072505,6088.0,"$6.088,00",20260901
Bebidas,Bebidas,mumm cuvee reserve demi sec,7791560074077,12497.25,"$12.497,25",20260901
Bebidas,Bebidas,pack 2 copas stella x 300 ml,7792798010158,36000.0,"$36.000,00",20260901
Bebidas,Bebidas,pepsi x 3 litros,7791813888475,5250.0,"$5.250,00",20260901
Bebidas,Bebidas,pepsi x 500 black,7791813828365,1850.0,"$1.850,00",20260901
Bebidas,Bebidas,pepsi x 500 ml,7791813888406,1850.0,"$1.850,00",20260901
Bebidas,Bebidas,pisco control original x 750 ml.,7802175453635,29908.0,"$29.908,00",20260901
Bebidas,Bebidas,pisco especial mistral x 750 ml,7802175001065,29908.0,"$29.908,00",20260901
Bebidas,Bebidas,pisco mistral nobel x 750 ml,7802175453253,29907.0,"$29.907,00",20260901
Bebidas,Bebidas,powerade frutas topicales x 500 ml.,7790895641183,2390.0,"$2.390,00",20260901
Bebidas,Bebidas,powerade frutas tropicales x 995 ml.,7790895006104,3690.0,"$3.690,00",20260901
Bebidas,Bebidas,powerade manzana x 500 ml.,7790895640018,2390.0,"$2.390,00",20260901
Bebidas,Bebidas,powerade manzana x 995 ml.,7790895006036,3690.0,"$3.690,00",20260901
Bebidas,Bebidas,powerade mora x 995 ml.,7790895006029,3690.0,"$3.690,00",20260901
Bebidas,Bebidas,powerade naranja x 500 ml.,7790895640032,2390.0,"$2.390,00",20260901
Bebidas,Bebidas,powerade uva x 500 ml.,7790895648687,2390.0,"$2.390,00",20260901
Bebidas,Bebidas,powerade x 500 ml cool citrus,7790895651489,2390.0,"$2.390,00",20260901
Bebidas,Bebidas,powerade x 500 ml mountain blast,7790895640025,2390.0,"$2.390,00",20260901
Bebidas,Bebidas,pronto shake x 473 ml.,7790950610574,2401.0,"$2.401,00",20260901
Bebidas,Bebidas,pronto x1lt.shake,7790950146639,4558.0,"$4.558,00",20260901
Bebidas,Bebidas,pulpa de fruta zummy ciruela pouch x 110 gr,7798262020234,1506.0,"$1.506,00",20260901
Bebidas,Bebidas,pulpa de fruta zummy disney manzana x 90 gr,7798262020036,1432.0,"$1.432,00",20260901
Bebidas,Bebidas,pulpa de fruta zummy disney manzanafrutillax,7798262020340,1432.0,"$1.432,00",20260901
Bebidas,Bebidas,pulpa de fruta zummy disney mix frutal x 90 g,7798262020135,1432.0,"$1.432,00",20260901
Bebidas,Bebidas,pulpa de fruta zummy disney pera x 90 gr,7798262020104,1432.0,"$1.432,00",20260901
Bebidas,Bebidas,pulpa de fruta zummy manzana pouch x 110 gr,7798262020180,1506.0,"$1.506,00",20260901
Bebidas,Bebidas,red bull x250ml.fruta dragon,9002490268640,3576.0,"$3.576,00",20260901
Bebidas,Bebidas,ron bacardi carta de oro x 750 ml.,7501008604014,23710.0,"$23.710,00",20260901
Bebidas,Bebidas,ron havana club x750ml.3anos,8501110080248,16299.0,"$16.299,00",20260901
Bebidas,Bebidas,ron malibu x 750 ml.,7891050004741,20356.37,"$20.356,37",20260901
Bebidas,Bebidas,sidra 1888 rose x 750 ml.,7790119010474,15650.0,"$15.650,00",20260901
Bebidas,Bebidas,sidra 1888 saenz briones x 473 ml.,7790119010917,4400.0,"$4.400,00",20260901
Bebidas,Bebidas,sidra 1888 saenz briones x 473 ml. rose,7790119010931,4850.0,"$4.850,00",20260901
Bebidas,Bebidas,sidra 1930 demi sec x 750 ml.,7790154000485,7900.0,"$7.900,00",20260901
Bebidas,Bebidas,sidra 1930 dolce x 750 ml.,7790154008078,7900.0,"$7.900,00",20260901
Bebidas,Bebidas,sidra dada x 750 ml,7791540000218,7649.0,"$7.649,00",20260901
Bebidas,Bebidas,sidra la victoria etiqueta blanca x 720 ml.,7792316001019,4750.0,"$4.750,00",20260901
Bebidas,Bebidas,sidra patagonia isidra x 750 ml.,7792798012633,9063.0,"$9.063,00",20260901
Bebidas,Bebidas,sidra real etiqueta negra x 750 ml.,7790119002509,8050.0,"$8.050,00",20260901
Bebidas,Bebidas,sidra real x 750 ml citrus,7790119011105,6367.0,"$6.367,00",20260901
Bebidas,Bebidas,sidra real x 750 ml. etiqueta blanca,7790119009881,5950.0,"$5.950,00",20260901
Bebidas,Bebidas,sidra saenz briones 1888 x 750 ml.,7790119002370,13600.0,"$13.600,00",20260901
Bebidas,Bebidas,"soda asuncion tapa rosca x 2,25 lt.",7798340590048,1302.0,"$1.302,00",20260901
Bebidas,Bebidas,soda asuncion x 2 lt. sifon,7798340590031,1736.0,"$1.736,00",20260901
Bebidas,Bebidas,"soda saldan x 1,5 lt.",7791913000333,1436.0,"$1.436,00",20260901
Bebidas,Bebidas,soda saldan x 2 lt. sifon,7791913000753,1725.0,"$1.725,00",20260901
Bebidas,Bebidas,soda saldan x 2.25 lt.,7791913000814,1533.0,"$1.533,00",20260901
Bebidas,Bebidas,tequila jose cuervo especial x 750 ml.,7501035042322,53715.0,"$53.715,00",20260901
Bebidas,Bebidas,v.las perdices x750ml.malbec,7798123970098,9500.0,"$9.500,00",20260901
Bebidas,Bebidas,vds levite x500ml.naranja,7798062548655,2509.0,"$2.509,00",20260901
Bebidas,Bebidas,vds levite x500ml.pomelo,7799155001385,2509.0,"$2.509,00",20260901
Bebidas,Bebidas,vermouth carpano x950ml.bianco,7790290008291,10918.0,"$10.918,00",20260901
Bebidas,Bebidas,vermouth carpano x950ml.rosso,7790290008192,10918.0,"$10.918,00",20260901
Bebidas,Bebidas,vermouth martini bianco x 995ml.,7630040411035,11562.0,"$11.562,00",20260901
Bebidas,Bebidas,vermouth martini extra dry x 1 lt.,7790950134827,14120.0,"$14.120,00",20260901
Bebidas,Bebidas,vermouth martini x995ml.rosso,7630040411028,8778.0,"$8.778,00",20260901
Bebidas,Bebidas,vermut pichincha x 750 ml tinto,720665925271,19867.0,"$19.867,00",20260901
Bebidas,Bebidas,villa del sur agua levite x 2.25 litros pomelo amarillo,7798062540284,4333.0,"$4.333,00",20260901
Bebidas,Bebidas,"villa del sur levite cero x 1,5 lt. naranja",7790315000934,3535.0,"$3.535,00",20260901
Bebidas,Bebidas,villa del sur levite pomelo x 500 ml,7798062548686,2509.0,"$2.509,00",20260901
Bebidas,Bebidas,villa del sur levite x 1.5 litros limonada,7799155001699,3535.0,"$3.535,00",20260901
Bebidas,Bebidas,vino,7791670026959,9779.0,"$9.779,00",20260901
Bebidas,Bebidas,vino aime x 750 ml rose,7790070760524,4339.0,"$4.339,00",20260901
Bebidas,Bebidas,vino alma mora cabernet sauvignon x 750 ml.,7790240042085,4999.0,"$4.999,00",20260901
Bebidas,Bebidas,vino alma mora chardonay x 750 ml.,7790240042115,4999.0,"$4.999,00",20260901
Bebidas,Bebidas,vino alma mora malbec x 750 ml.,7790240042108,4999.0,"$4.999,00",20260901
Bebidas,Bebidas,vino alma mora reserva x 750 ml blend,7791540049767,6009.0,"$6.009,00",20260901
Bebidas,Bebidas,vino alma mora reserva x 7850 ml malbec,7791540044106,6009.0,"$6.009,00",20260901
Bebidas,Bebidas,vino alma mora syrah x 750 ml.,7790240042092,4999.0,"$4.999,00",20260901
Bebidas,Bebidas,vino alma mora x 750 ml blanco dulce,7791540000164,4999.0,"$4.999,00",20260901
Bebidas,Bebidas,vino alma mora x 750 ml blend blanco,7791540045738,6640.4,"$6.640,40",20260901
Bebidas,Bebidas,vino alma mora x 750 ml blend tinto,7791540045721,4999.0,"$4.999,00",20260901
Bebidas,Bebidas,vino alma mora x 750 ml. rosado de syrah,7791540044557,4819.0,"$4.819,00",20260901
Bebidas,Bebidas,vino amenni rosado x 750 ml.,7790314011023,6084.0,"$6.084,00",20260901
Bebidas,Bebidas,vino amenni x 750 ml blanco,7790314011016,6084.0,"$6.084,00",20260901
Bebidas,Bebidas,vino argento res.x750ml.cab.fr,7798130462425,8533.0,"$8.533,00",20260901
Bebidas,Bebidas,vino argento res.x750ml.malbec,7798159560232,8533.0,"$8.533,00",20260901
Bebidas,Bebidas,vino benj.nieto x750ml.malbec,7790070760579,4499.0,"$4.499,00",20260901
Bebidas,Bebidas,vino benj.nieto x750ml.syrah,7790070760586,4499.0,"$4.499,00",20260901
Bebidas,Bebidas,vino benjamin  nieto x 750 ml blanco dulce,7790070760623,4699.0,"$4.699,00",20260901
Bebidas,Bebidas,vino benjamin nieto cabernet sauvignon x 750 ml.,7790070760562,4499.0,"$4.499,00",20260901
Bebidas,Bebidas,vino benjamin nieto rosado dulce x 750 ml.,7790070760630,4699.0,"$4.699,00",20260901
Bebidas,Bebidas,vino benjamin nieto senetiner x 750 ml. merlot,7790070760609,4499.0,"$4.499,00",20260901
Bebidas,Bebidas,vino benjamin nieto senetiner x 750 ml. torrontes,7790070760678,4699.0,"$4.699,00",20260901
Bebidas,Bebidas,vino benjamin nieto tempranillo x 750 ml.,7790070760593,4499.0,"$4.499,00",20260901
Bebidas,Bebidas,vino benjamin nieto x 750 ml malbec-cabernet,7790070760647,4499.0,"$4.499,00",20260901
Bebidas,Bebidas,vino benjamin nieto x 750 ml sauvignon blanc,7790070760661,4699.0,"$4.699,00",20260901
Bebidas,Bebidas,vino blanco aime chardonnay x 750 ml.,7790070760517,3679.0,"$3.679,00",20260901
Bebidas,Bebidas,vino blanco alamos seleccion x 750 ml. chardonnay,7794450000804,8994.0,"$8.994,00",20260901
Bebidas,Bebidas,vino blanco alma mora dulce viognier x 750 ml.,7791540044540,4999.0,"$4.999,00",20260901
Bebidas,Bebidas,vino blanco altos del plata chardonnay x 750 ml.,7790975017037,10623.0,"$10.623,00",20260901
Bebidas,Bebidas,vino blanco benjamin nieto chardonnay x 750 ml.,7790070760555,4699.0,"$4.699,00",20260901
Bebidas,Bebidas,vino blanco cafayate dulce tardio x 750 ml.,7790093521805,6332.0,"$6.332,00",20260901
Bebidas,Bebidas,vino blanco callia amable tardio x 750 ml.,7798108834155,5452.0,"$5.452,00",20260901
Bebidas,Bebidas,vino blanco callia chardonnay x 750 ml.,7798108834018,4099.0,"$4.099,00",20260901
Bebidas,Bebidas,"vino blanco canciller blend x 1,125 ml.",7790314080463,2980.0,"$2.980,00",20260901
Bebidas,Bebidas,vino blanco canciller reserva chardonnay x 750 ml.,7790314009204,5359.0,"$5.359,00",20260901
Bebidas,Bebidas,vino blanco chac chac x269 ml sauvignon blanc,7798123973068,3500.0,"$3.500,00",20260901
Bebidas,Bebidas,vino blanco colon selecto dulce fresco x 750 ml.,7790168903895,6162.0,"$6.162,00",20260901
Bebidas,Bebidas,vino blanco colon selecto x 750 ml. chardonnay,7790168903802,5398.0,"$5.398,00",20260901
Bebidas,Bebidas,vino blanco colon torrontes-viognier x 750 ml.,7790168904465,4845.0,"$4.845,00",20260901
Bebidas,Bebidas,vino blanco conejo verde blanc de blancs x 750 ml.,7791843020753,4569.0,"$4.569,00",20260901
Bebidas,Bebidas,vino blanco contracara x 750 ml. chardonnay,7798108833424,7808.0,"$7.808,00",20260901
Bebidas,Bebidas,vino blanco cruz alta chardonnay x 750 ml.,7790577005050,7715.39,"$7.715,39",20260901
Bebidas,Bebidas,vino blanco dada low x 750 ml sweet white,7791540000867,6823.65,"$6.823,65",20260901
Bebidas,Bebidas,vino blanco dada x 750 ml. malbec white,7791540054020,6824.0,"$6.824,00",20260901
Bebidas,Bebidas,vino blanco dante robino blend roble x 750 ml.,7790717153856,15184.0,"$15.184,00",20260901
Bebidas,Bebidas,vino blanco doaa paula x 750 ml sauvignon blanc,7798090160935,10570.63,"$10.570,63",20260901
Bebidas,Bebidas,vino blanco dolores x 750 ml. chardonnay,7791250002595,7354.0,"$7.354,00",20260901
Bebidas,Bebidas,vino blanco don valentin lacrado torrontes x 750 .,7790703205101,6228.0,"$6.228,00",20260901
Bebidas,Bebidas,vino blanco don valentin lacrado x 750 ml.,7790703204982,4604.0,"$4.604,00",20260901
Bebidas,Bebidas,vino blanco dulce benjamin cosecha tardia x 750 m.,7793440000619,6488.0,"$6.488,00",20260901
Bebidas,Bebidas,vino blanco dulce natural dilema x 750 ml.,7790314079726,4620.0,"$4.620,00",20260901
Bebidas,Bebidas,vino blanco el bautismo x 750 ml. blend,7791540049934,4892.0,"$4.892,00",20260901
Bebidas,Bebidas,vino blanco elementos x 750 ml. torrontes dulce,7798136300387,6244.0,"$6.244,00",20260901
Bebidas,Bebidas,vino blanco emilia cabernet sauvignon x 750 ml.,7790070760791,5599.0,"$5.599,00",20260901
Bebidas,Bebidas,vino blanco emilia chardonnay x 750 ml.,7790070760746,5599.0,"$5.599,00",20260901
Bebidas,Bebidas,vino blanco esmeralda x 750 ml. chardonnay,7794450941275,6405.0,"$6.405,00",20260901
Bebidas,Bebidas,vino blanco estancia mendoza chenin-chardonnay x 7,7790314075308,4440.0,"$4.440,00",20260901
Bebidas,Bebidas,vino blanco estancia mendoza x 750 ml. chardonnay,7790314080173,4440.0,"$4.440,00",20260901
Bebidas,Bebidas,vino blanco estate chardonnay x 750 ml.,7791843009178,4599.0,"$4.599,00",20260901
Bebidas,Bebidas,vino blanco estiba i chardonnay x 750 ml.,7794450090973,5134.0,"$5.134,00",20260901
Bebidas,Bebidas,vino blanco etchart privado torrontes x 750 ml.,7790093132728,5398.58,"$5.398,58",20260901
Bebidas,Bebidas,vino blanco eugenio bustos leyenda x 750 ml. chard,7798141877560,6707.0,"$6.707,00",20260901
Bebidas,Bebidas,vino blanco eugenio bustos x 750 ml. dulce,7798141877638,6214.0,"$6.214,00",20260901
Bebidas,Bebidas,vino blanco fair for life chardonnay x 750 ml.,7791540054280,6580.0,"$6.580,00",20260901
Bebidas,Bebidas,vino blanco famiglia bianchi blend x 750 ml.,7790703199158,6167.0,"$6.167,00",20260901
Bebidas,Bebidas,vino blanco familia gascon dulce natural x 750 ml.,7790415000469,6679.0,"$6.679,00",20260901
Bebidas,Bebidas,vino blanco familia gascos x 375 ml chardonnay,7790415002432,5720.02,"$5.720,02",20260901
Bebidas,Bebidas,vino blanco finca las moras x 750 ml sauvignon blanc,7790240041675,4893.0,"$4.893,00",20260901
Bebidas,Bebidas,vino blanco finca las moras x 750 ml. dulce naturl,7791540047909,4893.0,"$4.893,00",20260901
Bebidas,Bebidas,vino blanco finca magnolia x 750 ml. dulce,7790314077654,5422.0,"$5.422,00",20260901
Bebidas,Bebidas,vino blanco killka chardonnay x 750 ml.,7798074865115,6799.0,"$6.799,00",20260901
Bebidas,Bebidas,vino blanco la celia pioneer chardonnay x 750 ml.,7798081660406,12538.0,"$12.538,00",20260901
Bebidas,Bebidas,vino blanco la celia reserva x 750 ml. pinot grigo,7798141877140,9171.0,"$9.171,00",20260901
Bebidas,Bebidas,vino blanco las perdices reserva x 750 ml. chardoy,7798123970685,14500.0,"$14.500,00",20260901
Bebidas,Bebidas,vino blanco latitud 33 chardonnay x 750 ml.,7790975204123,7181.0,"$7.181,00",20260901
Bebidas,Bebidas,vino blanco lopez dulce natural x 750 ml.,7790336030262,8530.64,"$8.530,64",20260901
Bebidas,Bebidas,vino blanco lopez semillon x 750 ml.,7790336030514,6982.87,"$6.982,87",20260901
Bebidas,Bebidas,vino blanco los cardos x 750 ml dulce sauvignon blanc,7798090163844,6369.0,"$6.369,00",20260901
Bebidas,Bebidas,vino blanco los cardos x 750 ml sauvignon blanc,7798090160232,6369.0,"$6.369,00",20260901
Bebidas,Bebidas,vino blanco los haroldos estate sauvignon blanc x.,7791843009192,4599.0,"$4.599,00",20260901
Bebidas,Bebidas,vino blanco los pasos dulce x 750 ml.,7798078238250,6084.0,"$6.084,00",20260901
Bebidas,Bebidas,vino blanco marlo dulce x 750 ml.,7790703205224,5134.0,"$5.134,00",20260901
Bebidas,Bebidas,vino blanco navarro correas col.privada x 750 ml.,7791250001727,9398.0,"$9.398,00",20260901
Bebidas,Bebidas,vino blanco navarro correas reserva x 750 ml. chay,7790649000204,11308.0,"$11.308,00",20260901
Bebidas,Bebidas,vino blanco new age x 750 ml.,7790703205293,5134.0,"$5.134,00",20260901
Bebidas,Bebidas,vino blanco nieto senetiner 0 % alcohol x 750 ml  chardonay,7790070104847,15058.0,"$15.058,00",20260901
Bebidas,Bebidas,vino blanco norton cosecha tardia x 750 ml.,7792319972248,5649.0,"$5.649,00",20260901
Bebidas,Bebidas,vino blanco norton reserva chardonnay x 750 ml.,7792319972811,11857.0,"$11.857,00",20260901
Bebidas,Bebidas,vino blanco norton seleccion x 750 ml. sauvignon b,7792319971128,7769.0,"$7.769,00",20260901
Bebidas,Bebidas,vino blanco novecento blend x 750 ml.,7790717153771,4758.0,"$4.758,00",20260901
Bebidas,Bebidas,vino blanco partridge x 750 ml. blend dulce,7798123971552,6900.0,"$6.900,00",20260901
Bebidas,Bebidas,vino blanco pascual toso sauvingon blanc x 750 ml.,7791670026942,9779.0,"$9.779,00",20260901
Bebidas,Bebidas,vino blanco portillo x 750ml dulce natural,7798074864873,4969.0,"$4.969,00",20260901
Bebidas,Bebidas,vino blanco putruele x 500 ml tradio de abril,7797942007534,4899.0,"$4.899,00",20260901
Bebidas,Bebidas,vino blanco resero tetra x 1 lt.,7790314057021,2324.0,"$2.324,00",20260901
Bebidas,Bebidas,vino blanco resrve trivento x 750 ml chardonay,7798039590182,9079.0,"$9.079,00",20260901
Bebidas,Bebidas,vino blanco ruca malen capitulo 2 x 750 ml chardonay,7790070651075,18757.84,"$18.757,84",20260901
Bebidas,Bebidas,vino blanco santa julia chenin dulce natural x 355,7791728237160,3608.0,"$3.608,00",20260901
Bebidas,Bebidas,vino blanco santa julia x 750 ml pinot grigio,7791728247824,6114.7,"$6.114,70",20260901
Bebidas,Bebidas,vino blanco santa julia x 750 ml. chardonnay dulce,7791728247091,7200.0,"$7.200,00",20260901
Bebidas,Bebidas,vino blanco santa julia x 750 ml. sauvignon blanc,7791728247817,6115.0,"$6.115,00",20260901
Bebidas,Bebidas,vino blanco simona dulce x 750 ml.,7790314063954,7359.0,"$7.359,00",20260901
Bebidas,Bebidas,vino blanco suter etiqueta marron x 750 ml. dulce,7790704000088,4371.0,"$4.371,00",20260901
Bebidas,Bebidas,vino blanco terrazas reserva x 750 ml. chardonnay,7790975001500,19275.0,"$19.275,00",20260901
Bebidas,Bebidas,vino blanco toro viejo x 750 ml.,7790314003233,3380.0,"$3.380,00",20260901
Bebidas,Bebidas,vino blanco traful blend x 1125 ml.,7790336051168,6529.82,"$6.529,82",20260901
Bebidas,Bebidas,vino blanco trapiche reserva x 750 ml. chardonnay,7790240072792,10452.0,"$10.452,00",20260901
Bebidas,Bebidas,vino blanco trapiche sauvignon blanc x 750 ml.,7790240017069,4838.0,"$4.838,00",20260901
Bebidas,Bebidas,vino blanco tribu dulce x 750 ml.,7798039599031,5261.0,"$5.261,00",20260901
Bebidas,Bebidas,vino blanco vasco viejo x 750 ml.,7790336020737,4435.0,"$4.435,00",20260901
Bebidas,Bebidas,vino blanco wampa dulce x 750 ml.,7797942006957,4992.0,"$4.992,00",20260901
Bebidas,Bebidas,vino brazos de los andes red blend x 750 ml.,7791728006865,13703.0,"$13.703,00",20260901
Bebidas,Bebidas,vino cafayate res.x750ml.caber,7790093095238,10158.0,"$10.158,00",20260901
Bebidas,Bebidas,vino cafayate res.x750ml.ttes.,7790093095245,10158.0,"$10.158,00",20260901
Bebidas,Bebidas,vino cafayate reserva malbec x 750 ml.,7790093095221,10158.0,"$10.158,00",20260901
Bebidas,Bebidas,vino cafayate x750ml.cabernet,7790093521775,6332.0,"$6.332,00",20260901
Bebidas,Bebidas,vino cafayate x750ml.malbec,7790093521782,6332.0,"$6.332,00",20260901
Bebidas,Bebidas,vino cafayate x750ml.rose,7790093521812,6332.0,"$6.332,00",20260901
Bebidas,Bebidas,vino cafayate x750ml.torrontes,7790093521768,6332.0,"$6.332,00",20260901
Bebidas,Bebidas,vino callia alta cabernet sauvignon x 750 ml.,7798108834032,4099.0,"$4.099,00",20260901
Bebidas,Bebidas,vino callia alta merlot x 750 ml.,7798108834056,4099.0,"$4.099,00",20260901
Bebidas,Bebidas,vino callia alta x750ml.malbec,7798108833950,4099.0,"$4.099,00",20260901
Bebidas,Bebidas,vino callia alta x750ml.syr-ca,7798108834131,4099.0,"$4.099,00",20260901
Bebidas,Bebidas,vino callia alta x750ml.syrah,7798108834094,4099.0,"$4.099,00",20260901
Bebidas,Bebidas,vino callia amable x750ml.t.ti,7798108834193,5452.0,"$5.452,00",20260901
Bebidas,Bebidas,vino callia magnum x1.5l.malb.,7798108833899,11088.0,"$11.088,00",20260901
Bebidas,Bebidas,vino callia rose x 750 ml.,7798108833691,4099.0,"$4.099,00",20260901
Bebidas,Bebidas,vino callia sauvignon blanc x 750 ml,7798108834070,4099.0,"$4.099,00",20260901
Bebidas,Bebidas,vino canciller blend x 1.25 litros tinto,7790314080142,2980.0,"$2.980,00",20260901
Bebidas,Bebidas,vino canciller reserva cabernet sauvingnon x 750 m,7790314008054,5359.0,"$5.359,00",20260901
Bebidas,Bebidas,vino casa de herrero x 750 ml cabernet franc,7798359120328,14344.0,"$14.344,00",20260901
Bebidas,Bebidas,vino casa de herrero x 750 ml corte de blancas,7798359120458,14344.0,"$14.344,00",20260901
Bebidas,Bebidas,vino casa del diablo x 750 ml chardonay,7798039599413,9079.0,"$9.079,00",20260901
Bebidas,Bebidas,vino casillero del diablo malbec x 750 ml.,7798039599390,9079.0,"$9.079,00",20260901
Bebidas,Bebidas,vino casillero del diablo red blend x 750 ml.,7798039599420,9079.0,"$9.079,00",20260901
Bebidas,Bebidas,vino cazador x 750 ml blanco dulce,7790762754190,5773.0,"$5.773,00",20260901
Bebidas,Bebidas,vino cazador x 750 ml cabernet sauvignon,7790762754138,5773.0,"$5.773,00",20260901
Bebidas,Bebidas,vino cazador x 750 ml malbec,7790762754107,5773.0,"$5.773,00",20260901
Bebidas,Bebidas,vino chac chac cabernet franc x 269 ml.,7798123974706,3500.0,"$3.500,00",20260901
Bebidas,Bebidas,vino chac chac malbec rose x 750 ml.,7798123971606,10500.0,"$10.500,00",20260901
Bebidas,Bebidas,vino chac chac malbec x 269 ml.,7798123973075,3500.0,"$3.500,00",20260901
Bebidas,Bebidas,vino chac chac x 750 ml sauvignon blanc,7798123971583,10500.0,"$10.500,00",20260901
Bebidas,Bebidas,vino chacabuco x 750 ml chenin,7791843013441,4879.0,"$4.879,00",20260901
Bebidas,Bebidas,vino chacabuco x750ml.malbec,7791843023471,3739.0,"$3.739,00",20260901
Bebidas,Bebidas,vino circus cabernet sauvignon x 750 ml.,7790415129009,4840.0,"$4.840,00",20260901
Bebidas,Bebidas,vino circus malbec x 750 ml.,7790415129047,4840.0,"$4.840,00",20260901
Bebidas,Bebidas,vino circus roble x 750 ml. cabernet sauvignon,7790415130517,5029.0,"$5.029,00",20260901
Bebidas,Bebidas,vino circus x750ml.sauvignon,7790415128989,4840.0,"$4.840,00",20260901
Bebidas,Bebidas,vino colon selecto dulce fresco x 750 ml.,7790168904373,6162.0,"$6.162,00",20260901
Bebidas,Bebidas,vino colon x 750 ml malbe-bonarda,7790168904403,4845.0,"$4.845,00",20260901
Bebidas,Bebidas,vino cruz alta reserva blend x 750 ml.,7790577005074,7715.39,"$7.715,39",20260901
Bebidas,Bebidas,vino cuchillo de palo x 750 pinot noir,7798359120090,16919.0,"$16.919,00",20260901
Bebidas,Bebidas,vino dada art x750ml.cabernet,7791540047855,6824.0,"$6.824,00",20260901
Bebidas,Bebidas,vino dada incrediblends ii x 750 ml. malbec-tempro,7791540052866,6358.0,"$6.358,00",20260901
Bebidas,Bebidas,vino dada tinto x 750 ml malbec,7791540047862,6824.0,"$6.824,00",20260901
Bebidas,Bebidas,vino dada x 750 ml numero 6 honey,7791540050251,6824.0,"$6.824,00",20260901
Bebidas,Bebidas,vino dante robino chardonnay x 750 ml.,7790717151104,8045.0,"$8.045,00",20260901
Bebidas,Bebidas,vino de mesa blanco nativo tetra x 1 lt.,7790314000331,1892.0,"$1.892,00",20260901
Bebidas,Bebidas,vino de mesa nativo tinto tetra x 1 lt.,7790314000324,2262.0,"$2.262,00",20260901
Bebidas,Bebidas,vino de mesa rosado toro tetra x 1 lt.,7790314000416,2324.0,"$2.324,00",20260901
Bebidas,Bebidas,vino dilema day x750ml.caberne,7790314062858,4619.0,"$4.619,00",20260901
Bebidas,Bebidas,vino dilema x 750 ml. rose dulce natural,7790314079733,4620.0,"$4.620,00",20260901
Bebidas,Bebidas,vino don david chardonnay x 750 ml.,7790189000191,6489.0,"$6.489,00",20260901
Bebidas,Bebidas,vino don david low x 750 ml torrontes,7790189743913,7199.0,"$7.199,00",20260901
Bebidas,Bebidas,vino don david reserva cabernet sauvignon x 750 m.,7790189042030,9799.0,"$9.799,00",20260901
Bebidas,Bebidas,vino don david reserva malbec x 750 ml.,7790189042023,9799.0,"$9.799,00",20260901
Bebidas,Bebidas,vino don david x 750 ml syrah,7790189040036,7099.0,"$7.099,00",20260901
Bebidas,Bebidas,vino don david x 750 ml tannat,7790189040111,7099.0,"$7.099,00",20260901
Bebidas,Bebidas,vino don nicanor x750ml.cabern,7790070760937,18535.0,"$18.535,00",20260901
Bebidas,Bebidas,vino don valentin lacr.rob.mal,7790703205064,6228.0,"$6.228,00",20260901
Bebidas,Bebidas,vino don valentin lacrado cabernet x 750 ml,7790703205095,6228.0,"$6.228,00",20260901
Bebidas,Bebidas,vino don valentin lacrado tto.,7790703204968,4604.0,"$4.604,00",20260901
Bebidas,Bebidas,vino dralion x750ml.cab.syr.,7790314079191,4410.0,"$4.410,00",20260901
Bebidas,Bebidas,vino dralion x750ml.malb.syr.,7790314079184,4410.0,"$4.410,00",20260901
Bebidas,Bebidas,vino dulce natural trapiche dulce cosecha x 750 m.,7790240041880,4457.0,"$4.457,00",20260901
Bebidas,Bebidas,vino el bautismo rosado x 750 ml.,7791540049941,4892.0,"$4.892,00",20260901
Bebidas,Bebidas,vino el esteco x 750 m extra cabernet,7790189043501,15443.0,"$15.443,00",20260901
Bebidas,Bebidas,vino el esteco x 750 ml blend extremos,7790189043495,15443.0,"$15.443,00",20260901
Bebidas,Bebidas,vino elegido chardonnay x 750 ml.,7792319003188,4779.0,"$4.779,00",20260901
Bebidas,Bebidas,vino elegido tinto de tintas x 750 ml.,7792319973030,4779.0,"$4.779,00",20260901
Bebidas,Bebidas,vino elegido x 750 ml. cabernet sauvignon,7792319003171,4779.0,"$4.779,00",20260901
Bebidas,Bebidas,vino elementos chardonay x 750,7790189021073,6244.0,"$6.244,00",20260901
Bebidas,Bebidas,vino elementos rosado de torrontes x 750 ml.,7790189042597,6238.0,"$6.238,00",20260901
Bebidas,Bebidas,vino escondido gascon gran reserva x 750 ml,7790415004610,18000.0,"$18.000,00",20260901
Bebidas,Bebidas,vino escoriguela  gascon reserva x 750 ml malbec,7790415001916,18000.0,"$18.000,00",20260901
Bebidas,Bebidas,vino escorihuela gascox x 750 ml malbec,7790415129122,11200.0,"$11.200,00",20260901
Bebidas,Bebidas,vino esmeralda x750ml.cabernet,7794450941251,6405.0,"$6.405,00",20260901
Bebidas,Bebidas,vino esperado x 750 ml dulce tardio,7798108834315,6283.0,"$6.283,00",20260901
Bebidas,Bebidas,vino esperado x 750 ml syrcabernet,7798108834353,6283.0,"$6.283,00",20260901
Bebidas,Bebidas,vino esperado x 750 ml. syrah-malbec,7798108834377,6283.0,"$6.283,00",20260901
Bebidas,Bebidas,vino esperado x750ml.malbec,7798108834339,6283.0,"$6.283,00",20260901
Bebidas,Bebidas,vino espumante emilia x 750 ml lrose dulce,7790070760739,8582.29,"$8.582,29",20260901
Bebidas,Bebidas,vino est.mend.x1.125lt.cab-mal,7790314066436,6044.0,"$6.044,00",20260901
Bebidas,Bebidas,vino est.mend.x750ml.cabe-malb,7790314075261,4397.0,"$4.397,00",20260901
Bebidas,Bebidas,vino est.mend.x750ml.che-ch-dc,7790314080203,4440.0,"$4.440,00",20260901
Bebidas,Bebidas,vino estancia mendoza cabernet sauvignon x 750 ml.,7790314080166,4397.0,"$4.397,00",20260901
Bebidas,Bebidas,vino estancia mendoza malbec x 750 ml.,7790314080159,4397.0,"$4.397,00",20260901
Bebidas,Bebidas,vino estancia mendoza malbec-cabernet x 3 litros,7790314073984,16780.0,"$16.780,00",20260901
Bebidas,Bebidas,vino estancia mendoza malbec-merlot x 1125 ml.,7790314065101,6044.0,"$6.044,00",20260901
Bebidas,Bebidas,vino estancia mendoza reserva cabernet sauvignon,7790314079979,8033.0,"$8.033,00",20260901
Bebidas,Bebidas,vino estancia mendoza roble x 750 ml. cabernet san,7790314003943,7278.0,"$7.278,00",20260901
Bebidas,Bebidas,vino esteco x 750 ml extra blend,7790189743784,15443.0,"$15.443,00",20260901
Bebidas,Bebidas,vino f.la linda x750ml.torront,7791203003372,9463.0,"$9.463,00",20260901
Bebidas,Bebidas,vino famiglia bianchi malbec x 750 ml,7790703205675,10712.0,"$10.712,00",20260901
Bebidas,Bebidas,vino famiglia x750ml.chardonna,7790703166556,10712.0,"$10.712,00",20260901
Bebidas,Bebidas,vino familia gascon rose x 750 ml.,7790415128033,6679.0,"$6.679,00",20260901
Bebidas,Bebidas,vino familia gascon x 750 ml malbec,7790415127777,6679.0,"$6.679,00",20260901
Bebidas,Bebidas,vino fca.magnolia x750ml.b.bca,7790314064036,5422.0,"$5.422,00",20260901
Bebidas,Bebidas,vino federico de alvear,7791670027109,4439.0,"$4.439,00",20260901
Bebidas,Bebidas,vino federico de alvear x 750 ml blanco dulce,7791670027147,4439.0,"$4.439,00",20260901
Bebidas,Bebidas,vino finca el portillo blanco sauvignon blanc x 75,7798074864774,4899.0,"$4.899,00",20260901
Bebidas,Bebidas,vino finca la linda x 750 ml malbec,7791203003341,9463.0,"$9.463,00",20260901
Bebidas,Bebidas,vino finca las moras fair for life cabernet x 750,7791540054273,6580.0,"$6.580,00",20260901
Bebidas,Bebidas,vino finca las moras rosado dulce x 750 ml.,7791540047916,4897.0,"$4.897,00",20260901
Bebidas,Bebidas,vino finca los primos malbec x 750 ml.,7790703205132,4149.0,"$4.149,00",20260901
Bebidas,Bebidas,vino finca magnolia rosado de bonarda x 750 ml.,7790314080036,5422.0,"$5.422,00",20260901
Bebidas,Bebidas,vino finca natalina blanco dulce x 750 ml.,7797942007107,3900.0,"$3.900,00",20260901
Bebidas,Bebidas,vino finca natalina cabernet sauvignon x 750 ml.,7797942007022,3900.0,"$3.900,00",20260901
Bebidas,Bebidas,vino finjamos demencia x 750 ml blend,7798422330340,6342.0,"$6.342,00",20260901
Bebidas,Bebidas,vino fino blanco don david torrontes x 750 ml.,7790189000023,7099.0,"$7.099,00",20260901
Bebidas,Bebidas,vino fino blanco elementos torrontes x 750 ml.,7790189021059,6238.0,"$6.238,00",20260901
Bebidas,Bebidas,vino fino blanco salentein chardonnay roble x 750.,7798074860318,11659.0,"$11.659,00",20260901
Bebidas,Bebidas,vino fino blanco san felipe x 750 cc.,7790577000017,5939.0,"$5.939,00",20260901
Bebidas,Bebidas,vino fino blanco santa florentina torrontes x 750.,7790265000831,5350.0,"$5.350,00",20260901
Bebidas,Bebidas,vino fino blanco santa julia chardonnay x 750 ml.,7791728247800,6115.0,"$6.115,00",20260901
Bebidas,Bebidas,vino fino blanco trumpeter chardonnay x 750 ml.,7790577002189,10007.63,"$10.007,63",20260901
Bebidas,Bebidas,vino fino tinto callia alta syrah-malbec x 750 ml.,7798108834117,4099.0,"$4.099,00",20260901
Bebidas,Bebidas,vino fino tinto don david cabernet sauvignon x 750,7790189000177,7169.0,"$7.169,00",20260901
Bebidas,Bebidas,vino fino tinto don david malbec x 750 ml.,7790189001129,7199.0,"$7.199,00",20260901
Bebidas,Bebidas,vino fino tinto elementos cabernet sauvignon x 750,7790189021011,6238.0,"$6.238,00",20260901
Bebidas,Bebidas,vino fino tinto elementos malbec x 750 ml.,7790189021028,6238.0,"$6.238,00",20260901
Bebidas,Bebidas,vino fino tinto elementos syrah x 750 ml.,7790189021035,6238.0,"$6.238,00",20260901
Bebidas,Bebidas,vino fino tinto elementos tannat x 750 ml.,7790189021042,6244.0,"$6.244,00",20260901
Bebidas,Bebidas,vino fino tinto famiglia bianchi cabernet sauvigno,7790703205491,9649.0,"$9.649,00",20260901
Bebidas,Bebidas,vino fino tinto finca las moras malbec x 750 ml.,7790240128598,4897.0,"$4.897,00",20260901
Bebidas,Bebidas,vino fino tinto fond de cave cabernet sauvignon x,7790240002010,9592.0,"$9.592,00",20260901
Bebidas,Bebidas,vino fino tinto santa florentina malbecsyrah x 7.,7790265057361,4431.0,"$4.431,00",20260901
Bebidas,Bebidas,vino fino tinto terrazas reserva malbec estuche x,7790975001487,19370.0,"$19.370,00",20260901
Bebidas,Bebidas,vino fino tinto trapiche cabernet sauvignon x 750,7790240107500,4876.0,"$4.876,00",20260901
Bebidas,Bebidas,vino fino tinto trapiche malbec x 750 ml.,7790240017045,4876.0,"$4.876,00",20260901
Bebidas,Bebidas,vino fino tinto trapiche merlot x 750 ml.,7790240025415,4872.0,"$4.872,00",20260901
Bebidas,Bebidas,vino fino tinto vinas riojanas bonarda x 750 ml.,7790265000381,3432.0,"$3.432,00",20260901
Bebidas,Bebidas,vino fond de cave gran reserva blend x 750 ml,7790240094732,24996.0,"$24.996,00",20260901
Bebidas,Bebidas,vino fond de cave gran reserva malbec x 750 ml,7790240042481,24996.0,"$24.996,00",20260901
Bebidas,Bebidas,vino fond de cave res.chardonn,7790240094626,9372.0,"$9.372,00",20260901
Bebidas,Bebidas,vino fond de cave res.malbec,7790240128673,12321.0,"$12.321,00",20260901
Bebidas,Bebidas,vino fond de cave res.sauvigno,7790240041408,12316.0,"$12.316,00",20260901
Bebidas,Bebidas,vino fond de cave reserva cabernet franc x 750 ml.,7790240041170,12313.0,"$12.313,00",20260901
Bebidas,Bebidas,vino fond de cave x 750 ml syrah,7790240041477,9429.0,"$9.429,00",20260901
Bebidas,Bebidas,vino fond de cave x 750 ml. chardonnay,7790240002027,9422.0,"$9.422,00",20260901
Bebidas,Bebidas,vino fond de cave x 750 ml. malbec,7790240041460,9592.0,"$9.592,00",20260901
Bebidas,Bebidas,vino fonde de cave reserva cabernet sauvignon x 7.,7790240041446,12321.0,"$12.321,00",20260901
Bebidas,Bebidas,vino fran x750ml.chardonnay,7790070779021,5725.0,"$5.725,00",20260901
Bebidas,Bebidas,vino frida x 750 ml. cabernet sauvignon,7798130463439,5187.0,"$5.187,00",20260901
Bebidas,Bebidas,vino frizze,7791540053153,2809.0,"$2.809,00",20260901
Bebidas,Bebidas,vino frizze blue x 1 lt.,7791540053184,3914.0,"$3.914,00",20260901
Bebidas,Bebidas,vino frizze italian limonata x 473 ml.,7791540053160,2809.0,"$2.809,00",20260901
Bebidas,Bebidas,vino frizze x 1 litro bubble mood,7791540000522,3914.0,"$3.914,00",20260901
Bebidas,Bebidas,vino frizze x 1 litro sabor manzana,7791540000676,3914.0,"$3.914,00",20260901
Bebidas,Bebidas,vino frizze x 473 ml. italian pomelata,7791540053177,2809.0,"$2.809,00",20260901
Bebidas,Bebidas,vino frizze x1lt.ital.limoneto,7791540053191,3914.0,"$3.914,00",20260901
Bebidas,Bebidas,vino garbo res.x750ml.chard.,7798130463484,7738.0,"$7.738,00",20260901
Bebidas,Bebidas,vino garbo res.x750ml.malbec,7798130463453,7738.0,"$7.738,00",20260901
Bebidas,Bebidas,vino gascon roble x 750 ml estuche malbec,7790415000797,13129.0,"$13.129,00",20260901
Bebidas,Bebidas,vino gascon x 750 ml sauvignon esc.,7790415128705,11200.0,"$11.200,00",20260901
Bebidas,Bebidas,vino graffigna pinot grigio x 750 ml.,7790168075707,9171.0,"$9.171,00",20260901
Bebidas,Bebidas,vino gran dante x 750 ml bonarda,7790717000853,43800.0,"$43.800,00",20260901
Bebidas,Bebidas,vino gran familia x750ml.corte,7790703206498,17049.0,"$17.049,00",20260901
Bebidas,Bebidas,vino il caprone cabernet sauvignon x 750 ml.,7790703206269,6376.0,"$6.376,00",20260901
Bebidas,Bebidas,vino il caprone x 750 ml rose,7790703206283,6376.0,"$6.376,00",20260901
Bebidas,Bebidas,vino ilcaprone x 750 ml malbec organico,7790703206245,6376.0,"$6.376,00",20260901
Bebidas,Bebidas,vino killka x 750 ml cabernet franc,7798074865818,6799.0,"$6.799,00",20260901
Bebidas,Bebidas,vino killka x 750 ml corte tinta,7798074865153,6799.0,"$6.799,00",20260901
Bebidas,Bebidas,vino killka x 750 ml malbec,7798074865191,6799.0,"$6.799,00",20260901
Bebidas,Bebidas,vino killka x 750 ml. sauvignon blanc,7798074862756,6799.0,"$6.799,00",20260901
Bebidas,Bebidas,vino la celia elite x 750 ml pinot noir,7798117471273,29826.0,"$29.826,00",20260901
Bebidas,Bebidas,vino la celia res.x750ml.cab.s,7798141877027,9171.0,"$9.171,00",20260901
Bebidas,Bebidas,vino la celia rose x 750 ml.,7798081661533,9171.0,"$9.171,00",20260901
Bebidas,Bebidas,vino la linda x 750 ml sweet,7791203003396,9463.0,"$9.463,00",20260901
Bebidas,Bebidas,vino la posta x 750 m rose malbec,7794450943576,13816.0,"$13.816,00",20260901
Bebidas,Bebidas,vino la posta x 750 ml white blend,7798126082309,13816.0,"$13.816,00",20260901
Bebidas,Bebidas,vino la sperdices x 750 ml red blend,7798123971170,9500.0,"$9.500,00",20260901
Bebidas,Bebidas,vino las perdices albardio x 750 ml,7798123970395,19500.0,"$19.500,00",20260901
Bebidas,Bebidas,vino las perdices exploracion malbec gualtallary x,7798123971545,22000.0,"$22.000,00",20260901
Bebidas,Bebidas,vino las perdices reserva malbec x 750 ml.,7798123970296,14500.0,"$14.500,00",20260901
Bebidas,Bebidas,vino las perdices x 750 ml sauvignon,7798123970166,9500.0,"$9.500,00",20260901
Bebidas,Bebidas,vino latitud 33 malbec x 750 ml.,7790975204062,7181.0,"$7.181,00",20260901
Bebidas,Bebidas,vino latitud 33 sauvignon blanc x 750 ml.,7790975204116,7181.0,"$7.181,00",20260901
Bebidas,Bebidas,vino latitud 33 x 750 ml malbecrose,7790975204130,7181.0,"$7.181,00",20260901
Bebidas,Bebidas,vino lola montes red blend x 750 ml.,7790415002760,5439.0,"$5.439,00",20260901
Bebidas,Bebidas,vino lola montes rose x 750 ml.,7790415130739,5439.0,"$5.439,00",20260901
Bebidas,Bebidas,vino lopez malbec,7790336030507,6982.87,"$6.982,87",20260901
Bebidas,Bebidas,vino los arboles chardonnay x 750 ml.,7791250000959,5613.0,"$5.613,00",20260901
Bebidas,Bebidas,vino los arboles seleccion x 750 ml. cabernet sauv,7791250000942,5616.0,"$5.616,00",20260901
Bebidas,Bebidas,vino los arboles seleccion x 750 ml. malbec,7791250000935,5616.0,"$5.616,00",20260901
Bebidas,Bebidas,vino los haroldos chardonnay x 750 ml.,7791843005026,6139.0,"$6.139,00",20260901
Bebidas,Bebidas,vino los haroldos reserva cabernet sauv. x 750 ml.,7791843004982,6139.0,"$6.139,00",20260901
Bebidas,Bebidas,vino los haroldos reserva malbec x 750 ml.,7791843005002,6139.0,"$6.139,00",20260901
Bebidas,Bebidas,vino los intocables rum barrel blend x 750 ml.,7791540054037,11056.0,"$11.056,00",20260901
Bebidas,Bebidas,vino los intocables x 750 ml double oak,7791540999789,11057.0,"$11.057,00",20260901
Bebidas,Bebidas,vino los pasos x 750 ml red blend,7798078236980,5803.0,"$5.803,00",20260901
Bebidas,Bebidas,vino los pasos x 750 ml. cabernet sauvignon,7798078238038,6084.0,"$6.084,00",20260901
Bebidas,Bebidas,vino los pasos x 750 ml. chardonnay-semillon,7798078238052,6084.0,"$6.084,00",20260901
Bebidas,Bebidas,vino los pasos x 750 ml. malbec,7798078238021,6084.0,"$6.084,00",20260901
Bebidas,Bebidas,vino luigi bosca sangre de malbec x 750 ml.,7791203002436,21939.0,"$21.939,00",20260901
Bebidas,Bebidas,vino luigi bosca x 750 ml malbec,7791203001231,14939.0,"$14.939,00",20260901
Bebidas,Bebidas,vino magnolia negra malbec x 750 ml.,7790314077623,6332.0,"$6.332,00",20260901
Bebidas,Bebidas,vino malbec reserva chac chac x 269 ml,7798123973051,3500.0,"$3.500,00",20260901
Bebidas,Bebidas,vino mandala x 750 ml malbec,7798130463408,5355.0,"$5.355,00",20260901
Bebidas,Bebidas,vino n.correas c.priv.pinot no,7791250001710,8886.0,"$8.886,00",20260901
Bebidas,Bebidas,"vino nampe x 1,125 lt. cabernet sauvignon",7791843009093,4079.0,"$4.079,00",20260901
Bebidas,Bebidas,"vino nampe x 1,125 lt. malbec",7791843009116,4079.0,"$4.079,00",20260901
Bebidas,Bebidas,vino nampe x 750 ml. cabernet sauvignon,7791843008935,3799.0,"$3.799,00",20260901
Bebidas,Bebidas,vino nampe x 750 ml. syrah,7791843009000,3799.0,"$3.799,00",20260901
Bebidas,Bebidas,vino nampe x 750 ml. tempranillo,7791843009024,3799.0,"$3.799,00",20260901
Bebidas,Bebidas,vino navarro correas coleccion privada malbec x 75,7791250001673,9391.0,"$9.391,00",20260901
Bebidas,Bebidas,vino navarro correas coleccion privada x 750 ml blend,7791250001697,9383.99,"$9.383,99",20260901
Bebidas,Bebidas,vino navarro correas coleccion privada x 750 ml. c,7791250001680,9391.0,"$9.391,00",20260901
Bebidas,Bebidas,vino navarro correas reserva malbec x 750 ml.,7790649000112,11308.0,"$11.308,00",20260901
Bebidas,Bebidas,vino nieto seentiner x 750 ml cabernet sauvignon,7790070760814,10565.0,"$10.565,00",20260901
Bebidas,Bebidas,vino nieto senetiner 0% alcohol x 750 ml malbec pinot noir,7790070106919,15206.37,"$15.206,37",20260901
Bebidas,Bebidas,vino nieto senetiner rose x 750 ml.,7790070760845,10565.0,"$10.565,00",20260901
Bebidas,Bebidas,vino nieto senetiner x 750 ml malbec,7790070760821,10565.0,"$10.565,00",20260901
Bebidas,Bebidas,vino nieto senetiner x 750 ml pinot,7793440704876,10565.0,"$10.565,00",20260901
Bebidas,Bebidas,vino norton res.x750ml.caberne,7792319972798,11857.0,"$11.857,00",20260901
Bebidas,Bebidas,vino norton res.x750ml.malbec,7792319972774,11857.0,"$11.857,00",20260901
Bebidas,Bebidas,vino norton x 750 ml cosecha t blanco,7792319972224,5649.0,"$5.649,00",20260901
Bebidas,Bebidas,vino norton x750ml.cos.tar.tto,7792319972231,5649.0,"$5.649,00",20260901
Bebidas,Bebidas,vino nsen.x750ml.chardonnay,7790070760807,10565.0,"$10.565,00",20260901
Bebidas,Bebidas,vino omnium cabernet sauvignon x 750 ml.,7798051300189,5109.0,"$5.109,00",20260901
Bebidas,Bebidas,vino omnium malbec x 750 ml.,7798051300202,5109.0,"$5.109,00",20260901
Bebidas,Bebidas,vino origen trapiche cabernet sauvignon x 750 ml.,7790240098976,7028.0,"$7.028,00",20260901
Bebidas,Bebidas,vino origen trapiche malbec x 750 ml.,7790240098969,7028.0,"$7.028,00",20260901
Bebidas,Bebidas,vino pac.per.estirpex750ml.cha,7798130464368,6610.0,"$6.610,00",20260901
Bebidas,Bebidas,vino partridge x 750 ml cabernet,7798123971316,6900.0,"$6.900,00",20260901
Bebidas,Bebidas,vino partridge x 750 ml chardonay,7798123971323,6900.0,"$6.900,00",20260901
Bebidas,Bebidas,vino pascual toso cabernet sauvignon x 750 ml.,7791670026911,9779.0,"$9.779,00",20260901
Bebidas,Bebidas,vino pascual toso x750cc.chard,7791670026935,9779.0,"$9.779,00",20260901
Bebidas,Bebidas,vino paz x 750 ml malbec,7790240093780,12189.0,"$12.189,00",20260901
Bebidas,Bebidas,vino pirueta x750ml.blanco dce,7790314077531,5272.0,"$5.272,00",20260901
Bebidas,Bebidas,vino pirueta x750ml.cabernet,7790314071775,5272.0,"$5.272,00",20260901
Bebidas,Bebidas,vino portillo chardonnay x 750 ml.,7798074864750,4899.0,"$4.899,00",20260901
Bebidas,Bebidas,vino portillo x 750 merlot,7798074864835,4859.0,"$4.859,00",20260901
Bebidas,Bebidas,vino portillo x1.5lt.malbec,7798074864019,9399.0,"$9.399,00",20260901
Bebidas,Bebidas,vino portillo x750ml.ros-malb,7798074864811,4859.0,"$4.859,00",20260901
Bebidas,Bebidas,vino portillo x750ml.syrah,7798074864897,4859.0,"$4.859,00",20260901
Bebidas,Bebidas,vino putruele estate cabernet sauvignon x 750 ml.,7797942007251,4549.0,"$4.549,00",20260901
Bebidas,Bebidas,vino resero tetra rosado x 1 lt.,7790314057038,2324.0,"$2.324,00",20260901
Bebidas,Bebidas,vino resero tetra tinto x 1 lt,7790314057014,2819.0,"$2.819,00",20260901
Bebidas,Bebidas,vino resero x 700 ml tinto,7790314079122,2644.0,"$2.644,00",20260901
Bebidas,Bebidas,vino rincon famoso rose x 750 ml.,7790336032518,8694.3,"$8.694,30",20260901
Bebidas,Bebidas,vino rocky roble  x 750 ml malbec,7790415131231,6000.0,"$6.000,00",20260901
Bebidas,Bebidas,vino rosado las eprdices x 750 ml rose classique,7798123973822,19500.0,"$19.500,00",20260901
Bebidas,Bebidas,vino rosado las perdices classique x 750 ml malbec rose,7798123975864,19500.16,"$19.500,16",20260901
Bebidas,Bebidas,vino rosado nieto sentiner 0 % alcohol x 750 ml malbec rose,7790070106292,15206.0,"$15.206,00",20260901
Bebidas,Bebidas,vino rosado norton mil rosas x 750 ml.,7792319972699,5219.0,"$5.219,00",20260901
Bebidas,Bebidas,vino rosado san felipe x 750 ml rose de malbec,7790577008556,6403.0,"$6.403,00",20260901
Bebidas,Bebidas,vino rosado trapiche dulce cosecha x 750 ml.,7790240095289,4460.0,"$4.460,00",20260901
Bebidas,Bebidas,vino rosaura x 750 ml malbec,7790415133471,23259.0,"$23.259,00",20260901
Bebidas,Bebidas,vino ruca malen cap. 1 malbec x 750 ml.,7790070651068,7499.0,"$7.499,00",20260901
Bebidas,Bebidas,vino ruca malen capitulo 2 x 750 ml malbec,7790070651044,18758.0,"$18.758,00",20260901
Bebidas,Bebidas,vino ruca malen chardonnay x 750 ml.,7790070650931,7499.0,"$7.499,00",20260901
Bebidas,Bebidas,vino rutini malbec,7790577001151,33156.26,"$33.156,26",20260901
Bebidas,Bebidas,vino rutini merlot x 750 ml,7790577000840,21058.11,"$21.058,11",20260901
Bebidas,Bebidas,vino rutini x 750 ml cabernet,7790577003711,27669.08,"$27.669,08",20260901
Bebidas,Bebidas,vino rutini x 750 ml cabernet franc,7790577008075,27669.08,"$27.669,08",20260901
Bebidas,Bebidas,vino rutini x 750 ml chardonay,7790577000833,26362.04,"$26.362,04",20260901
Bebidas,Bebidas,vino s.felipe x750ml.cepa trad,7790577046848,9466.0,"$9.466,00",20260901
Bebidas,Bebidas,vino salentein numina x 750 ml p n,7798074864392,22361.0,"$22.361,00",20260901
Bebidas,Bebidas,vino salentein reserva x 750 ml c fr,7798074865238,12199.0,"$12.199,00",20260901
Bebidas,Bebidas,vino salentein reserva x 750 ml sauvignon blanc,7798074865450,11659.0,"$11.659,00",20260901
Bebidas,Bebidas,vino salentein x 750 ml pinot noir,7798074865399,15153.0,"$15.153,00",20260901
Bebidas,Bebidas,vino san felipe roble chard.,7790577002462,6403.0,"$6.403,00",20260901
Bebidas,Bebidas,vino san felipe roble x 750 ml. rose de malbec,7790577002424,6403.0,"$6.403,00",20260901
Bebidas,Bebidas,vino san telmo seleccion x 750 ml. cabernet sauvig,7791250001017,4275.0,"$4.275,00",20260901
Bebidas,Bebidas,vino san telmo seleccion x 750 ml. malbec,7791250000997,4275.0,"$4.275,00",20260901
Bebidas,Bebidas,vino san telmo x 750 ml. chardonnay,7791250001031,4275.0,"$4.275,00",20260901
Bebidas,Bebidas,vino santa florentina malbec x 750 ml.,7790265001081,5350.0,"$5.350,00",20260901
Bebidas,Bebidas,vino santa julia la seleccion malbec,7791728233490,6756.0,"$6.756,00",20260901
Bebidas,Bebidas,vino santa julia magna cabernet,7791728001747,12106.0,"$12.106,00",20260901
Bebidas,Bebidas,vino santa julia magna cabernet-malbec-syrah,7791728002409,12106.0,"$12.106,00",20260901
Bebidas,Bebidas,vino santa julia magna malbec,7791728001761,12106.0,"$12.106,00",20260901
Bebidas,Bebidas,vino santa julia reser.tempran,7791728247695,8978.0,"$8.978,00",20260901
Bebidas,Bebidas,vino santa julia reserva chardonnay x 750 ml.,7791728000528,8978.0,"$8.978,00",20260901
Bebidas,Bebidas,vino santa julia reserva x 750 ml cabernet sauvignon,7791728247688,8978.0,"$8.978,00",20260901
Bebidas,Bebidas,vino santa julia reserva x 750 ml malbec,7791728000566,8978.0,"$8.978,00",20260901
Bebidas,Bebidas,vino santa julia rose x 269 ml.,7791728242577,3608.0,"$3.608,00",20260901
Bebidas,Bebidas,vino santa julia x 269 ml dulce,7791728249385,3304.0,"$3.304,00",20260901
Bebidas,Bebidas,vino santa julia x 3 litros box uco,7791728245066,30984.0,"$30.984,00",20260901
Bebidas,Bebidas,vino santa julia x 750 ml malbec cabernet sauvignon,7791728247794,6115.0,"$6.115,00",20260901
Bebidas,Bebidas,vino santa julia x 750 ml. tinto dulce,7791728248265,7200.0,"$7.200,00",20260901
Bebidas,Bebidas,vino santa julia x 750 ml. torrontes,7791728000153,6115.0,"$6.115,00",20260901
Bebidas,Bebidas,vino santa julia x750ml.cab.fr,7791728244496,6115.0,"$6.115,00",20260901
Bebidas,Bebidas,vino santa julia x750ml.tempra,7791728247749,6115.0,"$6.115,00",20260901
Bebidas,Bebidas,vino santa julia x750ml.viogni,7791728244052,6115.0,"$6.115,00",20260901
Bebidas,Bebidas,vino septima emblema cabernet franc x 750 ml.,7798078238137,9734.0,"$9.734,00",20260901
Bebidas,Bebidas,vino septima emblema rosado de malbec x 750 ml.,7798078238168,9734.0,"$9.734,00",20260901
Bebidas,Bebidas,vino septima emblema x 750 ml cabernet,7798078238120,9734.0,"$9.734,00",20260901
Bebidas,Bebidas,vino septima emblema x 750 ml chardonay,7798078238144,9734.0,"$9.734,00",20260901
Bebidas,Bebidas,vino septima obra x 750 gr cabernet franc,7798078236935,16380.0,"$16.380,00",20260901
Bebidas,Bebidas,vino septima obra x 750 ml malbec,7798078230643,16380.0,"$16.380,00",20260901
Bebidas,Bebidas,vino sexfish x 750 ml rosado,7792319972057,6339.0,"$6.339,00",20260901
Bebidas,Bebidas,vino sexy fish x 750 ml blanc de blancs,7792319971807,6339.0,"$6.339,00",20260901
Bebidas,Bebidas,vino simona rosado dulce x 750 ml.,7790314063978,7359.0,"$7.359,00",20260901
Bebidas,Bebidas,vino suter x 750 ml. cosecha tardia,7790704000064,4215.0,"$4.215,00",20260901
Bebidas,Bebidas,vino talisman chardonnay x 750 ml.,7792319971777,4429.0,"$4.429,00",20260901
Bebidas,Bebidas,vino talismana x 750 ml cabernet,7792319971746,4429.0,"$4.429,00",20260901
Bebidas,Bebidas,vino tardio callia x 750 ml. rosado malbec,7798108834179,5452.0,"$5.452,00",20260901
Bebidas,Bebidas,vino termidor eco blanco x 1 litro,7791540053368,2509.0,"$2.509,00",20260901
Bebidas,Bebidas,vino termidor tetra x 1 litro tradicional blanco dulce,7791540045066,2509.0,"$2.509,00",20260901
Bebidas,Bebidas,vino termidor tinto x 1lt caja,7791540053351,2509.0,"$2.509,00",20260901
Bebidas,Bebidas,vino terrazas reserva x 750 ml cafernet franc,7790975195674,19370.0,"$19.370,00",20260901
Bebidas,Bebidas,vino terrazas reserva x 750 ml sauvignon,7790975195308,19369.57,"$19.369,57",20260901
Bebidas,Bebidas,vino texto sub x 750 mlcabernt pet,7790314064272,8459.0,"$8.459,00",20260901
Bebidas,Bebidas,vino tinto aime cabernet sauvignon x 750 ml.,7790070760494,3679.0,"$3.679,00",20260901
Bebidas,Bebidas,vino tinto aime malbec x 750 ml.,7790070760500,5840.0,"$5.840,00",20260901
Bebidas,Bebidas,vino tinto aime red blend x 750 ml.,7790070760487,4079.0,"$4.079,00",20260901
Bebidas,Bebidas,vino tinto ala colorada cabernet franc x 750 ml.,7798123970593,19500.0,"$19.500,00",20260901
Bebidas,Bebidas,vino tinto alma mora bajo alcohol x 750 ml malbec dulce,7791540000447,6885.78,"$6.885,78",20260901
Bebidas,Bebidas,vino tinto alma mora merlot x 750 ml.,7791540999000,4999.0,"$4.999,00",20260901
Bebidas,Bebidas,vino tinto alma mora reserva x 750 ml. cabernet sa,7791540048500,6009.0,"$6.009,00",20260901
Bebidas,Bebidas,vino tinto altos del plata cabernet sauvignon x 75,7790975017020,10623.0,"$10.623,00",20260901
Bebidas,Bebidas,vino tinto altos del plata malbec x 750 ml.,7790975017013,10623.0,"$10.623,00",20260901
Bebidas,Bebidas,vino tinto b5 serie terra malbec x 750 ml.,7798051304767,7509.0,"$7.509,00",20260901
Bebidas,Bebidas,vino tinto cadus valle de uco x 750 ml tupungato cabernet,7790070760449,30708.99,"$30.708,99",20260901
Bebidas,Bebidas,vino tinto cadus x 750 ml tupungato malbec,7790070760456,30708.99,"$30.708,99",20260901
Bebidas,Bebidas,vino tinto callia criolla x 750 ml.,7798108834445,5544.0,"$5.544,00",20260901
Bebidas,Bebidas,vino tinto canciller blend x 3 lt.,7790314007842,13699.0,"$13.699,00",20260901
Bebidas,Bebidas,vino tinto canciller reserva malbec x 750 ml.,7790314008030,5359.0,"$5.359,00",20260901
Bebidas,Bebidas,vino tinto casillero del diablo cabernet sauvignon,7798039599406,9079.0,"$9.079,00",20260901
Bebidas,Bebidas,vino tinto chac chac cabernet franc x 750 ml.,7798123973044,10500.0,"$10.500,00",20260901
Bebidas,Bebidas,vino tinto chac chac malbec x 750 ml.,7798123971569,10500.0,"$10.500,00",20260901
Bebidas,Bebidas,vino tinto chacabuco cabernet sauvignon x 750 ml.,7791843011423,3739.0,"$3.739,00",20260901
Bebidas,Bebidas,vino tinto circus red blend x 750 ml.,7790415130654,4840.0,"$4.840,00",20260901
Bebidas,Bebidas,vino tinto circus roble x 750 ml malbec,7790415130555,5029.0,"$5.029,00",20260901
Bebidas,Bebidas,vino tinto circus roble x 750 ml. blend,7790415130630,5029.0,"$5.029,00",20260901
Bebidas,Bebidas,vino tinto colon selecto x 750 ml. cabernet sauvig,7790168903833,5398.0,"$5.398,00",20260901
Bebidas,Bebidas,vino tinto colon selecto x 750 ml. dulce fresco,7790168904328,6162.0,"$6.162,00",20260901
Bebidas,Bebidas,vino tinto colon selecto x 750 ml. malbec,7790168903925,5398.0,"$5.398,00",20260901
Bebidas,Bebidas,vino tinto colon selecto x 750 ml. syrah-malbec,7790168903987,5398.0,"$5.398,00",20260901
Bebidas,Bebidas,vino tinto colon syarh-cabernet sauvignon x 750 m.,7790168904434,4845.0,"$4.845,00",20260901
Bebidas,Bebidas,vino tinto contracara malbec x 750 ml.,7798108834254,7808.0,"$7.808,00",20260901
Bebidas,Bebidas,vino tinto contracara x 750 ml. blend,7798108834230,7808.0,"$7.808,00",20260901
Bebidas,Bebidas,vino tinto cruz alta cabernet sauvignon x 750 ml.,7790577005036,7715.39,"$7.715,39",20260901
Bebidas,Bebidas,vino tinto cruz alta malbec x 750 ml.,7790577005012,7715.39,"$7.715,39",20260901
Bebidas,Bebidas,vino tinto cuchillo de palo x 750 ml cab franc,7798359120120,16089.0,"$16.089,00",20260901
Bebidas,Bebidas,vino tinto cuchillo de palo x 750 ml malbec,7798359120106,16089.0,"$16.089,00",20260901
Bebidas,Bebidas,vino tinto dada caramel x 750 ml.,7791540999147,6824.0,"$6.824,00",20260901
Bebidas,Bebidas,vino tinto dada low x 750 ml sweet red,7791540000898,6823.65,"$6.823,65",20260901
Bebidas,Bebidas,vino tinto dada nro 1 x 750 ml. vainilla,7791540044502,6824.0,"$6.824,00",20260901
Bebidas,Bebidas,vino tinto dada nro 2 x 750 ml. moka,7791540044519,6824.0,"$6.824,00",20260901
Bebidas,Bebidas,vino tinto dada nro 3 x 750 ml. especias,7791540044526,6824.0,"$6.824,00",20260901
Bebidas,Bebidas,vino tinto dada nro 8 x 750 ml. chocolate,7791540049590,6823.0,"$6.823,00",20260901
Bebidas,Bebidas,vino tinto dante robino malbec x 750 ml.,7790717151128,8045.0,"$8.045,00",20260901
Bebidas,Bebidas,vino tinto dilema day malbec x 750 ml.,7790314079672,4619.0,"$4.619,00",20260901
Bebidas,Bebidas,vino tinto dilema dulce natural x 750 ml.,7790314079719,4620.0,"$4.620,00",20260901
Bebidas,Bebidas,vino tinto doaa paula argentina edicion x 750 ml malbec,7798090164964,10570.63,"$10.570,63",20260901
Bebidas,Bebidas,vino tinto doaa paula blue edition bonarda x 750 ml,7798090163073,10571.0,"$10.571,00",20260901
Bebidas,Bebidas,vino tinto doaa paula estate x 750 ml black edition,7798090162212,10571.0,"$10.571,00",20260901
Bebidas,Bebidas,vino tinto doaa paula x 750 ml cabernet sauvignon,7798090160287,10571.0,"$10.571,00",20260901
Bebidas,Bebidas,vino tinto don david pinot noir x 750 ml.,7790189043686,7199.0,"$7.199,00",20260901
Bebidas,Bebidas,vino tinto don david x 750 ml red blend,7790189743692,7199.0,"$7.199,00",20260901
Bebidas,Bebidas,vino tinto don nicanor blend x 750 ml.,7790070760944,18535.0,"$18.535,00",20260901
Bebidas,Bebidas,vino tinto don nicanor malbec x 750 ml.,7790070760920,18535.0,"$18.535,00",20260901
Bebidas,Bebidas,vino tinto el bautismo x 750 ml. blend,7791540049927,4891.0,"$4.891,00",20260901
Bebidas,Bebidas,vino tinto el bautismo x 750 ml. malbec,7791540049910,5305.0,"$5.305,00",20260901
Bebidas,Bebidas,vino tinto el que rie ultimo rie mejor x 750 ml. b,7791540052057,10168.0,"$10.168,00",20260901
Bebidas,Bebidas,vino tinto elegido malbec x 750 ml.,7792319003164,4779.0,"$4.779,00",20260901
Bebidas,Bebidas,vino tinto elementos red blend x 750 ml.,7790189743456,6238.0,"$6.238,00",20260901
Bebidas,Bebidas,vino tinto emilia red blend x 750 ml.,7790070760784,5289.0,"$5.289,00",20260901
Bebidas,Bebidas,vino tinto emilia x 750 ml. cabernet sauvingnon,7790070760760,5289.0,"$5.289,00",20260901
Bebidas,Bebidas,vino tinto encuentro cabernet sauvignon x 750 ml.,7790577006125,15776.0,"$15.776,00",20260901
Bebidas,Bebidas,vino tinto encuentro malbec x 750 ml.,7790577006101,15776.0,"$15.776,00",20260901
Bebidas,Bebidas,vino tinto escorihuela gascon x 750 ml. cabernet s,7790415129085,11200.0,"$11.200,00",20260901
Bebidas,Bebidas,vino tinto esperado cabernet sauvignon x 750 ml.,7798108834292,6283.0,"$6.283,00",20260901
Bebidas,Bebidas,vino tinto estancia mendoza merlot-cabernet x 750.,7790314075292,4397.0,"$4.397,00",20260901
Bebidas,Bebidas,vino tinto estancia mendoza reserva malbec x 750 m,7790314079962,8033.0,"$8.033,00",20260901
Bebidas,Bebidas,vino tinto eugenio bustos cabernet sauvignon x 750,7798141877379,6214.0,"$6.214,00",20260901
Bebidas,Bebidas,vino tinto eugenio bustos leyenda x 750 ml. cabern,7798141877393,6707.0,"$6.707,00",20260901
Bebidas,Bebidas,vino tinto eugenio bustos leyenda x 750 ml. malbec,7798141877386,6707.0,"$6.707,00",20260901
Bebidas,Bebidas,vino tinto eugenio bustos x 750 ml. malbec,7798141877362,6214.0,"$6.214,00",20260901
Bebidas,Bebidas,vino tinto fair for life las moras malbec x 750 m.,7791540054266,6583.0,"$6.583,00",20260901
Bebidas,Bebidas,vino tinto familia gascon cabernet sauvignon x 750,7790415127814,6679.0,"$6.679,00",20260901
Bebidas,Bebidas,vino tinto familia gascon red blend x 750 ml.,7790415130791,6679.0,"$6.679,00",20260901
Bebidas,Bebidas,vino tinto familia gascon roble blend x 750 ml.,7790415130814,7879.0,"$7.879,00",20260901
Bebidas,Bebidas,vino tinto familia gascon roble cabernet sauvignon,7790415128767,7879.0,"$7.879,00",20260901
Bebidas,Bebidas,vino tinto familia gascon syrah x 750 ml.,7790415128217,6679.0,"$6.679,00",20260901
Bebidas,Bebidas,vino tinto federico de alvear red blend x 750 ml.,7791670027123,4439.0,"$4.439,00",20260901
Bebidas,Bebidas,vino tinto finajmos demencia x 750 ml corte de tin,7798422330296,6342.0,"$6.342,00",20260901
Bebidas,Bebidas,vino tinto finca el portillo cabernet sauvignon x,7798074864798,4859.0,"$4.859,00",20260901
Bebidas,Bebidas,vino tinto finca la linda red blend x 750 ml.,7791203003358,9463.0,"$9.463,00",20260901
Bebidas,Bebidas,vino tinto finca las moras cabernet sauvignon x 75,7790240128574,4897.0,"$4.897,00",20260901
Bebidas,Bebidas,vino tinto finca las moras red blend x 750 ml.,7791540999031,4897.0,"$4.897,00",20260901
Bebidas,Bebidas,vino tinto finca magnolia cabernet sauvignon x 750,7790314077630,6332.0,"$6.332,00",20260901
Bebidas,Bebidas,vino tinto finca magnolia x 750 ml. cabernet sauvi,7790314064012,5422.0,"$5.422,00",20260901
Bebidas,Bebidas,vino tinto finca magnolia x 750 ml. malbec,7790314079993,5422.0,"$5.422,00",20260901
Bebidas,Bebidas,vino tinto finca natalina autentico x 750 ml malbc,7797942007046,3900.0,"$3.900,00",20260901
Bebidas,Bebidas,vino tinto finca natalina roble cabernet sauvignon,7797942007213,4212.0,"$4.212,00",20260901
Bebidas,Bebidas,vino tinto finjamos demencia x 750 ml malbec,7798422330289,6342.0,"$6.342,00",20260901
Bebidas,Bebidas,vino tinto fran malbec x 750 ml.,7790070760685,5725.0,"$5.725,00",20260901
Bebidas,Bebidas,vino tinto gascon gran reserva malbec estuche,7790415002500,30000.0,"$30.000,00",20260901
Bebidas,Bebidas,vino tinto gascon roble x 375 ml malbec,7790415002418,5720.02,"$5.720,02",20260901
Bebidas,Bebidas,vino tinto gascon x 750 ml estuche malbec,7790415000810,11629.0,"$11.629,00",20260901
Bebidas,Bebidas,vino tinto gino blend x 750 ml.,7797942006544,7488.0,"$7.488,00",20260901
Bebidas,Bebidas,vino tinto graffigna cabernet sauvignon x 750 ml.,7790168075660,9171.0,"$9.171,00",20260901
Bebidas,Bebidas,vino tinto graffigna glorious malbec x 750 ml.,7790168903680,12538.0,"$12.538,00",20260901
Bebidas,Bebidas,vino tinto graffigna syrah x 750 ml.,7790168075677,9171.0,"$9.171,00",20260901
Bebidas,Bebidas,vino tinto kadabra malbec x 750 ml.,7790314010200,4434.0,"$4.434,00",20260901
Bebidas,Bebidas,vino tinto kadabra x 750 ml cabernet sauvignon,7790314010224,4434.0,"$4.434,00",20260901
Bebidas,Bebidas,vino tinto killka cabernet sauvignon x 750 ml.,7798074865139,6799.0,"$6.799,00",20260901
Bebidas,Bebidas,vino tinto la celia cabernet franc x 750 ml.,7798081661335,12538.0,"$12.538,00",20260901
Bebidas,Bebidas,vino tinto la celia elite malbec x 750 ml.,7798141874101,19720.0,"$19.720,00",20260901
Bebidas,Bebidas,vino tinto la celia heritage malbec x 750 ml.,7798141871469,45815.0,"$45.815,00",20260901
Bebidas,Bebidas,vino tinto la celia pioneer malbec x 750 ml.,7798081660437,12538.0,"$12.538,00",20260901
Bebidas,Bebidas,vino tinto la celia pioneer x 750 ml cabernet sauvignon,7798081660468,12537.0,"$12.537,00",20260901
Bebidas,Bebidas,vino tinto la celia reserva x 750 ml malbeccabernet franc,7798141877089,9171.0,"$9.171,00",20260901
Bebidas,Bebidas,vino tinto la celia reserva x 750 ml. malbec,7798141877058,9171.0,"$9.171,00",20260901
Bebidas,Bebidas,vino tinto las perdices cabernet sauvingnon x 750.,7798123970111,9500.0,"$9.500,00",20260901
Bebidas,Bebidas,vino tinto latitud 33 cabernet sauvignon x 750 ml.,7790975204215,7181.0,"$7.181,00",20260901
Bebidas,Bebidas,vino tinto lola montes cabernet sauvignon x 750 ml,7790415131217,5439.0,"$5.439,00",20260901
Bebidas,Bebidas,vino tinto lola montes x 750 ml. malbec,7790415131194,5439.0,"$5.439,00",20260901
Bebidas,Bebidas,vino tinto los arboles red blend x 750 ml.,7791250003257,5615.0,"$5.615,00",20260901
Bebidas,Bebidas,vino tinto los cardos x 750 ml cabernet sauvignon,7798090160201,6369.0,"$6.369,00",20260901
Bebidas,Bebidas,vino tinto los cardos x 750 ml mlabec,7798090160140,6369.0,"$6.369,00",20260901
Bebidas,Bebidas,vino tinto los cardos x 750 ml red blend,7798090162526,6369.0,"$6.369,00",20260901
Bebidas,Bebidas,vino tinto los haroldos estate blend x 750 ml.,7791843010587,4599.0,"$4.599,00",20260901
Bebidas,Bebidas,vino tinto los haroldos estate x 750 ml. malbec,7791843009130,4599.0,"$4.599,00",20260901
Bebidas,Bebidas,vino tinto los helechos cabernet sauvignon x 750 .,7790314010972,18588.0,"$18.588,00",20260901
Bebidas,Bebidas,vino tinto los helechos malbec x 750 ml.,7790314006357,18588.0,"$18.588,00",20260901
Bebidas,Bebidas,vino tinto los intocables caebrnet sauvignon x 75.,7791540049354,11056.0,"$11.056,00",20260901
Bebidas,Bebidas,vino tinto los intocables malbec x 750 ml.,7791540049347,11056.0,"$11.056,00",20260901
Bebidas,Bebidas,vino tinto los intocables red blend x 750 ml.,7791540051913,11056.0,"$11.056,00",20260901
Bebidas,Bebidas,vino tinto luigi bosca sangre red blend x 750 ml.,7791203000104,19239.0,"$19.239,00",20260901
Bebidas,Bebidas,vino tinto medalla malbec x 750 ml.,7790240092011,20309.0,"$20.309,00",20260901
Bebidas,Bebidas,vino tinto n. senetiner patrimonial malbec x 750 m,7790070760876,13717.0,"$13.717,00",20260901
Bebidas,Bebidas,vino tinto nampe x 750 ml. malbec,7791843008911,3799.0,"$3.799,00",20260901
Bebidas,Bebidas,vino tinto navarro correas reserva cabernet x 750,7790649000136,11308.0,"$11.308,00",20260901
Bebidas,Bebidas,vino tinto nave robino malbec x 750 ml.,7790717153900,6628.0,"$6.628,00",20260901
Bebidas,Bebidas,vino tinto nave roble cabernet sauvignon x 750 ml.,7790717153917,6628.0,"$6.628,00",20260901
Bebidas,Bebidas,vino tinto nieto senetiner blend x 750 ml.,7790070760852,10565.0,"$10.565,00",20260901
Bebidas,Bebidas,vino tinto norton d.o.c malbec x 750 ml.,7792319972675,14969.0,"$14.969,00",20260901
Bebidas,Bebidas,vino tinto norton libre cabernet sauvignon x 750 l,7792319972446,10255.0,"$10.255,00",20260901
Bebidas,Bebidas,vino tinto norton libre malbec x 750 ml,7792319972439,10255.0,"$10.255,00",20260901
Bebidas,Bebidas,vino tinto norton seleccion malbec x 750 ml.,7792319971104,7769.0,"$7.769,00",20260901
Bebidas,Bebidas,vino tinto norton seleccion malbec x 750 ml.,7792319971111,7769.0,"$7.769,00",20260901
Bebidas,Bebidas,vino tinto novecento cabernet sauvignon x 750 ml.,7790717152019,4758.0,"$4.758,00",20260901
Bebidas,Bebidas,vino tinto novecento x 750 ml. malbec,7790717152002,4758.0,"$4.758,00",20260901
Bebidas,Bebidas,vino tinto numina malbec x 750 ml.,7798074869311,15990.0,"$15.990,00",20260901
Bebidas,Bebidas,vino tinto o-61 red blend x 750 ml.,7798081669164,10362.0,"$10.362,00",20260901
Bebidas,Bebidas,vino tinto partridge blend x 750 ml.,7798123972115,6900.0,"$6.900,00",20260901
Bebidas,Bebidas,vino tinto partridge malbec x 750 ml.,7798123971309,6900.0,"$6.900,00",20260901
Bebidas,Bebidas,vino tinto pascual toso blend x 750 ml.,7791670026966,9779.0,"$9.779,00",20260901
Bebidas,Bebidas,vino tinto paz cabernet-cabernet franc x 750 ml.,7790240093773,12189.0,"$12.189,00",20260901
Bebidas,Bebidas,vino tinto pirueta malbec x 750 ml.,7790314063220,5272.0,"$5.272,00",20260901
Bebidas,Bebidas,vino tinto portillo tempranillo x 750 ml.,7798074864859,4859.0,"$4.859,00",20260901
Bebidas,Bebidas,vino tinto putruele malbec x 750 ml.,7797942007244,4549.0,"$4.549,00",20260901
Bebidas,Bebidas,vino tinto pyros malbec x 750 ml.,7798108833066,13213.0,"$13.213,00",20260901
Bebidas,Bebidas,vino tinto rincon famoso sangiovese malbec x 750 .,7790336032501,11198.57,"$11.198,57",20260901
Bebidas,Bebidas,vino tinto rocky cabernet sauvignon x 750 ml.,7790415131255,6000.0,"$6.000,00",20260901
Bebidas,Bebidas,vino tinto ruca malen cap. 2 cabernet sauvignon x,7790070651082,18758.0,"$18.758,00",20260901
Bebidas,Bebidas,vino tinto ruca malen capitulo 1 x 750 ml cabernet sauvignon,7790070650948,7499.0,"$7.499,00",20260901
Bebidas,Bebidas,vino tinto ruca malen capitulo 2 x 750 ml petit verdot,7790070651013,18758.0,"$18.758,00",20260901
Bebidas,Bebidas,vino tinto ruca malen capitulo 2 x 750 ml pinit noir,7790070651020,18758.0,"$18.758,00",20260901
Bebidas,Bebidas,vino tinto rutini cabernet franc-malbec x 750 ml.,7790577043595,17661.02,"$17.661,02",20260901
Bebidas,Bebidas,vino tinto rutini x 750 ml cabernet merlot,7790577039949,17661.02,"$17.661,02",20260901
Bebidas,Bebidas,vino tinto rutini x 750 ml cabernetsyrah,7790577039987,17661.02,"$17.661,02",20260901
Bebidas,Bebidas,vino tinto rutini x 750 ml. cabernet-malbec,7790577001663,17661.02,"$17.661,02",20260901
Bebidas,Bebidas,vino tinto salentein reserva cabernet sauvignon x,7798074860349,11659.0,"$11.659,00",20260901
Bebidas,Bebidas,vino tinto san felipe 12 uvas x 750 ml.,7790577001571,5939.0,"$5.939,00",20260901
Bebidas,Bebidas,vino tinto san felipe cabernet sauvignon x 750 ml.,7790577039659,5262.0,"$5.262,00",20260901
Bebidas,Bebidas,vino tinto san felipe malbec x 750 ml.,7790577039628,5262.0,"$5.262,00",20260901
Bebidas,Bebidas,vino tinto san felipe x 750 ml.,7790577000024,5939.0,"$5.939,00",20260901
Bebidas,Bebidas,vino tinto santa florentina cabernet sauvignon x 7,7790265000107,5350.0,"$5.350,00",20260901
Bebidas,Bebidas,vino tinto santa julia cabernet sauvignon x 750 ml,7791728243871,6115.0,"$6.115,00",20260901
Bebidas,Bebidas,vino tinto santa julia dulce natural x 269 ml.,7791728239331,3608.0,"$3.608,00",20260901
Bebidas,Bebidas,vino tinto santa julia malbec x 750 ml.,7791728247114,6115.0,"$6.115,00",20260901
Bebidas,Bebidas,vino tinto santa julia merlot x 750 ml.,7791728247763,6115.0,"$6.115,00",20260901
Bebidas,Bebidas,vino tinto santa julia pinot noir x 750 ml.,7791728247770,6115.0,"$6.115,00",20260901
Bebidas,Bebidas,vino tinto santa julia reserva blend x 750 ml.,7791728008128,8978.0,"$8.978,00",20260901
Bebidas,Bebidas,vino tinto santa julia syrah x 750 ml.,7791728247756,6115.0,"$6.115,00",20260901
Bebidas,Bebidas,vino tinto santa julia tintillo malbec-bonarda x .,7791728239324,3608.0,"$3.608,00",20260901
Bebidas,Bebidas,vino tinto septima emblema malbec x 750 ml.,7798078238113,9734.0,"$9.734,00",20260901
Bebidas,Bebidas,vino tinto septima obra cabernet sauvignon x 750 .,7798078230667,16380.0,"$16.380,00",20260901
Bebidas,Bebidas,vino tinto sexyfish cabernet franc x 750 ml.,7792319971241,6339.0,"$6.339,00",20260901
Bebidas,Bebidas,vino tinto sexyfish malbec x 750 ml.,7792319972712,6339.0,"$6.339,00",20260901
Bebidas,Bebidas,vino tinto suter cabernet sauvignon x 750 ml.,7790704167644,4214.0,"$4.214,00",20260901
Bebidas,Bebidas,vino tinto suter malbec x 750 ml.,7790704167637,4214.0,"$4.214,00",20260901
Bebidas,Bebidas,vino tinto talisman x 750 ml. malbec,7792319971722,4429.0,"$4.429,00",20260901
Bebidas,Bebidas,vino tinto terra cabernet sauvignon roble x 750 ml,7798051304736,7509.0,"$7.509,00",20260901
Bebidas,Bebidas,vino tinto texto subito malbec-cabernet x 750 ml.,7790314064241,9425.0,"$9.425,00",20260901
Bebidas,Bebidas,vino tinto toro x 1 lt.,7790314063824,2819.0,"$2.819,00",20260901
Bebidas,Bebidas,vino tinto trapiche impuro malbec x 750 ml.,7790240096774,11607.0,"$11.607,00",20260901
Bebidas,Bebidas,vino tinto trapiche malbec x 750 ml.,7790240094459,10663.0,"$10.663,00",20260901
Bebidas,Bebidas,vino tinto trapiche medalla blend x 750 ml.,7790240003437,20309.0,"$20.309,00",20260901
Bebidas,Bebidas,vino tinto trapiche puro malbec x 750 ml.,7790240096767,11607.0,"$11.607,00",20260901
Bebidas,Bebidas,vino tinto trapiche reserva cabernet sauvignon x 7,7790240094466,10663.0,"$10.663,00",20260901
Bebidas,Bebidas,vino tinto tribu cabernet sauvignon x 750 ml.,7798039590373,5261.0,"$5.261,00",20260901
Bebidas,Bebidas,vino tinto tribu malbec x 750 ml.,7798039590151,5261.0,"$5.261,00",20260901
Bebidas,Bebidas,vino tinto trumpeter malbec x 750 ml.,7790577002165,10007.63,"$10.007,63",20260901
Bebidas,Bebidas,vino tinto trumpeter reserva blend x 750 ml.,7790577004237,12968.24,"$12.968,24",20260901
Bebidas,Bebidas,vino tinto vasco viejo blend x 750 ml.,7790336020720,4435.0,"$4.435,00",20260901
Bebidas,Bebidas,vino tinto vinas de balbo borgona x 700 ml.,7791843000076,2469.0,"$2.469,00",20260901
Bebidas,Bebidas,vino tinto wampa malbec x 750 ml.,7797942006933,4992.0,"$4.992,00",20260901
Bebidas,Bebidas,vino tinto zumuva tetra x 1 lt.,7790314004346,2432.0,"$2.432,00",20260901
Bebidas,Bebidas,vino toro  viejo x 1125 ml blanco,7790314005329,4581.0,"$4.581,00",20260901
Bebidas,Bebidas,vino toro centenario x 750 ml. malbec,7790314005947,4182.0,"$4.182,00",20260901
Bebidas,Bebidas,vino toro clasico x 700 ml.,7790314079054,2380.0,"$2.380,00",20260901
Bebidas,Bebidas,vino toro clasico x 750 ml.,7790314003226,3347.0,"$3.347,00",20260901
Bebidas,Bebidas,vino toro lacrado x 1.125 litros tinto,7790314009532,4342.0,"$4.342,00",20260901
Bebidas,Bebidas,vino toro tetra x1lt.blanco,7790314063848,2324.0,"$2.324,00",20260901
Bebidas,Bebidas,vino toro tinto x 1 litro,7790314079849,3126.0,"$3.126,00",20260901
Bebidas,Bebidas,vino toro viejo bonarda-syrah x 750 ml.,7790314079917,3643.0,"$3.643,00",20260901
Bebidas,Bebidas,vino toro viejo syrah-malbec x 1 litro,7790314079894,5333.0,"$5.333,00",20260901
Bebidas,Bebidas,vino toro viejo x 1.125 litros tinto,7790314005305,4536.0,"$4.536,00",20260901
Bebidas,Bebidas,vino toro viejo x 1125 ml . bonardasyrah,7790314079900,5333.0,"$5.333,00",20260901
Bebidas,Bebidas,vino toro viejo x 3 lt. bonarda-syrah,7790314005893,14435.0,"$14.435,00",20260901
Bebidas,Bebidas,vino traful blamco bland,7790336021758,5233.72,"$5.233,72",20260901
Bebidas,Bebidas,vino traful blend de uvas tintas x 1125 ml.,7790336051144,6529.82,"$6.529,82",20260901
Bebidas,Bebidas,vino traful tinto de uvas x 750 ml.,7790336021741,5233.72,"$5.233,72",20260901
Bebidas,Bebidas,vino trapiche alaris dulce cosecha  x 750 ml,7790240941258,4457.02,"$4.457,02",20260901
Bebidas,Bebidas,vino trapiche alaris x 750 ml syrah,7790240140583,4872.0,"$4.872,00",20260901
Bebidas,Bebidas,vino trapiche alaris x 750 ml. torrontes,7790240091212,4668.0,"$4.668,00",20260901
Bebidas,Bebidas,vino trapiche puro rose x 750 ml.,7790240098167,9860.0,"$9.860,00",20260901
Bebidas,Bebidas,vino trapiche reserva red blend x 750 ml.,7790240940916,10663.0,"$10.663,00",20260901
Bebidas,Bebidas,vino trapiche tesoro malbec  x 750 ml,7791540053887,15678.0,"$15.678,00",20260901
Bebidas,Bebidas,vino trivento  maximum x 750 ml red blend,7798039599246,9079.0,"$9.079,00",20260901
Bebidas,Bebidas,vino trivento gold reserva x 750 ml cabernet franc,7798039598140,20405.0,"$20.405,00",20260901
Bebidas,Bebidas,vino trivento golden reserve malbec x 750 ml.,7798039590625,20405.0,"$20.405,00",20260901
Bebidas,Bebidas,vino trivento privado reserva malbec x 750 ml,7798039598454,11419.0,"$11.419,00",20260901
Bebidas,Bebidas,vino trivento privado reserva x 750 ml cabernet,7798039599819,11419.0,"$11.419,00",20260901
Bebidas,Bebidas,vino trivento reserva malbec x 750 ml.,7798039590342,9079.0,"$9.079,00",20260901
Bebidas,Bebidas,vino trivento reserva rosado malbec x 750 ml,7798039594333,9079.0,"$9.079,00",20260901
Bebidas,Bebidas,vino trivento reserva x 750 ml white malbec,7798039599192,9079.0,"$9.079,00",20260901
Bebidas,Bebidas,vino trumpeter cabernet sauvignon x 750 ml.,7790577002141,10007.63,"$10.007,63",20260901
Bebidas,Bebidas,vino trumpeter reserva x 750 ml viog,7790577040679,12968.24,"$12.968,24",20260901
Bebidas,Bebidas,vino trumpeter x 750 ml malbec syrah,7790577002882,10007.63,"$10.007,63",20260901
Bebidas,Bebidas,vino trumpeter x 750 ml merlot,7790577002172,10007.63,"$10.007,63",20260901
Bebidas,Bebidas,vino uxmal bravio x 750 ml syrah,7794450004703,4974.0,"$4.974,00",20260901
Bebidas,Bebidas,vino uxmal bravio x 750 ml. cabernet sauvignon,7794450004253,4974.0,"$4.974,00",20260901
Bebidas,Bebidas,vino uxmal bravio x 750 ml. malbec,7794450004239,4974.0,"$4.974,00",20260901
Bebidas,Bebidas,vino v.de balbo x1.125lt.chablis,7791843008317,3059.0,"$3.059,00",20260901
Bebidas,Bebidas,"vino valderrobles x 1,125 ml. bonarda-syrah",7794450002075,5805.0,"$5.805,00",20260901
Bebidas,Bebidas,vino vasco viejo malbec x 750 ml.,7790336050192,5892.0,"$5.892,00",20260901
Bebidas,Bebidas,"vino vinas de balbo x 1,125 lt. borgona",7791843008294,3059.0,"$3.059,00",20260901
Bebidas,Bebidas,vino viniterra cabernet sauvignon x 750 ml.,7798051300059,11319.0,"$11.319,00",20260901
Bebidas,Bebidas,vino viniterra x750ml.malbec,7798051300080,11319.0,"$11.319,00",20260901
Bebidas,Bebidas,vino wampa cabernet sauvignon x 750 ml.,7797942006940,4992.0,"$4.992,00",20260901
Bebidas,Bebidas,vino zuccardi serie a malbec x 750 ml.,7791728021301,16799.0,"$16.799,00",20260901
Bebidas,Bebidas,vino zumuva tetra blanco dulce x 1 lt.,7790314004384,2037.0,"$2.037,00",20260901
Bebidas,Bebidas,vino zumuva tetra blanco x 1 lt.,7790314004353,2037.0,"$2.037,00",20260901
Bebidas,Bebidas,vodka,7791200200583,11854.0,"$11.854,00",20260901
Bebidas,Bebidas,vodka absolut mango x 700 ml.,7312040350209,34215.0,"$34.215,00",20260901
Bebidas,Bebidas,vodka absolut original x 700 ml.,7312040017683,30892.0,"$30.892,00",20260901
Bebidas,Bebidas,vodka absolut vainilla x 700 ml.,7312040350100,34215.0,"$34.215,00",20260901
Bebidas,Bebidas,vodka absolut watermelon x 700 ml.,7312040552726,34215.0,"$34.215,00",20260901
Bebidas,Bebidas,vodka absolut x 700 ml lime,7312040551668,29631.0,"$29.631,00",20260901
Bebidas,Bebidas,vodka absolut x 700 ml mandrin,7312040050703,34215.0,"$34.215,00",20260901
Bebidas,Bebidas,vodka absolut x700ml.pears,7312040350254,34215.0,"$34.215,00",20260901
Bebidas,Bebidas,vodka absolut x700ml.raspberri,7312040350056,34215.0,"$34.215,00",20260901
Bebidas,Bebidas,vodka berr,7791250003189,3331.0,"$3.331,00",20260901
Bebidas,Bebidas,vodka eristoff x 700 ml.,5010677800754,11120.0,"$11.120,00",20260901
Bebidas,Bebidas,vodka sernova wild berries x 700 ml.,7790290101527,11610.0,"$11.610,00",20260901
Bebidas,Bebidas,vodka sernova x 700 ml candy glow,7790290101787,11610.05,"$11.610,05",20260901
Bebidas,Bebidas,vodka sernova x 700 ml.,7790290101510,10579.0,"$10.579,00",20260901
Bebidas,Bebidas,vodka sernova x 700ml tropical passion,7790290101664,11610.0,"$11.610,00",20260901
Bebidas,Bebidas,vodka sernova x700ml.fresh cit,7790290101534,11610.0,"$11.610,00",20260901
Bebidas,Bebidas,vodka sernova x700ml.sweet app,7790290101657,11610.0,"$11.610,00",20260901
Bebidas,Bebidas,vodka skyy apricot x 700 ml,7791200200873,12192.0,"$12.192,00",20260901
Bebidas,Bebidas,vodka skyy inf x 700 ml raspberry,7791200200866,11854.0,"$11.854,00",20260901
Bebidas,Bebidas,vodka skyy infusions passion fruit x 750 ml.,7791200200613,11854.0,"$11.854,00",20260901
Bebidas,Bebidas,vodka skyy infusions x 750 ml. pineapple,7791200200620,11854.0,"$11.854,00",20260901
Bebidas,Bebidas,vodka skyy x 700 ml blood orange,7791200200842,12192.0,"$12.192,00",20260901
Bebidas,Bebidas,vodka skyy x 700 ml cosmic,7791200200835,12192.0,"$12.192,00",20260901
Bebidas,Bebidas,vodka skyy x 750 ml.,7791200000213,10565.0,"$10.565,00",20260901
Bebidas,Bebidas,vodka smirnof x 473 ml ice green  apple,7791250003127,3331.0,"$3.331,00",20260901
Bebidas,Bebidas,vodka smirnoff green apple x 700 ml.,7791250001857,10689.0,"$10.689,00",20260901
Bebidas,Bebidas,vodka smirnoff naranja y lima x 473 ml.,7791250801532,3496.0,"$3.496,00",20260901
Bebidas,Bebidas,vodka smirnoff pomelo y lima x 473 ml.,7791250801563,3496.0,"$3.496,00",20260901
Bebidas,Bebidas,vodka smirnoff raspberry x 700 ml.,7791250001871,10689.0,"$10.689,00",20260901
Bebidas,Bebidas,vodka smirnoff red x 700 ml.,7791250001345,9689.0,"$9.689,00",20260901
Bebidas,Bebidas,vodka smirnoff tamarind x 700 ml.,7791250003400,10689.0,"$10.689,00",20260901
Bebidas,Bebidas,vodka smirnoff tropical fruits x 700 ml.,7791250003202,10689.0,"$10.689,00",20260901
Bebidas,Bebidas,vodka smirnoff watermelon x 700 ml.,7791250002243,10689.0,"$10.689,00",20260901
Bebidas,Bebidas,vodka smirnoff x 473 ml ice lata,7791250003110,3331.0,"$3.331,00",20260901
Bebidas,Bebidas,vodka wyborowa x 700 ml.,7792410529198,7569.0,"$7.569,00",20260901
Bebidas,Bebidas,vodka wyborowa x700ml.raspberr,7792410533102,8825.9,"$8.825,90",20260901
Bebidas,Bebidas,whisk blenders americano x 750 ml.,7792410515528,12693.0,"$12.693,00",20260901
Bebidas,Bebidas,whiski jack daniels x 700 ml t. fire,5099873006351,47699.0,"$47.699,00",20260901
Bebidas,Bebidas,whisky ballantines x 700 ml.,5010106113073,38496.8,"$38.496,80",20260901
Bebidas,Bebidas,whisky ballantines x 700ml bourbon,5000299628034,53103.84,"$53.103,84",20260901
Bebidas,Bebidas,whisky blenders x1lt.,7792410010009,13970.0,"$13.970,00",20260901
Bebidas,Bebidas,whisky blenders x750ml.,7792410532167,11510.0,"$11.510,00",20260901
Bebidas,Bebidas,whisky blenders x750ml.honey,7792410779395,12089.0,"$12.089,00",20260901
Bebidas,Bebidas,whisky chicas 12 yo x700ml,80432402931,67791.76,"$67.791,76",20260901
Bebidas,Bebidas,whisky chivas regal 12 anos x500 ml.,80432402733,53264.65,"$53.264,65",20260901
Bebidas,Bebidas,whisky chivas regal 18 anos x 750 ml.,5000299225028,221578.0,"$221.578,00",20260901
Bebidas,Bebidas,whisky chivas regal x 1 lt.,80432400432,88287.85,"$88.287,85",20260901
Bebidas,Bebidas,whisky chivas regal x 700 ml 13 aaos,5000299611104,90336.6,"$90.336,60",20260901
Bebidas,Bebidas,whisky chivas x 700 ml mizunara,5000299601693,100859.0,"$100.859,00",20260901
Bebidas,Bebidas,whisky j yb rare x 750 ml,5010103800310,26209.0,"$26.209,00",20260901
Bebidas,Bebidas,whisky jack daniels x 700 ml 0.7,82184090473,47699.0,"$47.699,00",20260901
Bebidas,Bebidas,whisky jack daniel`s apple x 700 ml.,5099873017623,47699.0,"$47.699,00",20260901
Bebidas,Bebidas,whisky jack daniel`s honey x 750 ml.,82184000335,47699.0,"$47.699,00",20260901
Bebidas,Bebidas,whisky jameson black barrel x 700 ml.,5011007024000,72248.95,"$72.248,95",20260901
Bebidas,Bebidas,whisky jameson caskmates ipa edition x 700 ml.,5011007025960,51795.0,"$51.795,00",20260901
Bebidas,Bebidas,whisky jameson x 700 ml.,5011007003005,42642.23,"$42.642,23",20260901
Bebidas,Bebidas,whisky jb x 750 ml.,7791250001994,27956.0,"$27.956,00",20260901
Bebidas,Bebidas,whisky jim beam white label x 750 ml.,80686025351,49679.0,"$49.679,00",20260901
Bebidas,Bebidas,whisky johnnie walker black label 12 anos x 750 m.,5000267024004,67219.0,"$67.219,00",20260901
Bebidas,Bebidas,whisky johnnie walker red label x 1 litro,5000267013602,42979.0,"$42.979,00",20260901
Bebidas,Bebidas,whisky johnnie walker red label x 750 ml.,5000267014005,35749.0,"$35.749,00",20260901
Bebidas,Bebidas,whisky johnnie walker x 750 ml double black,5000267116419,76569.0,"$76.569,00",20260901
Bebidas,Bebidas,whisky johnny walker black label x 1 lt.,5000267023601,82649.0,"$82.649,00",20260901
Bebidas,Bebidas,whisky jonnie walker black label x 750 ml,5000267024011,67219.0,"$67.219,00",20260901
Bebidas,Bebidas,whisky old smuggler anejo x 750 ml.,7798131200620,10162.0,"$10.162,00",20260901
Bebidas,Bebidas,whisky premium x 700 ml.,7792410523806,6061.96,"$6.061,96",20260901
Bebidas,Bebidas,whisky t.glenlivet 12anos x700,80432402825,114553.0,"$114.553,00",20260901
Bebidas,Bebidas,whisky white horse x 750 ml.,7791250001253,20139.0,"$20.139,00",20260901
Carniceria,Frescos,12 pollo x kilo,2030650000004,5433.0,"$5.433,00",20260901
Carniceria,Frescos,asado de costilla ternera x kg.,2024850000001,19900.0,"$19.900,00",20260901
Carniceria,Frescos,asado mar del plata ternera x kg.,2024860000008,22000.0,"$22.000,00",20260901
Carniceria,Frescos,bofe x kilo,2025750000009,1729.72,"$1.729,72",20260901
Carniceria,Frescos,bondiola cerdo paladini x kg.,2014400000001,14583.0,"$14.583,00",20260901
Carniceria,Frescos,bondiola de cerdo el cheru x kilo x kg.,2028610000003,10648.0,"$10.648,00",20260901
Carniceria,Frescos,brazuelo chueso ternera x kg.,2024920000009,16900.0,"$16.900,00",20260901
Carniceria,Frescos,brazuelo shueso ternera x kg.,2024960000007,18900.0,"$18.900,00",20260901
Carniceria,Frescos,cabeza de lomo de cerdo el cheru x kg.,2030430000002,7900.0,"$7.900,00",20260901
Carniceria,Frescos,cabeza de lomo ternera x kg.,2024990000008,18900.0,"$18.900,00",20260901
Carniceria,Frescos,carbon forestales pacheco x 3 kg.,7793483492266,4659.0,"$4.659,00",20260901
Carniceria,Frescos,carbon forestales pacheco x 5 kg.,7313463914009,7962.0,"$7.962,00",20260901
Carniceria,Frescos,carbon fuego x 3.5 kg.,7796661000017,4129.0,"$4.129,00",20260901
Carniceria,Frescos,carbon la esperanza x 3 kg.,7798025870014,5252.0,"$5.252,00",20260901
Carniceria,Frescos,carbon la esperanza x 5 kg.,7798025870038,8471.0,"$8.471,00",20260901
Carniceria,Frescos,carne picada comun ternera x kg.,2025550000001,8900.0,"$8.900,00",20260901
Carniceria,Frescos,carre de cerdo deshuesado paladini x kg.,2014460000003,14405.0,"$14.405,00",20260901
Carniceria,Frescos,carre de cerdo deshuesado paladini x kg.,2028190000004,16566.0,"$16.566,00",20260901
Carniceria,Frescos,carre de cerdo el cheru x kg.,2028660000008,8513.0,"$8.513,00",20260901
Carniceria,Frescos,chinchulines x kg.,2023850000004,7735.0,"$7.735,00",20260901
Carniceria,Frescos,chorizo especial el cheru x kg.,2028670000005,9762.0,"$9.762,00",20260901
Carniceria,Frescos,chorizo fresco trad. paladini env x 360 gr,7790079024153,6311.0,"$6.311,00",20260901
Carniceria,Frescos,chorizos bombon paladini x kg.,2014490000004,16277.0,"$16.277,00",20260901
Carniceria,Frescos,chorizos de cerdo paladini tipo bombon env x 360g,7790079024160,7687.0,"$7.687,00",20260901
Carniceria,Frescos,chorizos de cerdo swift x 400 gr.,7790360980625,5909.0,"$5.909,00",20260901
Carniceria,Frescos,chorizos especiales paladini x kg.,2014510000007,16206.0,"$16.206,00",20260901
Carniceria,Frescos,chorizos fela envasados al vacio x kilo,2032220000001,10341.0,"$10.341,00",20260901
Carniceria,Frescos,chorizos frescos de cerdo paladini env x 360 gr,7790079024146,7322.0,"$7.322,00",20260901
Carniceria,Frescos,churrasco de cerdo el cheru x kg.,2028720000009,15837.0,"$15.837,00",20260901
Carniceria,Frescos,churrasquito cerdo paladini in,2028170000000,15819.0,"$15.819,00",20260901
Carniceria,Frescos,churrasquito cerdo paladini x kg.,2014550000005,15819.0,"$15.819,00",20260901
Carniceria,Frescos,corazon x kg.,2023860000001,7832.0,"$7.832,00",20260901
Carniceria,Frescos,costeletas chicas ternera x kg.,2025100000000,18900.0,"$18.900,00",20260901
Carniceria,Frescos,costeletas grandes ternera x kg.,2025120000004,16900.0,"$16.900,00",20260901
Carniceria,Frescos,costeletas medianas ternera x kg.,2025140000008,18900.0,"$18.900,00",20260901
Carniceria,Frescos,costilla de cerdo paladini x kg.,2014560000002,9392.0,"$9.392,00",20260901
Carniceria,Frescos,cuadril de cerdo el cheru x kilo,2030460000003,7900.0,"$7.900,00",20260901
Carniceria,Frescos,cuadril ternera x kg.,2025160000002,23900.0,"$23.900,00",20260901
Carniceria,Frescos,cuajo x kilo,2025760000006,3460.72,"$3.460,72",20260901
Carniceria,Frescos,cuarto trasero de pollo x kg.,2024540000007,4775.0,"$4.775,00",20260901
Carniceria,Frescos,entrana fina ternera x kg.,2025180000006,26900.0,"$26.900,00",20260901
Carniceria,Frescos,entrana x kg.,2023890000002,15673.0,"$15.673,00",20260901
Carniceria,Frescos,entrecot especial de ternera x kilo,2025220000003,27900.0,"$27.900,00",20260901
Carniceria,Frescos,entrecot ternera x kg.,2025240000007,17900.0,"$17.900,00",20260901
Carniceria,Frescos,falda ternera x kg.,2025270000008,11900.0,"$11.900,00",20260901
Carniceria,Frescos,fardo de lena la esperanza,754697455390,2880.0,"$2.880,00",20260901
Carniceria,Frescos,filet de pechuga soychu x kg.,2024560000001,10373.0,"$10.373,00",20260901
Carniceria,Frescos,grasa vacuna ref.swift x500gr.,7790360975195,4719.0,"$4.719,00",20260901
Carniceria,Frescos,grasa vacuna refinada swift x 1 kg.,7790360975201,7869.0,"$7.869,00",20260901
Carniceria,Frescos,higado x kg.,2023900000008,6205.0,"$6.205,00",20260901
Carniceria,Frescos,jamon con hueso sin cuero el cheru x kilo,2030530000001,7900.0,"$7.900,00",20260901
Carniceria,Frescos,jamon cuadrado de cerdo el cheru x kg.,2030440000009,7900.0,"$7.900,00",20260901
Carniceria,Frescos,jamon cuadrado ternera x kg.,2025310000005,18900.0,"$18.900,00",20260901
Carniceria,Frescos,jamon redondo de cerdo el cheru x kg.,2030450000006,7900.0,"$7.900,00",20260901
Carniceria,Frescos,jamon redondo ternera x kg.,2025330000009,24900.0,"$24.900,00",20260901
Carniceria,Frescos,lechon el cheru x kilo,2028810000001,19990.0,"$19.990,00",20260901
Carniceria,Frescos,lena forestales pacheco x 6 kg.,76625246543,6438.0,"$6.438,00",20260901
Carniceria,Frescos,lomo ternera x kg.,2025350000003,30000.0,"$30.000,00",20260901
Carniceria,Frescos,marucha especial ternera x kg.,2025360000000,17900.0,"$17.900,00",20260901
Carniceria,Frescos,marucha x kilo,2025380000004,15900.0,"$15.900,00",20260901
Carniceria,Frescos,matambre ternera x kg.,2025410000004,17900.0,"$17.900,00",20260901
Carniceria,Frescos,matambrito de cerdo el cheru x kg.,2028700000005,24986.0,"$24.986,00",20260901
Carniceria,Frescos,mollejas x kg.,2023920000002,39924.0,"$39.924,00",20260901
Carniceria,Frescos,mondongo * x kg.,2023940000006,11791.0,"$11.791,00",20260901
Carniceria,Frescos,morcilla dulce paladini envasada x kg.,2014960000008,15872.0,"$15.872,00",20260901
Carniceria,Frescos,morcilla espanola paladini x kg.,2014980000002,9292.0,"$9.292,00",20260901
Carniceria,Frescos,morcilla paladini parrillera envasada x kg.,2015000000002,13956.0,"$13.956,00",20260901
Carniceria,Frescos,morcilla paladini parrillera x kg.,2015010000009,9849.0,"$9.849,00",20260901
Carniceria,Frescos,nalga de cerdo el cheru x kilo x kg.,2030470000000,7900.0,"$7.900,00",20260901
Carniceria,Frescos,nalga ternera x kg.,2025480000003,22900.0,"$22.900,00",20260901
Carniceria,Frescos,paleta con cuero el cheru x kilo x kg.,2028630000007,6901.0,"$6.901,00",20260901
Carniceria,Frescos,palomita ternera x kg.,2025510000003,17900.0,"$17.900,00",20260901
Carniceria,Frescos,parrillada la gallega x kg x kg.,2038320000002,27900.0,"$27.900,00",20260901
Carniceria,Frescos,pechito de cerdo el cheru x kg.,2028620000000,8930.0,"$8.930,00",20260901
Carniceria,Frescos,picada ternera x kg.,2025530000007,17900.0,"$17.900,00",20260901
Carniceria,Frescos,pollo x kilo,2024570000008,4939.0,"$4.939,00",20260901
Carniceria,Frescos,puchero caracu ternera x kg.,2025590000009,7900.0,"$7.900,00",20260901
Carniceria,Frescos,puchero de aguja ternera x kg.,2025600000005,7900.0,"$7.900,00",20260901
Carniceria,Frescos,puchero especial osobuco ternera x kg.,2025610000002,13900.0,"$13.900,00",20260901
Carniceria,Frescos,punta de vacio ternera x kg.,2025620000009,25900.0,"$25.900,00",20260901
Carniceria,Frescos,punta vacio de cerdo el cheru x kilo x kg.,2030480000007,7900.0,"$7.900,00",20260901
Carniceria,Frescos,quijada x  kilo,2025790000007,7648.41,"$7.648,41",20260901
Carniceria,Frescos,rabos x kg.,2023970000007,11783.0,"$11.783,00",20260901
Carniceria,Frescos,rinones sgrasa x kg.,2023980000004,8176.0,"$8.176,00",20260901
Carniceria,Frescos,salchicha fina parrillera paladini x kg.,2015640000004,15546.0,"$15.546,00",20260901
Carniceria,Frescos,salchicha fresca parrillera paldini env x 270 gr,7790079024122,5786.0,"$5.786,00",20260901
Carniceria,Frescos,salchicha parrillera el cheru x kg.,2029230000008,10304.0,"$10.304,00",20260901
Carniceria,Frescos,sesos x kg.,2023990000001,3755.0,"$3.755,00",20260901
Carniceria,Frescos,solomillo cerdo paladini x kg.,2015690000009,14894.0,"$14.894,00",20260901
Carniceria,Frescos,solomillo de cerdo el cheru x kg.,2028710000002,11880.0,"$11.880,00",20260901
Carniceria,Frescos,solomillo de cerdo paladini x kg.,2028180000007,15713.0,"$15.713,00",20260901
Carniceria,Frescos,suprema pollo x kg.,2031640000004,12190.0,"$12.190,00",20260901
Carniceria,Frescos,tapa de asado ternera x kg.,2025680000001,17900.0,"$17.900,00",20260901
Carniceria,Frescos,tapa de nalga ternera x kg.,2025690000008,20900.0,"$20.900,00",20260901
Carniceria,Frescos,tendones x kilo,2024000000004,9705.36,"$9.705,36",20260901
Carniceria,Frescos,tripa gorda x kg.,2024010000001,7519.0,"$7.519,00",20260901
Carniceria,Frescos,vacio ternera x kg.,2025810000000,24900.0,"$24.900,00",20260901
Congelados,Congelados,acelga congelada granja del sol x 500 gr.,7790070036292,4602.0,"$4.602,00",20260901
Congelados,Congelados,acelga congelada green life x 550 gr.,7790670052593,4349.0,"$4.349,00",20260901
Congelados,Congelados,acelga congelada lucchetti x 450 gr.,7790070036346,3911.0,"$3.911,00",20260901
Congelados,Congelados,aleta de calamar x kg.,2031570000006,20695.0,"$20.695,00",20260901
Congelados,Congelados,alitas de pollo sadia drumette x 400 gm rebozadas,7891515586720,8689.0,"$8.689,00",20260901
Congelados,Congelados,arandanos green life x 300 gr.,7790670052517,6349.0,"$6.349,00",20260901
Congelados,Congelados,arvejas cong.lucchetti x300gr.,7790070036414,3588.0,"$3.588,00",20260901
Congelados,Congelados,arvejas congeladas granja del sol x 300 gr,7790070036384,3474.0,"$3.474,00",20260901
Congelados,Congelados,arvejas congeladas green life x 350 gr.,7790670052609,3939.0,"$3.939,00",20260901
Congelados,Congelados,baston de merluza x kg.,2030550000005,13551.0,"$13.551,00",20260901
Congelados,Congelados,bastoncitos de merluza granja del sol x 300 gr.,7790070036513,5066.0,"$5.066,00",20260901
Congelados,Congelados,bocaditos de pollo lucchetti x 400 gr.,7790070036650,6751.0,"$6.751,00",20260901
Congelados,Congelados,bocaditos swift x 400 gm pollo,7790360982445,5989.0,"$5.989,00",20260901
Congelados,Congelados,boga despinada envasada al vacio x kilo,2031890000007,32118.0,"$32.118,00",20260901
Congelados,Congelados,bombon franui x 150 gm free,7798147784442,9422.0,"$9.422,00",20260901
Congelados,Congelados,bombones franui chocolate amargo x 150 gr.,7798147780062,9422.0,"$9.422,00",20260901
Congelados,Congelados,bombones franui chocolate con leche x 150 gr.,7798147783223,9422.0,"$9.422,00",20260901
Congelados,Congelados,bombones franui pink x 150 gr.,7798147784008,9422.0,"$9.422,00",20260901
Congelados,Congelados,brocoli congelado green life x 450 gr.,7790670052586,5479.0,"$5.479,00",20260901
Congelados,Congelados,brocoli congelado lucchetti x 300 gr.,7790070036322,4255.0,"$4.255,00",20260901
Congelados,Congelados,camaron cocido x kg.,2030600000009,64757.0,"$64.757,00",20260901
Congelados,Congelados,cazuela de mariscos las caracolas al vacio x kilo,2038230000000,57886.0,"$57.886,00",20260901
Congelados,Congelados,chaucha congelada green life x 350 gr.,7790670052616,3519.0,"$3.519,00",20260901
Congelados,Congelados,choclo congelado granja del sol x 300 gr.,7790060007967,3513.0,"$3.513,00",20260901
Congelados,Congelados,choclo congelado green life x 350 gr.,7790670052555,3559.0,"$3.559,00",20260901
Congelados,Congelados,crunchies de pollo swift x 760 gm,7790360982025,10709.0,"$10.709,00",20260901
Congelados,Congelados,crunchies swift x 380 gm pollo,7790360982018,6969.0,"$6.969,00",20260901
Congelados,Congelados,crunchy chicken sadia x 300 gm,7891515588410,6519.0,"$6.519,00",20260901
Congelados,Congelados,empanadas blink carne x 6 unid.,7798415760154,14909.0,"$14.909,00",20260901
Congelados,Congelados,empanadas blink espinaca y parmesano x 6 unid.,7798415760215,14909.0,"$14.909,00",20260901
Congelados,Congelados,empanadas blink osobuco x 6 unid.,7798415760338,14909.0,"$14.909,00",20260901
Congelados,Congelados,empanadas blink pollo x 6 unid.,7798415760253,14909.0,"$14.909,00",20260901
Congelados,Congelados,empanadas blink portobello x 6 unid.,7798415760277,14909.0,"$14.909,00",20260901
Congelados,Congelados,empanadas blink x 6 unidades sa bor jamon y queso.,7798415760239,14909.0,"$14.909,00",20260901
Congelados,Congelados,empanadas paladini de carne x 320 gm congeladas,7790079025587,8602.0,"$8.602,00",20260901
Congelados,Congelados,empanadas paladini x 320 gm congeladas sabor espinaca y ques,7790079025594,8602.0,"$8.602,00",20260901
Congelados,Congelados,empanadas paladini x 320 gm jamon y queso congeladas x 4 uni,7790079025600,8602.0,"$8.602,00",20260901
Congelados,Congelados,espinaca congelada granja del sol x 1 kg.,7790070036285,9267.0,"$9.267,00",20260901
Congelados,Congelados,espinaca congelada granja del sol x 500 gr.,7790070036278,5083.0,"$5.083,00",20260901
Congelados,Congelados,espinaca congelada green life x 1.100 kg,7790670052579,9269.0,"$9.269,00",20260901
Congelados,Congelados,espinaca congelado green life x 550 gr.,7790670052562,4989.0,"$4.989,00",20260901
Congelados,Congelados,espinaca lucchetti x400gr,7790070036315,3628.0,"$3.628,00",20260901
Congelados,Congelados,filet abadejo x kg.,2031540000005,48321.0,"$48.321,00",20260901
Congelados,Congelados,filet de merluza granja del sol x 500 gr.,7790070036506,12141.0,"$12.141,00",20260901
Congelados,Congelados,filet de merluza las caracolas envasado x kg.,2030620000003,20696.0,"$20.696,00",20260901
Congelados,Congelados,filet de merluza rebozado envazado las caracolas x,2030560000002,20696.0,"$20.696,00",20260901
Congelados,Congelados,filet de merluza rebozado las caracolas con finas hierbas en,2030570000009,22826.0,"$22.826,00",20260901
Congelados,Congelados,filet de salmon rosado envasado al vacio x kilo,2031900000003,71533.0,"$71.533,00",20260901
Congelados,Congelados,formitas de pollo x 350,7790070036636,5427.0,"$5.427,00",20260901
Congelados,Congelados,formitas de soja latina x 400 gr.,7798222460018,4731.0,"$4.731,00",20260901
Congelados,Congelados,frambuesas green life x 550 gr.,7790670051985,12999.0,"$12.999,00",20260901
Congelados,Congelados,frutillas green life x 400 gr.,7790670052500,6779.0,"$6.779,00",20260901
Congelados,Congelados,hamb.swift casera 2x120gr.,7790360967701,5929.0,"$5.929,00",20260901
Congelados,Congelados,hamb.swift clasica x12,7790360026590,22879.0,"$22.879,00",20260901
Congelados,Congelados,hamb.swift clasica x20,7790360026583,31239.0,"$31.239,00",20260901
Congelados,Congelados,hambuerguesas paty clasico x 4 unidades x 288 gr,7790670051831,8565.0,"$8.565,00",20260901
Congelados,Congelados,hambur.paladini x12,7790079020728,21633.0,"$21.633,00",20260901
Congelados,Congelados,hamburguesa paty de cancha x 2 unid.,7790670052791,7672.0,"$7.672,00",20260901
Congelados,Congelados,hamburguesa swift x-trema x 185 gr.,7790360980618,4679.0,"$4.679,00",20260901
Congelados,Congelados,hamburguesas de cerdo paladini x 2 unid. bacon y c,7790079021251,2786.0,"$2.786,00",20260901
Congelados,Congelados,hamburguesas de cerdo paladini x 2 unid. criolla,7790079021237,2786.0,"$2.786,00",20260901
Congelados,Congelados,hamburguesas de cerdo paladini x 2 unid. original,7790079020803,2786.0,"$2.786,00",20260901
Congelados,Congelados,hamburguesas de cerdo paladini x 2 unid. picante,7790079022944,2786.0,"$2.786,00",20260901
Congelados,Congelados,hamburguesas de cerdo paladini x 2 unid. queso azl,7790079022968,2786.0,"$2.786,00",20260901
Congelados,Congelados,hamburguesas paladini clasicas x 2 unid.,7790079020704,3282.0,"$3.282,00",20260901
Congelados,Congelados,hamburguesas paladini finitas x 2 unid.,7790079019616,2462.0,"$2.462,00",20260901
Congelados,Congelados,hamburguesas paladini x 2 unid. + grandes,7790079020780,4640.0,"$4.640,00",20260901
Congelados,Congelados,hamburguesas paladini x 4 unid. clasicas,7790079020711,7293.0,"$7.293,00",20260901
Congelados,Congelados,hamburguesas paty clasico x 20 unid.,7790670050780,31009.0,"$31.009,00",20260901
Congelados,Congelados,hamburguesas paty con cebolla x 2 unid.,7790670051329,5009.0,"$5.009,00",20260901
Congelados,Congelados,hamburguesas paty con morron asado x 2 unid.,7790670051336,5009.0,"$5.009,00",20260901
Congelados,Congelados,hamburguesas paty con queso provolone x 2 unid.,7790670051312,5239.0,"$5.239,00",20260901
Congelados,Congelados,hamburguesas paty de casa x 2 unid.,7790670052678,5249.0,"$5.249,00",20260901
Congelados,Congelados,hamburguesas paty grandes x 2 unid.,7790670050612,6569.0,"$6.569,00",20260901
Congelados,Congelados,hamburguesas paty x 12 unid. clasicas,7790670050667,21559.0,"$21.559,00",20260901
Congelados,Congelados,hamburguesas paty x 2 unid. clasicas,7790670050674,3009.0,"$3.009,00",20260901
Congelados,Congelados,hamburguesas paty x 2 unid. finitas,7790670050728,2439.0,"$2.439,00",20260901
Congelados,Congelados,hamburguesas paty x 320 gr.light,7790670052289,10446.0,"$10.446,00",20260901
Congelados,Congelados,hamburguesas paty x 4 unid. clasicas,7790670050650,7409.0,"$7.409,00",20260901
Congelados,Congelados,hamburguesas swift x 2 unid.,7790360026606,2979.0,"$2.979,00",20260901
Congelados,Congelados,hamburguesas swift x 4 unid.,7790360026576,6999.0,"$6.999,00",20260901
Congelados,Congelados,hamburguesas swift xl x 2 unid.,7790360967411,6969.0,"$6.969,00",20260901
Congelados,Congelados,kanikama las caracolas x kg.,2030630000000,44139.0,"$44.139,00",20260901
Congelados,Congelados,langostinos pelados las caracolas x kilo x kg.,2037550000004,48320.0,"$48.320,00",20260901
Congelados,Congelados,lasagna sadia x 350 gm bolognesa congelada,7891515626211,7699.0,"$7.699,00",20260901
Congelados,Congelados,lasagna sadia x 350 gm mix de quesos congela,7891515626235,7699.0,"$7.699,00",20260901
Congelados,Congelados,med.tres cruces x2unid.,7790670053064,1828.0,"$1.828,00",20260901
Congelados,Congelados,medall.swift pollo x320gr.,7790360967558,5029.0,"$5.029,00",20260901
Congelados,Congelados,medallon de carne paladini + rapidas x 138 gr.,7790079023354,2240.0,"$2.240,00",20260901
Congelados,Congelados,medallon de carne swift parrillera x 4 unidades,7790360987990,10369.0,"$10.369,00",20260901
Congelados,Congelados,medallon good mark tradicional x 4,7790670052524,7419.0,"$7.419,00",20260901
Congelados,Congelados,medallon good mark tradicional x 8 x 80 gr,7790670052531,16077.0,"$16.077,00",20260901
Congelados,Congelados,medallon merluza x kg.,2030580000006,12447.0,"$12.447,00",20260901
Congelados,Congelados,medallon swift clabaza y choclo x 4 undiades x 30m,7790360982223,4639.0,"$4.639,00",20260901
Congelados,Congelados,medallones de carne barfy x 276 gr.,7790670053040,3239.0,"$3.239,00",20260901
Congelados,Congelados,medallones de carne express x 2 unid.,7790670052869,1949.0,"$1.949,00",20260901
Congelados,Congelados,medallones de carne express x 4 unid.,7790670052371,4919.0,"$4.919,00",20260901
Congelados,Congelados,medallones de carne fela max x 2 unid.,7790079021015,3344.0,"$3.344,00",20260901
Congelados,Congelados,medallones de carne fela x 2 unid.,7790079016011,1649.0,"$1.649,00",20260901
Congelados,Congelados,medallones de carne fela x 4 unid.,7790079015649,3506.0,"$3.506,00",20260901
Congelados,Congelados,medallones de carne patymilanesa x 2 unid.,7790670050957,5500.0,"$5.500,00",20260901
Congelados,Congelados,medallones de carne patynesa x 2 unid.,7790670045465,5069.0,"$5.069,00",20260901
Congelados,Congelados,medallones de carne swift burger mega x 2 unid.,7790360977960,3339.0,"$3.339,00",20260901
Congelados,Congelados,medallones de carne swift burger x 12 unid.,7790360968548,15019.0,"$15.019,00",20260901
Congelados,Congelados,medallones de carne swift burger x 4 unid.,7790360966841,4979.0,"$4.979,00",20260901
Congelados,Congelados,medallones de carne swift doble burger x 2 unid.,7790360966797,1989.0,"$1.989,00",20260901
Congelados,Congelados,medallones de carne swift parrilleras x 4 unid.,7790360026682,9139.0,"$9.139,00",20260901
Congelados,Congelados,medallones de espinaca swift x 4 unidades x 300 g,7790360982230,4639.0,"$4.639,00",20260901
Congelados,Congelados,medallones de merluza esp. y queso las caracolas e,2030590000003,13551.0,"$13.551,00",20260901
Congelados,Congelados,medallones de merluza granja del sol x 450 gr.,7790070036520,8606.0,"$8.606,00",20260901
Congelados,Congelados,medallones de pollo con jamon y queso paladini x 2,7790079019708,3736.0,"$3.736,00",20260901
Congelados,Congelados,medallones de pollo granja del sol x 330 gr.,7790070036131,7866.0,"$7.866,00",20260901
Congelados,Congelados,medallones de pollo paladini x 2 unid.,7790079019692,3139.0,"$3.139,00",20260901
Congelados,Congelados,medallones de pollo paladini x 2 unid. espinaca y,7790079020773,3736.0,"$3.736,00",20260901
Congelados,Congelados,medallones de quinoa y espinaca granja del sol x 4,7790070036230,5359.0,"$5.359,00",20260901
Congelados,Congelados,medallones green life veggies arvejas y brocoli x,7790670052739,4969.0,"$4.969,00",20260901
Congelados,Congelados,medallones green life veggies calabaza y choclo x.,7790670052708,4969.0,"$4.969,00",20260901
Congelados,Congelados,medallones green life veggies espinaca y pimientos,7790670052715,4969.0,"$4.969,00",20260901
Congelados,Congelados,medallones green life veggies lentejas y zanahoria,7790670052722,4969.0,"$4.969,00",20260901
Congelados,Congelados,medallones lucchetti calabaza y choclo x 4 unid.,7790070036544,4528.0,"$4.528,00",20260901
Congelados,Congelados,medallones luchet.x280gr.pollo,7790070036117,4767.0,"$4.767,00",20260901
Congelados,Congelados,medallones veggies granja del sol x 4 u. arroz yam,7790070036261,5359.0,"$5.359,00",20260901
Congelados,Congelados,medallones veggies granja del sol x 4 u. garbanzo,7790070036247,5369.0,"$5.369,00",20260901
Congelados,Congelados,mejillon pelado las caracolas x kilo x kg.,2037560000001,39880.0,"$39.880,00",20260901
Congelados,Congelados,mil.soja swift x290gr.clasica,7790360967824,3629.0,"$3.629,00",20260901
Congelados,Congelados,mil.soja swift x350gr.jamques,7790360967794,4639.0,"$4.639,00",20260901
Congelados,Congelados,mil.soja swift x350gr.tomqso.,7790360967817,4639.0,"$4.639,00",20260901
Congelados,Congelados,milan.soja gr.sol x330gr.espin,7790070035981,5148.0,"$5.148,00",20260901
Congelados,Congelados,milan.soja gr.sol x330gr.tc,7790070035967,5089.0,"$5.089,00",20260901
Congelados,Congelados,milan.soja lucchetti x4 290g,7790070036223,2909.0,"$2.909,00",20260901
Congelados,Congelados,milanesa soja latina cebolla x 4 unid.,7798222461039,2390.0,"$2.390,00",20260901
Congelados,Congelados,milanesa soja latina oregano x 4 unid.,7798222461015,2390.0,"$2.390,00",20260901
Congelados,Congelados,milanesa soja latina provenzal x 4 unid.,7798222461022,2390.0,"$2.390,00",20260901
Congelados,Congelados,milanesas de arroz y vegetales granja del sol x 33,7790070036001,5978.0,"$5.978,00",20260901
Congelados,Congelados,milanesas de arvejas san silvestre x 320 gr.,7798168920072,2956.0,"$2.956,00",20260901
Congelados,Congelados,milanesas de calabaza san silvestre x 4 unid.,7798168920195,2956.0,"$2.956,00",20260901
Congelados,Congelados,milanesas de soja delicias x 4 unid. espinaca,7793797000072,2582.0,"$2.582,00",20260901
Congelados,Congelados,milanesas de soja delicias x 4 unid. natural,7793797000010,2582.0,"$2.582,00",20260901
Congelados,Congelados,milanesas de soja delicias x 4 unid. oregano,7793797000027,2582.0,"$2.582,00",20260901
Congelados,Congelados,milanesas de soja delicias x 4 unid. provenzal,7793797000041,2582.0,"$2.582,00",20260901
Congelados,Congelados,milanesas de soja good mark x 340 gm x 4 unidades,7790670052999,3909.0,"$3.909,00",20260901
Congelados,Congelados,milanesas de soja granja del sol x 330 gr. calabaz,7790070035998,5148.0,"$5.148,00",20260901
Congelados,Congelados,milanesas de soja granja del sol x 380 gr. calabaz,7790070036049,7773.0,"$7.773,00",20260901
Congelados,Congelados,milanesas de soja granja del sol x 380 gr. napolit,7790070036056,7773.0,"$7.773,00",20260901
Congelados,Congelados,milanesas de soja granja del sol x 660 gr.,7790070035974,8967.0,"$8.967,00",20260901
Congelados,Congelados,milanesas de soja lucchetti x 4 unid. grandes,7790070036438,6029.0,"$6.029,00",20260901
Congelados,Congelados,milanesas de soja paladini x 2 unid. clasicas,7790079020810,2065.0,"$2.065,00",20260901
Congelados,Congelados,milanesas de soja paladini x 2 unid. espinaca y qu,7790079020858,2853.0,"$2.853,00",20260901
Congelados,Congelados,milanesas de soja paladini x 2 unid. jamon y queso,7790079020834,2853.0,"$2.853,00",20260901
Congelados,Congelados,milanesas de soja san silvestre x 320 gr. con espi,7798168920058,3070.0,"$3.070,00",20260901
Congelados,Congelados,milanesas de soja san silvestre x 320 gr. natural,7798168920010,3070.0,"$3.070,00",20260901
Congelados,Congelados,milanesas de soja swift x 350 gr. espinaca y queso,7790360967800,4639.0,"$4.639,00",20260901
Congelados,Congelados,milanesas de tomate san silvestre x 320 gr.,7798168920171,2956.0,"$2.956,00",20260901
Congelados,Congelados,milanesas de vegetales granja de sol x 320 gr.,7790070036025,5957.0,"$5.957,00",20260901
Congelados,Congelados,milanesas de zanahoria san silvestre x 4 unid.,7798168920263,2956.0,"$2.956,00",20260901
Congelados,Congelados,milanesas mix de legumbres granja del sol x 330 gr,7790070036155,5990.0,"$5.990,00",20260901
Congelados,Congelados,milanesas soja latina natural x 4 unid.,7798034450016,2390.0,"$2.390,00",20260901
Congelados,Congelados,milanesitas swift x 400 gm carne,7790360982537,7249.0,"$7.249,00",20260901
Congelados,Congelados,mix berries green life x 400 gr.,7790670052203,8979.0,"$8.979,00",20260901
Congelados,Congelados,mix de tarta green life x 500 gr brocolizanahoria y cebolla,7790670053149,7179.0,"$7.179,00",20260901
Congelados,Congelados,mix primavera granja del sol x 400 gr.,7790070036391,4700.0,"$4.700,00",20260901
Congelados,Congelados,mix primavera green life x 350 gr.,7790670052548,3759.0,"$3.759,00",20260901
Congelados,Congelados,mix tarta green life x 500 gm choclocebolla y pimiento,7790670053125,7179.0,"$7.179,00",20260901
Congelados,Congelados,mix tartas green life x 500 gr acelga espinaca cebolla y p,7790670053132,7179.0,"$7.179,00",20260901
Congelados,Congelados,moras green life x 550 gr.,7790670051992,14109.0,"$14.109,00",20260901
Congelados,Congelados,muggets swift brocoli x 300 gm veggies,7790360982247,6589.0,"$6.589,00",20260901
Congelados,Congelados,nuget saurio x 400 gm,7891515629458,6689.0,"$6.689,00",20260901
Congelados,Congelados,nugget de pollo sadia saurio x 900 gr,7891515629465,14729.0,"$14.729,00",20260901
Congelados,Congelados,nuggets de pollo crocante sadia x 900 gr.,7891515547059,15419.0,"$15.419,00",20260901
Congelados,Congelados,nuggets de pollo granja del sol x 400 gr.,7790070034410,9786.0,"$9.786,00",20260901
Congelados,Congelados,nuggets de pollo paladini x 380 gr.,7790079019876,7774.0,"$7.774,00",20260901
Congelados,Congelados,nuggets de pollo paladini x 760 gr.,7790079019883,13857.0,"$13.857,00",20260901
Congelados,Congelados,nuggets de pollo sadia crocante x 300 gr.,7891515571351,5449.0,"$5.449,00",20260901
Congelados,Congelados,nuggets pollo gr.sol x900gr.,7790070034427,20001.0,"$20.001,00",20260901
Congelados,Congelados,nuggets swift espinaca x 300 gm,7790360982254,6589.0,"$6.589,00",20260901
Congelados,Congelados,pacu rosamonte x kilo congelado al vacio x kg.,2029350000001,25464.0,"$25.464,00",20260901
Congelados,Congelados,palitos de pollo swift x 1 kg.,7790360971395,12919.0,"$12.919,00",20260901
Congelados,Congelados,palitos de pollo swift x 260 gr.,7790360971135,4549.0,"$4.549,00",20260901
Congelados,Congelados,pan de queso x kilo x kg.,2017480000008,23900.0,"$23.900,00",20260901
Congelados,Congelados,papas congeladas mc cain smiles x 700 gr.,7797906054956,8089.0,"$8.089,00",20260901
Congelados,Congelados,papas congeladas swift tradicional x 700 gr.,7790360981042,5429.0,"$5.429,00",20260901
Congelados,Congelados,papas fritas mc cain clasicas x 700 gr.,7797906054826,4829.0,"$4.829,00",20260901
Congelados,Congelados,"papas fritas mc cain corte tradicional x 1,4 kg.",7797906054819,15291.0,"$15.291,00",20260901
Congelados,Congelados,papas fritas tipo artesanal mc cain x 700 gr.,7797906054857,10231.0,"$10.231,00",20260901
Congelados,Congelados,papas fritas tipo crinkle mc cain x 600 gr.,7797906054833,8555.0,"$8.555,00",20260901
Congelados,Congelados,papas mc cain horneables tradicional x 700 gr.,7797906054864,10231.0,"$10.231,00",20260901
Congelados,Congelados,papas mc cain noisette x 1.2 kg.,7797906054918,20329.0,"$20.329,00",20260901
Congelados,Congelados,papas mc cain tradicional x 400 gr.,7797906000700,5070.0,"$5.070,00",20260901
Congelados,Congelados,papas noisette mc cain horneables x 600 gr.,7797906054925,6429.0,"$6.429,00",20260901
Congelados,Congelados,papas noisette mc cain horneables x 600 gr. finass,7797906054932,12305.0,"$12.305,00",20260901
Congelados,Congelados,papas noisette mc cain horneables x 600 gr. jamon,7797906054949,12305.0,"$12.305,00",20260901
Congelados,Congelados,papas rejilla shim shim x 500 gr,7798004430093,2664.23,"$2.664,23",20260901
Congelados,Congelados,patitas de pollo granja del sol ccheddar x 400 g.,7790070035714,9079.0,"$9.079,00",20260901
Congelados,Congelados,patitas de pollo granja del sol original x 400 gr.,7790070035936,9348.0,"$9.348,00",20260901
Congelados,Congelados,patitas de pollo granja del sol picantes x 400 gr.,7790070035707,9079.0,"$9.079,00",20260901
Congelados,Congelados,patitas de pollo granja del sol x 1.1 kilos originales,7790070036605,22782.74,"$22.782,74",20260901
Congelados,Congelados,patitas de pollo granja del sol x 11 kg. promo toy story 5,7790070035950,25141.0,"$25.141,00",20260901
Congelados,Congelados,patitias congeladas x 400 gm original,7790070036599,8468.0,"$8.468,00",20260901
Congelados,Congelados,pavita sadia congelada x kilo,2019030000001,15400.0,"$15.400,00",20260901
Congelados,Congelados,pizza de arroz san silvestre x 440 gr.,7798168920317,3782.0,"$3.782,00",20260901
Congelados,Congelados,pizza san silvestre x 440 gm arroz y espinaca,7798168920324,3782.0,"$3.782,00",20260901
Congelados,Congelados,pizza sibarita mozzarella x 470 ml.,7790070040015,9529.0,"$9.529,00",20260901
Congelados,Congelados,pizza sibarita mozzarella x 940 gr.,7790070040039,18099.0,"$18.099,00",20260901
Congelados,Congelados,pizza sibarita mozzarella y jamon x 530 gr.,7790070040046,13419.0,"$13.419,00",20260901
Congelados,Congelados,pizza sibarita xl x 680 gr mozzarella,7790070040022,13339.0,"$13.339,00",20260901
Congelados,Congelados,pizzeta paladini x 190 gm mozarella,7790079025655,4230.0,"$4.230,00",20260901
Congelados,Congelados,pizzeta paladini x 205 gm mozarella y jamon,7790079025648,4445.0,"$4.445,00",20260901
Congelados,Congelados,rabas empanadas x kilo x kg.,2037670000007,65030.0,"$65.030,00",20260901
Congelados,Congelados,rebozados de pollo sadia chicken fingers x 720 gr.,7891515547066,14960.0,"$14.960,00",20260901
Congelados,Congelados,relleno fajitas granja del sol x 500 gr vegetales,7790070103901,10647.92,"$10.647,92",20260901
Congelados,Congelados,relleno para fajitas granja del sol x 500gr vegetales y poll,7790070103918,8259.0,"$8.259,00",20260901
Congelados,Congelados,relleno para tarta granja del sol x 550 gm mediterraneo,7790070104007,7849.0,"$7.849,00",20260901
Congelados,Congelados,relleno para tarta granja del sol x 550 gr calabaza y choclo,7790070103994,7439.0,"$7.439,00",20260901
Congelados,Congelados,relleno para tarta grnaja del sol x 550 gm espinaca,7790070103925,7439.0,"$7.439,00",20260901
Congelados,Congelados,rodajas de salmon al vacio las caracolas x kilo,2038260000001,44099.0,"$44.099,00",20260901
Congelados,Congelados,sadinesa de pollo sadia x 100 gr.,7891515580513,1119.0,"$1.119,00",20260901
Congelados,Congelados,sadinesa rellena,7891515580643,1259.0,"$1.259,00",20260901
Congelados,Congelados,salmon ahumado las caracolas ev. x kg.,2031530000008,96606.0,"$96.606,00",20260901
Congelados,Congelados,sorrentino buyo x 8 unidades pulpo espaa?a?ol,7798371350208,6769.0,"$6.769,00",20260901
Congelados,Congelados,sorrentino buyo x 8 unidades relleno de calamar,7798371350260,6769.0,"$6.769,00",20260901
Congelados,Congelados,sorrentinos 3 lobos calabaza y mozarella x 12 unid,7798371350154,6769.0,"$6.769,00",20260901
Congelados,Congelados,sorrentinos 3 lobos capresse x 12 unid.,7798371350093,6769.0,"$6.769,00",20260901
Congelados,Congelados,sorrentinos 3 lobos jamon y queso x 12 unid.,7798371350161,6769.0,"$6.769,00",20260901
Congelados,Congelados,sorrentinos buyo cabrito x 8 unid.,7798371350048,6769.0,"$6.769,00",20260901
Congelados,Congelados,sorrentinos buyo ciervo x 8 unid.,7798371350031,6769.0,"$6.769,00",20260901
Congelados,Congelados,sorrentinos buyo cordero patagonico x 8 unid.,7798371350185,6769.0,"$6.769,00",20260901
Congelados,Congelados,sorrentinos buyo jabali x 8 unid.,7798371350246,6769.0,"$6.769,00",20260901
Congelados,Congelados,sorrentinos buyo langostino x 8 unid.,7798371350277,6769.0,"$6.769,00",20260901
Congelados,Congelados,sorrentinos buyo pavita x 8 unid.,7798371350024,6769.0,"$6.769,00",20260901
Congelados,Congelados,sorrentinos buyo surubi,7798371350215,6769.0,"$6.769,00",20260901
Congelados,Congelados,sorrentinos buyo x 8 unidades salmon,7798371350017,6769.0,"$6.769,00",20260901
Congelados,Congelados,sorrentinos buyo x 8 unidades ternera con hongos,7798371350192,6769.0,"$6.769,00",20260901
Congelados,Congelados,sorrentinos buyo x 8 unidades trucha,7798371350055,6769.0,"$6.769,00",20260901
Congelados,Congelados,suprema gr.sol x400gr.espque,7790070036070,9964.0,"$9.964,00",20260901
Congelados,Congelados,supremas de pollo granja del sol x 360 gr.,7790070036063,9976.0,"$9.976,00",20260901
Congelados,Congelados,supremitas croc.gr.sol x480gr.,7790070036148,11705.0,"$11.705,00",20260901
Congelados,Congelados,tentaculo de calamar las caracolas ev. x kg.,2031560000009,39879.0,"$39.879,00",20260901
Congelados,Congelados,tiritas de pollo rebozadas sadia golden chicken x,7891515586812,6519.0,"$6.519,00",20260901
Congelados,Congelados,trucha arcoiris las caracolas x kilo,2038250000004,42397.66,"$42.397,66",20260901
Lacteos Y Frescos,Frescos,actimel edicion limitada x 100 cm citrus,7791337009790,2111.0,"$2.111,00",20260901
Lacteos Y Frescos,Frescos,actimel ent.x100gr.multifruta,7791337007819,2111.0,"$2.111,00",20260901
Lacteos Y Frescos,Frescos,activia sachet deslactosado x 900 gm ciruela,7791337009400,6398.0,"$6.398,00",20260901
Lacteos Y Frescos,Frescos,ades x 1lt natural,7790895649837,3741.0,"$3.741,00",20260901
Lacteos Y Frescos,Frescos,ades x1lt almendra,7790895649806,6259.0,"$6.259,00",20260901
Lacteos Y Frescos,Frescos,alim.lact.danonino x185gr.vain,7791337008700,3244.0,"$3.244,00",20260901
Lacteos Y Frescos,Frescos,alimento la serenisima x 1 litro chocolate,7790742341709,4859.0,"$4.859,00",20260901
Lacteos Y Frescos,Frescos,alimento lacteo danonino frutilla x 80 gr.,7791337008663,1307.0,"$1.307,00",20260901
Lacteos Y Frescos,Frescos,alimento lacteo danonino sabor vainilla x 80 gr.,7791337008656,1307.0,"$1.307,00",20260901
Lacteos Y Frescos,Frescos,alimento lacteo danonino x 100 gr frutilla,7791337008670,1937.0,"$1.937,00",20260901
Lacteos Y Frescos,Frescos,alimento lacteo danonino x 185 gr frutilla,7791337008694,3244.0,"$3.244,00",20260901
Lacteos Y Frescos,Frescos,alimento lacteo danonino x 80.5 gr natural,7791337009899,1307.0,"$1.307,00",20260901
Lacteos Y Frescos,Frescos,alimento lacteo danonino x 900 gm frutilla,7791337009431,5043.0,"$5.043,00",20260901
Lacteos Y Frescos,Frescos,alimento lacteo ricrem untable x 280 gr light,7794990191123,2468.0,"$2.468,00",20260901
Lacteos Y Frescos,Frescos,alimento lacteo untable ricrem x 280 gr.,7794990184484,2468.0,"$2.468,00",20260901
Lacteos Y Frescos,Frescos,alimento liquido silk almendra x 1 litro mocha,7791337010161,5449.0,"$5.449,00",20260901
Lacteos Y Frescos,Frescos,alimento liquido silk almendra x 1lt sin azucar .,7791337007918,5449.0,"$5.449,00",20260901
Lacteos Y Frescos,Frescos,alimento liquido silk x 1 litro almendras endulzado,7791337007901,5449.0,"$5.449,00",20260901
Lacteos Y Frescos,Frescos,alimento liquido silk x 1 litro coco sin azucar,7791337007932,5449.0,"$5.449,00",20260901
Lacteos Y Frescos,Frescos,alimento silk almendras x 1 litro chocolate,7791337007956,5449.0,"$5.449,00",20260901
Lacteos Y Frescos,Frescos,aoquis de semolin la morocha x 500 gm,7794080001509,2898.0,"$2.898,00",20260901
Lacteos Y Frescos,Frescos,arrollado carne espaa?a?ol x kg.,2011080000000,25617.0,"$25.617,00",20260901
Lacteos Y Frescos,Frescos,arrollado de pollo paladini x kilo,2032030000000,31844.0,"$31.844,00",20260901
Lacteos Y Frescos,Frescos,arrollado de pollo tipo espaa?a?ol x kilo x kg.,2011100000003,23998.0,"$23.998,00",20260901
Lacteos Y Frescos,Frescos,arroz cleche tregar x180g.can,7793913013474,1663.0,"$1.663,00",20260901
Lacteos Y Frescos,Frescos,arroz cleche tregar x180g.cla,7793913013450,1663.0,"$1.663,00",20260901
Lacteos Y Frescos,Frescos,arroz con leche tregar chocolate x 180 gr.,7793913001662,1663.0,"$1.663,00",20260901
Lacteos Y Frescos,Frescos,arroz con leche tregar light x 180 gr.,7793913000504,1663.0,"$1.663,00",20260901
Lacteos Y Frescos,Frescos,arroz con leche tregar x 180 gr. dulce de leche,7793913013467,1663.0,"$1.663,00",20260901
Lacteos Y Frescos,Frescos,bacon en fetas paladini x 150 gr.,7790079021114,5375.0,"$5.375,00",20260901
Lacteos Y Frescos,Frescos,beb.lact.ls.x900 sachet frut.,7790742665027,2389.0,"$2.389,00",20260901
Lacteos Y Frescos,Frescos,bebida lactea actimel x 100 gr. frutilla,7791337007802,2111.0,"$2.111,00",20260901
Lacteos Y Frescos,Frescos,bebida lactea la serenisima protein chocolate x 1,7790742172105,4269.0,"$4.269,00",20260901
Lacteos Y Frescos,Frescos,bebida lactea la serenisima sense x 1 lt. caramel,7790742671653,4464.0,"$4.464,00",20260901
Lacteos Y Frescos,Frescos,bebida lactea la serenisima sense x 200 ml. cappuc,7790742872661,1842.0,"$1.842,00",20260901
Lacteos Y Frescos,Frescos,bebida lactea la serenisima sense x 200 ml. caraml,7790742872654,1842.0,"$1.842,00",20260901
Lacteos Y Frescos,Frescos,bebida lactea la serenisima x 200 ml frutilla redu,7790742566027,949.0,"$949,00",20260901
Lacteos Y Frescos,Frescos,bebida lactea la serenisima x 200 ml vainilla redu,7790742566010,949.0,"$949,00",20260901
Lacteos Y Frescos,Frescos,bebida lactea la serenisima x 200ml protein chocol,7790742172204,1499.0,"$1.499,00",20260901
Lacteos Y Frescos,Frescos,bebida lactea la serenisima x 900 gm cookies and cream,7790742661333,3307.0,"$3.307,00",20260901
Lacteos Y Frescos,Frescos,bebida lactea x 900 ml sachet la serenisima vainilla,7790742665010,2389.0,"$2.389,00",20260901
Lacteos Y Frescos,Frescos,bondiola feteada labratto x 100 gr.,7790079019166,6905.0,"$6.905,00",20260901
Lacteos Y Frescos,Frescos,bondiola feteada lario x 120 gr.,7790625005339,5892.0,"$5.892,00",20260901
Lacteos Y Frescos,Frescos,bondiola lario x kg.,2029320000000,39679.0,"$39.679,00",20260901
Lacteos Y Frescos,Frescos,bondiola paladini fetas + finas x 120 gr.,7790079022623,7896.0,"$7.896,00",20260901
Lacteos Y Frescos,Frescos,bondiola paladini x kg.,2014450000006,45242.0,"$45.242,00",20260901
Lacteos Y Frescos,Frescos,cantimpalo espuna x kg.,2027890000000,35452.0,"$35.452,00",20260901
Lacteos Y Frescos,Frescos,cantimpalo lario x kg.,2018560000000,27699.0,"$27.699,00",20260901
Lacteos Y Frescos,Frescos,capelletis don yeyo x 400 gm jamon yqueso,7795293601708,4039.0,"$4.039,00",20260901
Lacteos Y Frescos,Frescos,carlito estadio x 250 gm,7798046441408,7577.22,"$7.577,22",20260901
Lacteos Y Frescos,Frescos,chocolatada las 3 niaas x 1 litro 0 % lactosa,7798338291315,3595.0,"$3.595,00",20260901
Lacteos Y Frescos,Frescos,chocolatada las 3 niaas x 200 ml reducida en lactosa,7798338291056,1212.0,"$1.212,00",20260901
Lacteos Y Frescos,Frescos,chocolatada milkaut l.v. x 1 lt.,7794820903124,3909.0,"$3.909,00",20260901
Lacteos Y Frescos,Frescos,chorizo oriental paldini x kg.,2014540000008,23321.0,"$23.321,00",20260901
Lacteos Y Frescos,Frescos,chorizo tipo oriental 101 x kg.,2011120000007,52026.0,"$52.026,00",20260901
Lacteos Y Frescos,Frescos,cr.leche armonia x200ml.tetra,7790742330109,2946.0,"$2.946,00",20260901
Lacteos Y Frescos,Frescos,crama de leche tonadita x 200 cc baja lactosa,7798060853508,2654.0,"$2.654,00",20260901
Lacteos Y Frescos,Frescos,crema chantilly tonadita x 250 gr.,7798060852723,9113.0,"$9.113,00",20260901
Lacteos Y Frescos,Frescos,crema d eleche la serenisima x 520 ml para batir,7790742014122,7279.0,"$7.279,00",20260901
Lacteos Y Frescos,Frescos,crema de leche ilolay x 350 gr.,7790787949083,3899.0,"$3.899,00",20260901
Lacteos Y Frescos,Frescos,crema de leche la paulina para cocinar pote x 200 gm,7794990186273,2618.0,"$2.618,00",20260901
Lacteos Y Frescos,Frescos,crema de leche la paulina pote x 200 cc doble,7794990186242,2911.0,"$2.911,00",20260901
Lacteos Y Frescos,Frescos,crema de leche la paulina x 200 gr.,7790398000265,2570.0,"$2.570,00",20260901
Lacteos Y Frescos,Frescos,crema de leche la paulina x 350 gr.,7790398000272,4359.0,"$4.359,00",20260901
Lacteos Y Frescos,Frescos,crema de leche la serenisima 0 a?a? lactosa,7790742142009,3650.0,"$3.650,00",20260901
Lacteos Y Frescos,Frescos,crema de leche la serenisima para cociar x 330 ml.,7790742141705,4259.0,"$4.259,00",20260901
Lacteos Y Frescos,Frescos,crema de leche la serenisima para cocinar x 200 ml.,7790742141606,2789.0,"$2.789,00",20260901
Lacteos Y Frescos,Frescos,crema de leche la serenisima tetra x 200 ml.,7790742141309,3145.0,"$3.145,00",20260901
Lacteos Y Frescos,Frescos,crema de leche la serenisima uat x 200 ml.batir,7790742011701,2919.0,"$2.919,00",20260901
Lacteos Y Frescos,Frescos,crema de leche la serenisima uat x 330 ml.,7790742141101,4469.0,"$4.469,00",20260901
Lacteos Y Frescos,Frescos,crema de leche la serenisima x 200 ml liviana para cocinar,7790742141903,2879.0,"$2.879,00",20260901
Lacteos Y Frescos,Frescos,crema de leche milkaut dob.200,7794820902974,2839.0,"$2.839,00",20260901
Lacteos Y Frescos,Frescos,crema de leche milkaut simple x 200 ml.,7794820903186,2729.0,"$2.729,00",20260901
Lacteos Y Frescos,Frescos,crema de leche milkaut x 330 gr.,7794820902967,4179.0,"$4.179,00",20260901
Lacteos Y Frescos,Frescos,crema de leche pasteurizada ilolay x 200 ml.,7790787030132,2369.0,"$2.369,00",20260901
Lacteos Y Frescos,Frescos,crema de leche tonadita x 200 gr.,7798060850095,2527.0,"$2.527,00",20260901
Lacteos Y Frescos,Frescos,crema de leche tonadita x 350 gr.,7798060850101,4247.0,"$4.247,00",20260901
Lacteos Y Frescos,Frescos,crema de leche tregar x 350 ml,7793913013443,4949.0,"$4.949,00",20260901
Lacteos Y Frescos,Frescos,crema de leche tremblay x 200 gr.,7798151770011,2547.0,"$2.547,00",20260901
Lacteos Y Frescos,Frescos,crema de leche tremblay x 360 gr.,7798151770028,4375.0,"$4.375,00",20260901
Lacteos Y Frescos,Frescos,crema de leche x 520 ml culinaria,7790742142207,6909.0,"$6.909,00",20260901
Lacteos Y Frescos,Frescos,crema las 3 niaas x 190 ml 4 quesos,7798338291346,2324.0,"$2.324,00",20260901
Lacteos Y Frescos,Frescos,crema las 3 niaas x 190 ml hongos,7798338291353,2324.0,"$2.324,00",20260901
Lacteos Y Frescos,Frescos,crema las 3 niaas x 200 ml uht para batir,7798338291087,2253.0,"$2.253,00",20260901
Lacteos Y Frescos,Frescos,crema las 3 niaas x 200 nl uht para cocinar,7798338291070,2324.0,"$2.324,00",20260901
Lacteos Y Frescos,Frescos,crema las 3 niaas x 500 ml uht cocinar,7798338291063,4517.0,"$4.517,00",20260901
Lacteos Y Frescos,Frescos,crema las 3 niaas x 500 ml uht para batir,7798338291094,4756.0,"$4.756,00",20260901
Lacteos Y Frescos,Frescos,crema leche tregar x200ml.,7793913013436,2877.0,"$2.877,00",20260901
Lacteos Y Frescos,Frescos,crema tipo chantilly tregar x 250 ml.,7793913000337,10739.0,"$10.739,00",20260901
Lacteos Y Frescos,Frescos,danonino bebible x 100 ml. vainilla,7791337008687,1937.0,"$1.937,00",20260901
Lacteos Y Frescos,Frescos,discos lg copetin horno,2715210000006,1400.0,"$1.400,00",20260901
Lacteos Y Frescos,Frescos,fiambre de cerdo lario x kg.,2018610000004,14899.0,"$14.899,00",20260901
Lacteos Y Frescos,Frescos,fiambre parae mparedado fela x kilo,2010020000001,9659.0,"$9.659,00",20260901
Lacteos Y Frescos,Frescos,fiambrin la serenisima x kg.,2017670000009,23264.0,"$23.264,00",20260901
Lacteos Y Frescos,Frescos,fideos cinta fina don yeyo x 500 gr.,7795293102120,3245.0,"$3.245,00",20260901
Lacteos Y Frescos,Frescos,fideos fusiles don yeyo x 500 gr.,7795293102151,3451.0,"$3.451,00",20260901
Lacteos Y Frescos,Frescos,fideos la gallega cinta ancha x kg.,2013670000001,3800.0,"$3.800,00",20260901
Lacteos Y Frescos,Frescos,fideos la gallega cintita x kg.,2013690000005,3800.0,"$3.800,00",20260901
Lacteos Y Frescos,Frescos,fideos la gallega gomeritas x kilo x kg.,2013740000009,3800.0,"$3.800,00",20260901
Lacteos Y Frescos,Frescos,fideos la gallega yemitas x kilo x kg.,2013770000000,3800.0,"$3.800,00",20260901
Lacteos Y Frescos,Frescos,fideos tallarines la morocha x 500 gr.,7794080000366,2898.0,"$2.898,00",20260901
Lacteos Y Frescos,Frescos,flan con caramelo la serenisima pack x 2 unidades x 95 gm,7791337010666,2509.0,"$2.509,00",20260901
Lacteos Y Frescos,Frescos,flan danett pack x 2 unidades,7791337010604,4009.0,"$4.009,00",20260901
Lacteos Y Frescos,Frescos,flan danette super cremoso x 95 gr.,7791337008168,2507.0,"$2.507,00",20260901
Lacteos Y Frescos,Frescos,flan danette x 190 gr sabor dulce de leche,7791337010710,5013.1,"$5.013,10",20260901
Lacteos Y Frescos,Frescos,flan ilolay kids vainilla con caramelo x 110 gr.,7790787087334,1380.0,"$1.380,00",20260901
Lacteos Y Frescos,Frescos,"flan ilolay kids vainlla, caramelo y dce de leche",7790787087341,1380.0,"$1.380,00",20260901
Lacteos Y Frescos,Frescos,flan ser pack x 2 unidaes sabor vainilla,7791337010635,4504.0,"$4.504,00",20260901
Lacteos Y Frescos,Frescos,fondue de queso santa rosa x 400 gr.,7791564136450,18397.0,"$18.397,00",20260901
Lacteos Y Frescos,Frescos,ghee entrenuts manteca clarificada x 300 gr.,656750783948,14636.0,"$14.636,00",20260901
Lacteos Y Frescos,Frescos,jamon cocido feteado labratto x 125 gr.,7790079019159,5876.0,"$5.876,00",20260901
Lacteos Y Frescos,Frescos,jamon cocido feteado lario x 150 gr.,7790625001171,4132.0,"$4.132,00",20260901
Lacteos Y Frescos,Frescos,jamon cocido labratto x kg.,2014660000001,32180.0,"$32.180,00",20260901
Lacteos Y Frescos,Frescos,jamon cocido lario familiar envasado x 300 gm,7790625006992,7229.0,"$7.229,00",20260901
Lacteos Y Frescos,Frescos,jamon cocido lario premium x kilo x kg.,2018630000008,27069.0,"$27.069,00",20260901
Lacteos Y Frescos,Frescos,jamon cocido lario x kg.,2018640000005,20089.0,"$20.089,00",20260901
Lacteos Y Frescos,Frescos,jamon cocido paladini clasico x kg.,2014670000008,21600.0,"$21.600,00",20260901
Lacteos Y Frescos,Frescos,jamon cocido paladini fetas + finas x 200 gr.,7790079022593,6415.0,"$6.415,00",20260901
Lacteos Y Frescos,Frescos,jamon cocido paladini reducido en sodio x 150 gr.,7790079021619,4633.0,"$4.633,00",20260901
Lacteos Y Frescos,Frescos,jamon cocido reducido en sodio paladini x kg.,2026870000009,23362.0,"$23.362,00",20260901
Lacteos Y Frescos,Frescos,jamon cocido sadia x kilo x kg.,2029390000009,14609.0,"$14.609,00",20260901
Lacteos Y Frescos,Frescos,jamon crudo ermes fontana x kilo,2031970000002,72578.0,"$72.578,00",20260901
Lacteos Y Frescos,Frescos,jamon crudo espuna x 200 gramos feteado,7790079023286,18968.0,"$18.968,00",20260901
Lacteos Y Frescos,Frescos,jamon crudo fela x kg.,2026740000009,50388.0,"$50.388,00",20260901
Lacteos Y Frescos,Frescos,jamon crudo feteado lario x 120 gr.,7790625001027,7488.0,"$7.488,00",20260901
Lacteos Y Frescos,Frescos,jamon crudo labratto parma x kilo,2032050000004,77377.0,"$77.377,00",20260901
Lacteos Y Frescos,Frescos,jamon crudo lario x kg.,2018670000006,50639.0,"$50.639,00",20260901
Lacteos Y Frescos,Frescos,jamon crudo paladini bloque chico x kg x kg.,2026710000008,72065.0,"$72.065,00",20260901
Lacteos Y Frescos,Frescos,jamon crudo paladini fetas + finas x 120 gr.,7790079022630,10479.0,"$10.479,00",20260901
Lacteos Y Frescos,Frescos,jamon crudo paladini parma x kilo,2032040000007,69778.41,"$69.778,41",20260901
Lacteos Y Frescos,Frescos,leberwurst lario x 200 gr.,7790625000648,2359.0,"$2.359,00",20260901
Lacteos Y Frescos,Frescos,leberwurst paladini con finas hierbas x 200 gr.,7790079018367,2534.0,"$2.534,00",20260901
Lacteos Y Frescos,Frescos,leberwurst paladini x 250 gr.,7790079000638,3081.0,"$3.081,00",20260901
Lacteos Y Frescos,Frescos,leche almendra ades x1lt.,7790895643538,6259.0,"$6.259,00",20260901
Lacteos Y Frescos,Frescos,leche apostoles descremada larga vida x 1 litro,7798338290110,2010.11,"$2.010,11",20260901
Lacteos Y Frescos,Frescos,leche apostoles x 1 litro entera larga vida,7798338290479,2010.11,"$2.010,11",20260901
Lacteos Y Frescos,Frescos,leche armonia x 1 litro parcialmnente descremada 2,7790742336200,2300.0,"$2.300,00",20260901
Lacteos Y Frescos,Frescos,leche armonia x 400 gm,7790742331601,6774.0,"$6.774,00",20260901
Lacteos Y Frescos,Frescos,leche barista la serenisima x 1 lt.,7790742358400,2599.0,"$2.599,00",20260901
Lacteos Y Frescos,Frescos,leche chocolatada cindor x 1 lt.,7791337007253,7960.0,"$7.960,00",20260901
Lacteos Y Frescos,Frescos,leche chocolatada cindor x 1 lt. sabor mocha,7791337007796,7960.0,"$7.960,00",20260901
Lacteos Y Frescos,Frescos,leche chocolatada cindor x 200 ml.,7791337007260,2863.0,"$2.863,00",20260901
Lacteos Y Frescos,Frescos,leche chocolatada ilolay kids x 1 litro sin lactosa,7790787054022,2959.0,"$2.959,00",20260901
Lacteos Y Frescos,Frescos,leche chocolatada ilolay x 200 ml deslactosada,7790787054039,1421.0,"$1.421,00",20260901
Lacteos Y Frescos,Frescos,leche chocolatada ilolay x 200ml,7790787002672,1421.0,"$1.421,00",20260901
Lacteos Y Frescos,Frescos,leche chocolatada la serenisima x 1 lt.,7791337008403,5587.0,"$5.587,00",20260901
Lacteos Y Frescos,Frescos,leche chocolatada la serenisima x 200 ml.,7791337008410,1912.0,"$1.912,00",20260901
Lacteos Y Frescos,Frescos,leche chocolatada milkaut x 200 ml.,7794820004159,1099.0,"$1.099,00",20260901
Lacteos Y Frescos,Frescos,leche chocolatada nesquik menos azucar x 200 ml.,8445290848932,1504.0,"$1.504,00",20260901
Lacteos Y Frescos,Frescos,leche chocolatada nesquik x 200 ml clasica,8445291395961,1504.0,"$1.504,00",20260901
Lacteos Y Frescos,Frescos,leche chocolatada nestle x 190 ml clasica,8445291632660,1859.0,"$1.859,00",20260901
Lacteos Y Frescos,Frescos,leche chocolatada tregar x 1 lt.,7793913001990,3986.0,"$3.986,00",20260901
Lacteos Y Frescos,Frescos,leche chocolatada tregar x 200 ml.,7793913002119,1579.0,"$1.579,00",20260901
Lacteos Y Frescos,Frescos,leche condensada descremada nestle x 395 gr.,8445290883858,4051.0,"$4.051,00",20260901
Lacteos Y Frescos,Frescos,leche condensada nestle x 395 gr limon,8445290900630,4050.73,"$4.050,73",20260901
Lacteos Y Frescos,Frescos,leche condensada organica nestle x 395 gr.,8445291171121,4051.0,"$4.051,00",20260901
Lacteos Y Frescos,Frescos,leche de almendras la serenisima x 1 lt.,7790742340108,4896.0,"$4.896,00",20260901
Lacteos Y Frescos,Frescos,leche de almendras silk sin azucar x 1 lt. vainila,7791337007949,5449.0,"$5.449,00",20260901
Lacteos Y Frescos,Frescos,leche de almendras sin azucar la serenisima x 1 lt,7790742340306,4896.0,"$4.896,00",20260901
Lacteos Y Frescos,Frescos,leche descremada 0a?a? tenor graso tregar x 1 lt.,7793913002447,2301.0,"$2.301,00",20260901
Lacteos Y Frescos,Frescos,leche descremada armonia 1a?a? x 1 lt.,7793940306006,2086.0,"$2.086,00",20260901
Lacteos Y Frescos,Frescos,leche descremada en polvo ilolay light x30s,7790787201297,7470.0,"$7.470,00",20260901
Lacteos Y Frescos,Frescos,leche descremada en polvo la serenisima x 200 gr.,7790742436207,4242.0,"$4.242,00",20260901
Lacteos Y Frescos,Frescos,leche descremada en polvo la serenisima x 400 gr.,7790742436405,8006.0,"$8.006,00",20260901
Lacteos Y Frescos,Frescos,leche descremada la serenisima con hierro x 1 lt.,7790742335807,2599.0,"$2.599,00",20260901
Lacteos Y Frescos,Frescos,leche descremada la serenisima protein x 1 lt.,7790742358608,2599.0,"$2.599,00",20260901
Lacteos Y Frescos,Frescos,leche descremada larga vida tregar x 1 lt.,7793913012996,2301.0,"$2.301,00",20260901
Lacteos Y Frescos,Frescos,leche en polvo armonia x 800 gr.,7790742331304,11029.0,"$11.029,00",20260901
Lacteos Y Frescos,Frescos,leche en polvo descremada ilolay x 400 gr.,7790787208067,8215.0,"$8.215,00",20260901
Lacteos Y Frescos,Frescos,leche en polvo descremada ilolay x 800 gr.,7790787201303,13679.0,"$13.679,00",20260901
Lacteos Y Frescos,Frescos,leche en polvo descremada milkaut x800gr.caja,7794820000526,13436.0,"$13.436,00",20260901
Lacteos Y Frescos,Frescos,leche en polvo descremada svelty organica x 370 g.,8445290194077,8623.0,"$8.623,00",20260901
Lacteos Y Frescos,Frescos,leche en polvo entera ilolay x 400 gr.,7790787206155,7468.0,"$7.468,00",20260901
Lacteos Y Frescos,Frescos,leche en polvo entera la serenisima x 800 gr.,7790742437303,14593.0,"$14.593,00",20260901
Lacteos Y Frescos,Frescos,leche en polvo entera milkaut caja x 800 gr.,7794820001103,13436.0,"$13.436,00",20260901
Lacteos Y Frescos,Frescos,leche en polvo ilolay entera x 800 gr.,7790787201228,12863.0,"$12.863,00",20260901
Lacteos Y Frescos,Frescos,leche en polvo la lechera x 200 gm,8445291388598,3034.0,"$3.034,00",20260901
Lacteos Y Frescos,Frescos,leche en polvo la lechera x 400 gr.,8445290702302,6479.0,"$6.479,00",20260901
Lacteos Y Frescos,Frescos,leche en polvo la lechera x 800 gr.,8445290702234,12142.0,"$12.142,00",20260901
Lacteos Y Frescos,Frescos,leche en polvo la paulina entera x 800 gm,7790398100644,14312.0,"$14.312,00",20260901
Lacteos Y Frescos,Frescos,leche en polvo la serenisima zero lactosa x 400 gm entera,7790742436504,10309.0,"$10.309,00",20260901
Lacteos Y Frescos,Frescos,leche en polvo nido cero lactosa x 750 gr.,8445291216587,16078.0,"$16.078,00",20260901
Lacteos Y Frescos,Frescos,leche en polvo reducida en lactosa purisima x 400.,7798095171813,7107.0,"$7.107,00",20260901
Lacteos Y Frescos,Frescos,leche en polvo svelty extra calcio x 370 gr.,8445291020047,7186.0,"$7.186,00",20260901
Lacteos Y Frescos,Frescos,leche en polvo svelty extra calcio x 750 gr.,8445291020061,13238.0,"$13.238,00",20260901
Lacteos Y Frescos,Frescos,leche entera armonia 2 % sachet x 1 litro,7790742330703,2086.0,"$2.086,00",20260901
Lacteos Y Frescos,Frescos,leche entera en polvo la serenisima x 200 gr.,7790742436108,4242.0,"$4.242,00",20260901
Lacteos Y Frescos,Frescos,leche entera en polvo la serenisima x 400 gr.,7790742436306,8450.0,"$8.450,00",20260901
Lacteos Y Frescos,Frescos,leche entera larga vida la serenisima 3a?a? x 200 ml.,7790742357205,1427.0,"$1.427,00",20260901
Lacteos Y Frescos,Frescos,leche entera milkaut larga vida x 1 lt.,7794820903100,2442.0,"$2.442,00",20260901
Lacteos Y Frescos,Frescos,leche entera tregar x 1 lt. larga vida,7793913001822,2301.0,"$2.301,00",20260901
Lacteos Y Frescos,Frescos,leche l.v.ilolay x1lt.0% lacto,7790787960767,2590.0,"$2.590,00",20260901
Lacteos Y Frescos,Frescos,leche la serenisima 1 a?a? descremada larga vida x 1l,7790742335609,2509.0,"$2.509,00",20260901
Lacteos Y Frescos,Frescos,leche la serenisima clasica 3 a?a? x 1 lt. larga vida,7790742363008,2459.0,"$2.459,00",20260901
Lacteos Y Frescos,Frescos,leche la serenisima descremada sachet x 1 litro protein,7790742352101,2447.0,"$2.447,00",20260901
Lacteos Y Frescos,Frescos,leche la serenisima descremada sachet x 1 litro zero lactosa,7790742352200,2500.0,"$2.500,00",20260901
Lacteos Y Frescos,Frescos,leche la serenisima descremada x1l.1a?a? sachet md,7790742348005,2243.0,"$2.243,00",20260901
Lacteos Y Frescos,Frescos,leche la serenisima en polvo protein x 400 gm,7790742437709,12112.0,"$12.112,00",20260901
Lacteos Y Frescos,Frescos,leche la serenisima en polvo zero lactosa x 400 gm 0 % grasa,7790742437105,10303.0,"$10.303,00",20260901
Lacteos Y Frescos,Frescos,leche la serenisima entera x1l.3a?a? sachet md,7790742348302,2208.0,"$2.208,00",20260901
Lacteos Y Frescos,Frescos,leche la serenisima extra calcio botella x 1 l. con colageno,7790742358103,2599.0,"$2.599,00",20260901
Lacteos Y Frescos,Frescos,leche la serenisima larga vida 3a?a? x 1 lt.,7790742335500,2509.0,"$2.509,00",20260901
Lacteos Y Frescos,Frescos,leche la serenisima multi defensas 2a?a? x 1 lt.,7790742348203,2243.0,"$2.243,00",20260901
Lacteos Y Frescos,Frescos,leche la serenisima semidescremada x1lt.2a?a? pet,7790742335401,2509.0,"$2.509,00",20260901
Lacteos Y Frescos,Frescos,leche la serenisima zero lactosa larga vida x 1 lt,7790742333605,2599.0,"$2.599,00",20260901
Lacteos Y Frescos,Frescos,leche larga vida ilolay x 1 litro entera,7790787002528,2281.0,"$2.281,00",20260901
Lacteos Y Frescos,Frescos,leche larga vida la serenisima 1 % x 1 litro,7790742363107,2459.0,"$2.459,00",20260901
Lacteos Y Frescos,Frescos,leche larga vida la serenisima con prebioticos x 1,7790742358509,2599.0,"$2.599,00",20260901
Lacteos Y Frescos,Frescos,leche las 3 niaas larga vida x 1 litro proteina,7798338291803,2169.0,"$2.169,00",20260901
Lacteos Y Frescos,Frescos,leche las tres ninas  x 1 litro descremada 0 % larga vida,7798338290301,2204.0,"$2.204,00",20260901
Lacteos Y Frescos,Frescos,leche las tres ninas 0 % lactosa larga vida x 1 litro,7798338290271,2437.0,"$2.437,00",20260901
Lacteos Y Frescos,Frescos,leche las tres ninas x 1 litro parcialmente descremada 2 %lv,7798338291469,2204.0,"$2.204,00",20260901
Lacteos Y Frescos,Frescos,leche ls vegetal almendra barista x 1 lt,7790742341600,4895.0,"$4.895,00",20260901
Lacteos Y Frescos,Frescos,leche ls.desc.x1l.0% lv.pet,7790742335302,2509.0,"$2.509,00",20260901
Lacteos Y Frescos,Frescos,leche ls.p.desc.x1l.2% vit.car,7790742363206,2459.0,"$2.459,00",20260901
Lacteos Y Frescos,Frescos,leche lv ololay descremada x 1 lt,7790787002535,2281.0,"$2.281,00",20260901
Lacteos Y Frescos,Frescos,leche milkaut  larga vida x 1 litro 0 % lactosa,7791564136863,2549.0,"$2.549,00",20260901
Lacteos Y Frescos,Frescos,leche nido 4 x 800 real aumento,8445291216563,15462.0,"$15.462,00",20260901
Lacteos Y Frescos,Frescos,leche nido x 200 ml sabor vainilla,8445291097797,1054.0,"$1.054,00",20260901
Lacteos Y Frescos,Frescos,leche nido x 350,8445291228085,8138.0,"$8.138,00",20260901
Lacteos Y Frescos,Frescos,leche nido x 370,8445290391872,7276.0,"$7.276,00",20260901
Lacteos Y Frescos,Frescos,leche nido x 750,8445290999559,13403.0,"$13.403,00",20260901
Lacteos Y Frescos,Frescos,leche parcialmente descremada milkaut larga vida .,7794820903117,2442.0,"$2.442,00",20260901
Lacteos Y Frescos,Frescos,leche reducida en lactosa tregar x 1 lt.,7793913013009,2503.0,"$2.503,00",20260901
Lacteos Y Frescos,Frescos,leche serekids,7790742336408,2166.0,"$2.166,00",20260901
Lacteos Y Frescos,Frescos,leche svelty,8445291102095,8835.0,"$8.835,00",20260901
Lacteos Y Frescos,Frescos,leche svelty x 370 gm colageno,8445291362369,8626.0,"$8.626,00",20260901
Lacteos Y Frescos,Frescos,leche tres nia?a?as liviana,7798338290035,2204.0,"$2.204,00",20260901
Lacteos Y Frescos,Frescos,leche vegetal a serenisima x 1 lt. coco,7790742340900,5057.0,"$5.057,00",20260901
Lacteos Y Frescos,Frescos,lomo a las finas hierbas lario x kg.,2018710000003,32509.0,"$32.509,00",20260901
Lacteos Y Frescos,Frescos,lomo cocido feteado paladini x 120 gr.,7790079019562,4049.0,"$4.049,00",20260901
Lacteos Y Frescos,Frescos,lomo cocido paladini x kg.,2014830000008,20230.0,"$20.230,00",20260901
Lacteos Y Frescos,Frescos,lomo horneado feteado labratto x 100 gr.,7790079019180,5096.0,"$5.096,00",20260901
Lacteos Y Frescos,Frescos,lomo horneado x kg.,2014890000000,35590.0,"$35.590,00",20260901
Lacteos Y Frescos,Frescos,longaniza bierzo tipo calabresa x kilo x kg.,2011140000001,52026.0,"$52.026,00",20260901
Lacteos Y Frescos,Frescos,manteca ilolay x 200 gr,7790787960668,3939.0,"$3.939,00",20260901
Lacteos Y Frescos,Frescos,manteca ilolay x 500 gr.,7790787960675,10324.0,"$10.324,00",20260901
Lacteos Y Frescos,Frescos,manteca ilolay x100gr.,7790787960651,2289.0,"$2.289,00",20260901
Lacteos Y Frescos,Frescos,manteca la paulina x 100 gr.,7790398100071,2183.0,"$2.183,00",20260901
Lacteos Y Frescos,Frescos,manteca la paulina x 200 gr.,7790398100088,4218.0,"$4.218,00",20260901
Lacteos Y Frescos,Frescos,manteca la paulina x 500 gr.,7794990879557,10024.0,"$10.024,00",20260901
Lacteos Y Frescos,Frescos,manteca la serenisima light x 200 gr.,7790742345707,4799.0,"$4.799,00",20260901
Lacteos Y Frescos,Frescos,manteca la serenisima x 100 gr.,7793940052002,2419.0,"$2.419,00",20260901
Lacteos Y Frescos,Frescos,manteca ls.x200gr.clasica,7793940054006,4389.0,"$4.389,00",20260901
Lacteos Y Frescos,Frescos,manteca milkaut x 100 gr.,7794820903292,2199.0,"$2.199,00",20260901
Lacteos Y Frescos,Frescos,manteca milkaut x 200 gr.,7794820903308,4099.0,"$4.099,00",20260901
Lacteos Y Frescos,Frescos,manteca tonadita extra sal x 200 gm,7798060853041,4152.0,"$4.152,00",20260901
Lacteos Y Frescos,Frescos,manteca tonadita sin lactosa x 200 gr.,7798060853300,4152.0,"$4.152,00",20260901
Lacteos Y Frescos,Frescos,manteca tonadita sin sal x 200 gr.,7798060852747,4152.0,"$4.152,00",20260901
Lacteos Y Frescos,Frescos,manteca tonadita x 200 gr light reducida 30 %,7798060853294,4152.0,"$4.152,00",20260901
Lacteos Y Frescos,Frescos,manteca tonadita x 200 gr.,7798060850026,3954.0,"$3.954,00",20260901
Lacteos Y Frescos,Frescos,manteca tonadita x 500 gr.,7798060850118,9687.0,"$9.687,00",20260901
Lacteos Y Frescos,Frescos,manteca tremblay x 200 gr.,7798151770523,3996.0,"$3.996,00",20260901
Lacteos Y Frescos,Frescos,manteca tremblay x100gr.,7798151770516,2092.0,"$2.092,00",20260901
Lacteos Y Frescos,Frescos,matambre arrollado paladini  x kilo,2010040000005,39549.02,"$39.549,02",20260901
Lacteos Y Frescos,Frescos,mortadela con pistacho labratto x kg.,2015020000006,24338.0,"$24.338,00",20260901
Lacteos Y Frescos,Frescos,mortadela con pistachos labratto fet. x 100 gr.,7790079019173,3289.0,"$3.289,00",20260901
Lacteos Y Frescos,Frescos,mortadela con pistachos paladini feteada al vacio x120 gr,7790079025556,3103.91,"$3.103,91",20260901
Lacteos Y Frescos,Frescos,mortadela con queso paladini x 300 gr.,7790079019913,4575.0,"$4.575,00",20260901
Lacteos Y Frescos,Frescos,mortadela lario bocha x 300 gr.,7790625006879,3946.0,"$3.946,00",20260901
Lacteos Y Frescos,Frescos,mortadela lario x kg.,2018740000004,11231.0,"$11.231,00",20260901
Lacteos Y Frescos,Frescos,mortadela paladini con pistacho por kilo,2038400000007,18942.31,"$18.942,31",20260901
Lacteos Y Frescos,Frescos,mortadela paladini familiar x 300 gr con pistacho,7790079025549,6363.62,"$6.363,62",20260901
Lacteos Y Frescos,Frescos,mortadela paladini fetas + finas x 200 gr.,7790079022609,4499.0,"$4.499,00",20260901
Lacteos Y Frescos,Frescos,mortadela paladini mini x 300 gr.,7790079001031,5534.0,"$5.534,00",20260901
Lacteos Y Frescos,Frescos,mortadela paladini x 500 gr.,7790079000904,8574.0,"$8.574,00",20260901
Lacteos Y Frescos,Frescos,mortadela paladini x kilo,2015140000009,16474.0,"$16.474,00",20260901
Lacteos Y Frescos,Frescos,nesquik x 200 ml trd menos azucar,8445291395923,1503.96,"$1.503,96",20260901
Lacteos Y Frescos,Frescos,noquis de espinaca la gallega x kg.,2013780000007,6700.0,"$6.700,00",20260901
Lacteos Y Frescos,Frescos,noquis de papa la saltena x 450 gr.,7790070612106,3153.0,"$3.153,00",20260901
Lacteos Y Frescos,Frescos,noquis de papa la saltena x 900 gr.,7790070621825,5995.0,"$5.995,00",20260901
Lacteos Y Frescos,Frescos,noquis de papa paladini x 500 gr.,7790079021381,3683.0,"$3.683,00",20260901
Lacteos Y Frescos,Frescos,noquis de semola la gallega x kg.,2013790000004,6700.0,"$6.700,00",20260901
Lacteos Y Frescos,Frescos,noquis don yeyo con papa x 500 gr.,7795293104100,2808.0,"$2.808,00",20260901
Lacteos Y Frescos,Frescos,nutren protein x 260 m chocolate,7891000410141,4577.0,"$4.577,00",20260901
Lacteos Y Frescos,Frescos,nutren protein x 260 ml vainilla,7891000410066,4577.0,"$4.577,00",20260901
Lacteos Y Frescos,Frescos,paleta clasica paladini x kg.,2015170000000,17333.0,"$17.333,00",20260901
Lacteos Y Frescos,Frescos,paleta d ecerdo sadia x kilo x kg.,2029400000005,11689.0,"$11.689,00",20260901
Lacteos Y Frescos,Frescos,paleta de cerdo paladini fetas + finas x 200 gr.,7790079022616,6139.0,"$6.139,00",20260901
Lacteos Y Frescos,Frescos,panceta ahumada familiar paladini al vacio,2015720000009,42705.0,"$42.705,00",20260901
Lacteos Y Frescos,Frescos,panceta ahumada lario x kg.,2018780000002,34599.0,"$34.599,00",20260901
Lacteos Y Frescos,Frescos,panceta ahumada paladini x kg.,2015260000002,36699.0,"$36.699,00",20260901
Lacteos Y Frescos,Frescos,panceta arrollada paladini x kg.,2015270000009,40016.0,"$40.016,00",20260901
Lacteos Y Frescos,Frescos,panceta salada lario x kg.,2018810000002,34599.0,"$34.599,00",20260901
Lacteos Y Frescos,Frescos,panceta salada paladini env.al vacio familiar x kilo,2015290000003,35627.0,"$35.627,00",20260901
Lacteos Y Frescos,Frescos,panceta salada paladini x kg.,2015840000002,33599.0,"$33.599,00",20260901
Lacteos Y Frescos,Frescos,pascualina mil hojas doble hojaldre x 390 gr.,7791971000092,2136.0,"$2.136,00",20260901
Lacteos Y Frescos,Frescos,pascualina paladini x 400 gr. hojaldre,7790079021374,2660.0,"$2.660,00",20260901
Lacteos Y Frescos,Frescos,pascualina paladini x 400 gr. tipo criolla,7790079022135,2660.0,"$2.660,00",20260901
Lacteos Y Frescos,Frescos,pastron paladini x kg.,2015890000007,37714.0,"$37.714,00",20260901
Lacteos Y Frescos,Frescos,pebete estadio  x 160 gm salame y queso,7798046440067,4380.95,"$4.380,95",20260901
Lacteos Y Frescos,Frescos,pebete estadio x 160 gm jamon y queso,7798046440012,4379.74,"$4.379,74",20260901
Lacteos Y Frescos,Frescos,postre danette  sabor pistacho x 190 gm,7791337010703,4009.0,"$4.009,00",20260901
Lacteos Y Frescos,Frescos,postre danette chocolate x 380 gr.,7791337009608,7519.0,"$7.519,00",20260901
Lacteos Y Frescos,Frescos,postre danette copa x 100 gr. chocolate y crema,7791337008113,2768.0,"$2.768,00",20260901
Lacteos Y Frescos,Frescos,postre danette copa x100gr.ddl,7791337008106,2635.0,"$2.635,00",20260901
Lacteos Y Frescos,Frescos,postre danette dulce de leche x 380 gr.,7791337009868,7519.0,"$7.519,00",20260901
Lacteos Y Frescos,Frescos,postre danette dulce de leche x 95 gr.,7791337008083,2502.0,"$2.502,00",20260901
Lacteos Y Frescos,Frescos,postre danette pack  x 2 unidades sabor crema americana,7791337010574,4009.0,"$4.009,00",20260901
Lacteos Y Frescos,Frescos,postre danette sabor chocolate x 2 unidades,7791337010598,4009.0,"$4.009,00",20260901
Lacteos Y Frescos,Frescos,postre danette sabor dulce de leche pack x 2 unidades,7791337010581,4009.0,"$4.009,00",20260901
Lacteos Y Frescos,Frescos,postre danette x 95 gr. chocolate,7791337008076,2502.0,"$2.502,00",20260901
Lacteos Y Frescos,Frescos,postre danette x 95 gr. crema americana,7791337008090,2502.0,"$2.502,00",20260901
Lacteos Y Frescos,Frescos,postre ilolay dulce de leche x 130 gr.,7790787087198,1412.0,"$1.412,00",20260901
Lacteos Y Frescos,Frescos,postre ilolay kids chocolate x 120 gr.,7790787087174,1412.0,"$1.412,00",20260901
Lacteos Y Frescos,Frescos,postre ilolay kids sabor vainilla x 120 gr.,7790787087167,1412.0,"$1.412,00",20260901
Lacteos Y Frescos,Frescos,postre ilolay kids vainilla y dulce de leche x 120,7790787087181,1412.0,"$1.412,00",20260901
Lacteos Y Frescos,Frescos,postre ilolay kids x 110 gr. top confites,7790787087204,2615.0,"$2.615,00",20260901
Lacteos Y Frescos,Frescos,postre ilolay kids x 110 gr. top crispines,7790787087211,2615.0,"$2.615,00",20260901
Lacteos Y Frescos,Frescos,postre la serenisima pack x 2 unidades sabor chocolate,7791337010642,2509.0,"$2.509,00",20260901
Lacteos Y Frescos,Frescos,postre la serenisima paxk x 2 unidades sabor vainilla,7791337010659,2509.0,"$2.509,00",20260901
Lacteos Y Frescos,Frescos,postre ser pack x 2 unidades sabor chocolate,7791337010611,4819.0,"$4.819,00",20260901
Lacteos Y Frescos,Frescos,postre ser pack x dos unidades sabor dulce de leche,7791337010628,4819.0,"$4.819,00",20260901
Lacteos Y Frescos,Frescos,postre serenito con rocklets x 120 gr.,7791337008472,3751.0,"$3.751,00",20260901
Lacteos Y Frescos,Frescos,postre serenito pack x 2 unidades sabor dulce de leche,7791337010673,4518.0,"$4.518,00",20260901
Lacteos Y Frescos,Frescos,postre serenito vainilla x 120 gr.,7791337008458,2811.0,"$2.811,00",20260901
Lacteos Y Frescos,Frescos,postre serenito x 100 gr. vainilla,7791337008441,2080.0,"$2.080,00",20260901
Lacteos Y Frescos,Frescos,postre serenito x 118 gr. vainilla con chocobombas,7791337008489,3751.0,"$3.751,00",20260901
Lacteos Y Frescos,Frescos,postre serenito x 190 gm vainilla,7791337010680,4518.0,"$4.518,00",20260901
Lacteos Y Frescos,Frescos,postre serenito x100gr.chocola,7791337008427,2120.0,"$2.120,00",20260901
Lacteos Y Frescos,Frescos,postre serenito x100gr.vainill,7791337008434,2120.0,"$2.120,00",20260901
Lacteos Y Frescos,Frescos,provoleta tremblay x kilo,2010650000006,24624.0,"$24.624,00",20260901
Lacteos Y Frescos,Frescos,pueso provolone parrillero la paulina x kg.,2026990000002,46230.0,"$46.230,00",20260901
Lacteos Y Frescos,Frescos,qs.milkaut crematto x445g.clas,7794820903070,5819.0,"$5.819,00",20260901
Lacteos Y Frescos,Frescos,queso adler sandwichin x 144 gm mozarrella,7794820903704,4033.0,"$4.033,00",20260901
Lacteos Y Frescos,Frescos,queso adler x 144 gr. danbo,7891143018389,4033.0,"$4.033,00",20260901
Lacteos Y Frescos,Frescos,queso azul babaria x kg.,2027740000006,36390.0,"$36.390,00",20260901
Lacteos Y Frescos,Frescos,queso azul bavaria envasado x 125 gr clasico,7791564136535,6107.0,"$6.107,00",20260901
Lacteos Y Frescos,Frescos,queso azul bavaria grandblu envasado x 125 gr,7791564136542,5678.0,"$5.678,00",20260901
Lacteos Y Frescos,Frescos,queso azul bavaria x kg.,2015070000001,31208.0,"$31.208,00",20260901
Lacteos Y Frescos,Frescos,queso azul fundido para untar adler x 100 gr.,7791564012495,2800.0,"$2.800,00",20260901
Lacteos Y Frescos,Frescos,queso azul ilolay x kilo x kg.,2019580000001,30303.0,"$30.303,00",20260901
Lacteos Y Frescos,Frescos,queso azul la paulina x kg.,2017340000001,33851.0,"$33.851,00",20260901
Lacteos Y Frescos,Frescos,queso azul paladini x kg.,2028880000000,29563.0,"$29.563,00",20260901
Lacteos Y Frescos,Frescos,queso azul tregar x kg.,2014000000005,29736.0,"$29.736,00",20260901
Lacteos Y Frescos,Frescos,queso azul tremblay x kg.,2010500000002,29894.0,"$29.894,00",20260901
Lacteos Y Frescos,Frescos,queso blanco tregar clasico x 290 gr.,7793913013719,4676.0,"$4.676,00",20260901
Lacteos Y Frescos,Frescos,queso blanco untable tregar light x 290 gr.,7793913013726,4676.0,"$4.676,00",20260901
Lacteos Y Frescos,Frescos,queso brie canut x kilo,2027860000009,41391.0,"$41.391,00",20260901
Lacteos Y Frescos,Frescos,queso brie tremblay x kg.,2028520000001,38826.0,"$38.826,00",20260901
Lacteos Y Frescos,Frescos,queso camembert tremblay x kilo franccionado,2028530000008,43791.86,"$43.791,86",20260901
Lacteos Y Frescos,Frescos,queso canut poimentino ahumado x unidad al vacio,2031810000001,25524.0,"$25.524,00",20260901
Lacteos Y Frescos,Frescos,queso casancrem x 500gr clasico,7791337061491,7499.0,"$7.499,00",20260901
Lacteos Y Frescos,Frescos,queso cheddar en fetas adler x 8 unid.,7891143018396,4033.0,"$4.033,00",20260901
Lacteos Y Frescos,Frescos,queso cheddar la paulina x kg.,2030690000002,21991.0,"$21.991,00",20260901
Lacteos Y Frescos,Frescos,queso cheddar la serenisima x kg.,2017510000008,45317.0,"$45.317,00",20260901
Lacteos Y Frescos,Frescos,queso cheddar tremblay x kg.,2024890000009,18507.0,"$18.507,00",20260901
Lacteos Y Frescos,Frescos,queso cr.s.ignacio x290g.,7790244941582,3551.0,"$3.551,00",20260901
Lacteos Y Frescos,Frescos,queso crema  tremblay x 290 gm reducido,7798151771315,4122.0,"$4.122,00",20260901
Lacteos Y Frescos,Frescos,queso crema casancrem balance x 290 gm,7791337061385,4999.0,"$4.999,00",20260901
Lacteos Y Frescos,Frescos,queso crema casancrem light x 290 gr. sin sal agra,7791337060944,4999.0,"$4.999,00",20260901
Lacteos Y Frescos,Frescos,queso crema casancrem x 290 gr.,7791337061361,4999.0,"$4.999,00",20260901
Lacteos Y Frescos,Frescos,queso crema doble la paulina x 280 gr.,7794990188659,3920.0,"$3.920,00",20260901
Lacteos Y Frescos,Frescos,queso crema la paulina light x 290 gr.,7794990879663,3515.0,"$3.515,00",20260901
Lacteos Y Frescos,Frescos,queso crema la paulina sabor alioli x 250 gr.,7794990880522,3404.0,"$3.404,00",20260901
Lacteos Y Frescos,Frescos,queso crema la paulina tradicional x 290 gr.,7794990879656,3515.0,"$3.515,00",20260901
Lacteos Y Frescos,Frescos,queso crema la paulina x 250 gr. ciboullette,7794990880201,3404.0,"$3.404,00",20260901
Lacteos Y Frescos,Frescos,queso crema la serenisima x 290 gm entero,7791337061422,2799.0,"$2.799,00",20260901
Lacteos Y Frescos,Frescos,queso crema la serenisima x 450 gm entero,7791337009844,6166.0,"$6.166,00",20260901
Lacteos Y Frescos,Frescos,queso crema la serenisima x 450 gm light,7791337009851,6166.0,"$6.166,00",20260901
Lacteos Y Frescos,Frescos,queso crema light tregar x190g,7793913013214,3083.0,"$3.083,00",20260901
Lacteos Y Frescos,Frescos,queso crema milkaut crematto x 445 gm balance,7794820903087,5819.0,"$5.819,00",20260901
Lacteos Y Frescos,Frescos,queso crema san ignacio x 480 gm clasico,7790244941599,5343.0,"$5.343,00",20260901
Lacteos Y Frescos,Frescos,queso crema tonadita cremette x 480 gr. clasico,7798060853072,5043.0,"$5.043,00",20260901
Lacteos Y Frescos,Frescos,queso crema tregar light x 280 gr.,7793913013412,4533.0,"$4.533,00",20260901
Lacteos Y Frescos,Frescos,queso crema tregar x 190 gr.,7793913013207,3083.0,"$3.083,00",20260901
Lacteos Y Frescos,Frescos,queso crema tregar x 280 gr.,7793913013405,4533.0,"$4.533,00",20260901
Lacteos Y Frescos,Frescos,queso crema untable tremblay x 290 gr.,7798151771308,3504.0,"$3.504,00",20260901
Lacteos Y Frescos,Frescos,queso cremon doble crema la serenisima x kilo env. al vacio,2017620000004,19349.0,"$19.349,00",20260901
Lacteos Y Frescos,Frescos,queso cremon la serenisima cremoso x kilo,2037860000008,15219.0,"$15.219,00",20260901
Lacteos Y Frescos,Frescos,queso cremon light la serenisima x kg.,2017610000007,16949.0,"$16.949,00",20260901
Lacteos Y Frescos,Frescos,queso cremoso canut x kg.,2011370000000,17217.0,"$17.217,00",20260901
Lacteos Y Frescos,Frescos,queso cremoso doble crema la paulina x kg.,2015940000001,17016.0,"$17.016,00",20260901
Lacteos Y Frescos,Frescos,queso cremoso ilolay x kg.,2019610000001,13559.0,"$13.559,00",20260901
Lacteos Y Frescos,Frescos,queso cremoso la paulina envasado x 500 gr aproximado,2015930000004,19378.0,"$19.378,00",20260901
Lacteos Y Frescos,Frescos,queso cremoso la paulina trozado x 400 gm,2015960000005,19378.0,"$19.378,00",20260901
Lacteos Y Frescos,Frescos,queso cremoso la paulina x kg.,2015970000002,13735.0,"$13.735,00",20260901
Lacteos Y Frescos,Frescos,queso cremoso la serenisima cremon fraccionado al vacio x ki,2025990000005,17339.0,"$17.339,00",20260901
Lacteos Y Frescos,Frescos,queso cremoso paladini x kg.,2015420000002,18360.0,"$18.360,00",20260901
Lacteos Y Frescos,Frescos,queso cremoso ricrem x kg.,2017430000003,13021.0,"$13.021,00",20260901
Lacteos Y Frescos,Frescos,queso cremoso tregar fraccionado x 500gr aprox x kg.,2014020000009,18236.0,"$18.236,00",20260901
Lacteos Y Frescos,Frescos,queso cremoso tregar x kg.,2014030000006,16355.0,"$16.355,00",20260901
Lacteos Y Frescos,Frescos,queso cremoso tremblay trozado x kg envasado al vacio,2024320000005,20400.0,"$20.400,00",20260901
Lacteos Y Frescos,Frescos,queso cremoso tremblay x kg.,2010510000009,13352.0,"$13.352,00",20260901
Lacteos Y Frescos,Frescos,queso criollo tregar al vacio x kilo,2014370000001,30672.0,"$30.672,00",20260901
Lacteos Y Frescos,Frescos,queso criollo tregar x kg.,2014060000007,26583.0,"$26.583,00",20260901
Lacteos Y Frescos,Frescos,queso criollo tremblay x kg.,2010530000003,23768.0,"$23.768,00",20260901
Lacteos Y Frescos,Frescos,queso cuartirolo ilolay x kg.,2019630000005,15456.0,"$15.456,00",20260901
Lacteos Y Frescos,Frescos,queso dambo tonadita x 8 fetas,7798060854413,2815.0,"$2.815,00",20260901
Lacteos Y Frescos,Frescos,queso danbo barra tregar x kg.,2014090000008,20871.0,"$20.871,00",20260901
Lacteos Y Frescos,Frescos,queso danbo en fetas la paulina x 180 gr.,7794990880225,4718.0,"$4.718,00",20260901
Lacteos Y Frescos,Frescos,queso danbo la paulina x kg.,2016000000009,18372.0,"$18.372,00",20260901
Lacteos Y Frescos,Frescos,queso danbo la serenisima sin lactosa x kilo,2028230000001,26141.0,"$26.141,00",20260901
Lacteos Y Frescos,Frescos,queso danbo las 3 niaas x kilo,2010050000002,16062.0,"$16.062,00",20260901
Lacteos Y Frescos,Frescos,queso danbo magro tremblay x kg.,2010540000000,19577.0,"$19.577,00",20260901
Lacteos Y Frescos,Frescos,queso danbo paladini x kg.,2015440000006,22548.0,"$22.548,00",20260901
Lacteos Y Frescos,Frescos,queso danbo psandwich canut x kg.,2011390000004,24037.0,"$24.037,00",20260901
Lacteos Y Frescos,Frescos,queso danbo tremblay x kg.,2010550000007,17991.0,"$17.991,00",20260901
Lacteos Y Frescos,Frescos,queso de cerdo paladini x kg.,2015460000000,12235.0,"$12.235,00",20260901
Lacteos Y Frescos,Frescos,queso doble crema cremon la serenisima x kilo,2017630000001,16949.0,"$16.949,00",20260901
Lacteos Y Frescos,Frescos,queso en fetas finlandia x 150 gr. cheddar,7790742167101,5828.0,"$5.828,00",20260901
Lacteos Y Frescos,Frescos,queso en fetas finlandia x 150 gr. danbo,7790742167200,5828.0,"$5.828,00",20260901
Lacteos Y Frescos,Frescos,queso en fetas la paulina env. x 500 gr danbo,7794990185184,11948.0,"$11.948,00",20260901
Lacteos Y Frescos,Frescos,queso en fetas la paulina x 180 gr. mozzarella,7794990880218,4718.0,"$4.718,00",20260901
Lacteos Y Frescos,Frescos,queso en fetas la paulina x 180 gr. tybo,7794990880232,4718.0,"$4.718,00",20260901
Lacteos Y Frescos,Frescos,queso en hebas finlandia chef x 130 gr. mozzarella,7790742667311,4834.0,"$4.834,00",20260901
Lacteos Y Frescos,Frescos,queso en hebras finlandia chef x 130 gr cheddar,7790742667755,4834.0,"$4.834,00",20260901
Lacteos Y Frescos,Frescos,queso en hebras finlandia chef x 130 gr. 4 quesos,7790742667328,4834.0,"$4.834,00",20260901
Lacteos Y Frescos,Frescos,queso en hebras finlandia chef x 130 gr. 4 quesos,7790742667649,4834.0,"$4.834,00",20260901
Lacteos Y Frescos,Frescos,queso en hebras la paulina cuatro quesos x 125 gr.,7794990177530,4059.0,"$4.059,00",20260901
Lacteos Y Frescos,Frescos,queso en hebras la paulina cuatro quesos x 500 gr.,7794990177561,15263.0,"$15.263,00",20260901
Lacteos Y Frescos,Frescos,queso en hebras la paulina mini x 80 gr. cuatro qu,7794990876570,3083.0,"$3.083,00",20260901
Lacteos Y Frescos,Frescos,queso en hebras la paulina parmesano x 125 gr.,7794990177547,4059.0,"$4.059,00",20260901
Lacteos Y Frescos,Frescos,queso en hebras la paulina parmesano x 500 gr.,7794990177585,15263.0,"$15.263,00",20260901
Lacteos Y Frescos,Frescos,queso en hebras la paulina x 125 gm chedar,7794990178742,4059.0,"$4.059,00",20260901
Lacteos Y Frescos,Frescos,queso en hebras la paulina x 125 gm italiano,7794990177523,4059.0,"$4.059,00",20260901
Lacteos Y Frescos,Frescos,queso feteado tonadita cheddar americano x 8 fetas,7798060854116,2815.14,"$2.815,14",20260901
Lacteos Y Frescos,Frescos,queso finladia x 100 gm brie,7790742372000,7158.0,"$7.158,00",20260901
Lacteos Y Frescos,Frescos,queso finlandia chef danbo light x 150 gr.,7790742167309,5828.0,"$5.828,00",20260901
Lacteos Y Frescos,Frescos,queso finlandia x 180 gm reducido en calorias,7790742321800,3439.0,"$3.439,00",20260901
Lacteos Y Frescos,Frescos,queso fontina la paulina x kg.,2016040000007,32724.0,"$32.724,00",20260901
Lacteos Y Frescos,Frescos,queso fundido adler para untar sabor gruyere x 100,7791564013355,2800.0,"$2.800,00",20260901
Lacteos Y Frescos,Frescos,queso fundido adler para untar sabor jamon x 100 .,7791564012488,2800.0,"$2.800,00",20260901
Lacteos Y Frescos,Frescos,queso fundido adler para untar sabor salame x 100.,7791564012525,2800.0,"$2.800,00",20260901
Lacteos Y Frescos,Frescos,queso fynbo canut x kg.,2011420000004,26223.0,"$26.223,00",20260901
Lacteos Y Frescos,Frescos,queso fynbo tremblay x kg.,2010560000004,19265.0,"$19.265,00",20260901
Lacteos Y Frescos,Frescos,queso gouda canut x kg.,2011440000008,26223.0,"$26.223,00",20260901
Lacteos Y Frescos,Frescos,queso gouda la paulina x kg.,2017470000001,25812.0,"$25.812,00",20260901
Lacteos Y Frescos,Frescos,queso gouda la serenisima fraccionado sin lactosa,2028000000002,32555.0,"$32.555,00",20260901
Lacteos Y Frescos,Frescos,queso gouda tremblay al vacio x kilo,2028900000003,26492.0,"$26.492,00",20260901
Lacteos Y Frescos,Frescos,queso goya la paulina x kg.,2016920000004,30618.0,"$30.618,00",20260901
Lacteos Y Frescos,Frescos,queso gruyere canut x kg.,2011450000005,38837.0,"$38.837,00",20260901
Lacteos Y Frescos,Frescos,queso hebras la paulina x 500 gm italiano equilibo,7794990177578,15263.0,"$15.263,00",20260901
Lacteos Y Frescos,Frescos,queso il france x 125 gm brie bleu,3161712996153,13266.0,"$13.266,00",20260901
Lacteos Y Frescos,Frescos,queso ile de france x 125 gm mini brie,3161712002113,13266.0,"$13.266,00",20260901
Lacteos Y Frescos,Frescos,queso ile de france x 125 gm petit brie,3161712996146,12543.0,"$12.543,00",20260901
Lacteos Y Frescos,Frescos,queso ile de france x 125 gm petit camembert,3161712996108,12543.0,"$12.543,00",20260901
Lacteos Y Frescos,Frescos,queso ilolay crem x 290 gr balance,7790787960880,3119.0,"$3.119,00",20260901
Lacteos Y Frescos,Frescos,queso la paulina provoleta parrillera env.al vacio x 160 gr,7794990190928,7182.0,"$7.182,00",20260901
Lacteos Y Frescos,Frescos,queso la serenisima camembert x 200 gr,7790742371409,13749.0,"$13.749,00",20260901
Lacteos Y Frescos,Frescos,queso la serenisima cremon light fraccionado al vacio x kilo,2017600000000,19359.0,"$19.359,00",20260901
Lacteos Y Frescos,Frescos,queso la serenisima port salud sin sal fraccionado al vacio,2037630000009,25425.0,"$25.425,00",20260901
Lacteos Y Frescos,Frescos,queso magro canut sin sal x kg.,2011470000009,21660.0,"$21.660,00",20260901
Lacteos Y Frescos,Frescos,queso magro sin sal la paulina x kg.,2026910000006,15984.0,"$15.984,00",20260901
Lacteos Y Frescos,Frescos,queso magro sin sal la paulina x kilo envasado al vacio.,2026920000003,14454.0,"$14.454,00",20260901
Lacteos Y Frescos,Frescos,queso milkaut cremoso x kg.,2015300000009,15873.0,"$15.873,00",20260901
Lacteos Y Frescos,Frescos,queso milkaut dambo x kg.,2015320000003,20407.0,"$20.407,00",20260901
Lacteos Y Frescos,Frescos,queso milkaut sardo x kg.,2026970000008,40397.0,"$40.397,00",20260901
Lacteos Y Frescos,Frescos,queso minifynbo la serenisima fraccionado x kg.,2028510000004,31029.0,"$31.029,00",20260901
Lacteos Y Frescos,Frescos,queso mozarella canut feteada  x kg.envasada al vacio,2011490000003,35473.0,"$35.473,00",20260901
Lacteos Y Frescos,Frescos,queso mozzarella canut x kg.,2011500000009,23401.0,"$23.401,00",20260901
Lacteos Y Frescos,Frescos,queso mozzarella ilolay x kg.,2019690000007,19295.0,"$19.295,00",20260901
Lacteos Y Frescos,Frescos,queso mozzarella la paulina x kg.,2017110000002,19875.0,"$19.875,00",20260901
Lacteos Y Frescos,Frescos,queso mozzarella la serenisima x 220 gr.,7790742239907,7232.0,"$7.232,00",20260901
Lacteos Y Frescos,Frescos,queso mozzarella la serenisima x 500 gr.,7790742249906,14798.0,"$14.798,00",20260901
Lacteos Y Frescos,Frescos,queso mozzarella milkaut x kg.,2015570000006,20407.0,"$20.407,00",20260901
Lacteos Y Frescos,Frescos,queso mozzarella tregar x kg.,2014220000007,21740.0,"$21.740,00",20260901
Lacteos Y Frescos,Frescos,queso mozzarella tremblay x kg.,2010610000008,18136.0,"$18.136,00",20260901
Lacteos Y Frescos,Frescos,queso parmesano la paulina x kg.,2017230000005,47349.0,"$47.349,00",20260901
Lacteos Y Frescos,Frescos,queso pategras ilolay x kg.,2019780000009,28520.0,"$28.520,00",20260901
Lacteos Y Frescos,Frescos,queso pategras la paulina x kg.,2017240000002,29369.0,"$29.369,00",20260901
Lacteos Y Frescos,Frescos,queso pategras la serenisima fraccionado sin lactosa x kilo,2027990000009,38616.0,"$38.616,00",20260901
Lacteos Y Frescos,Frescos,queso pategras la serenisima sin lactosa x kg.,2028240000008,29702.0,"$29.702,00",20260901
Lacteos Y Frescos,Frescos,queso pategras las 3 niaas x kilo,2010060000009,17699.0,"$17.699,00",20260901
Lacteos Y Frescos,Frescos,queso pategras milkaut trozado x kg.,2028250000005,39510.0,"$39.510,00",20260901
Lacteos Y Frescos,Frescos,queso pategras milkaut x kg.,2015740000003,34406.0,"$34.406,00",20260901
Lacteos Y Frescos,Frescos,queso pategras paladini x kg.,2015340000007,31976.0,"$31.976,00",20260901
Lacteos Y Frescos,Frescos,queso pategras tregar x kg.,2014250000008,23964.0,"$23.964,00",20260901
Lacteos Y Frescos,Frescos,queso pategras tremblay x kg.,2010640000009,23191.0,"$23.191,00",20260901
Lacteos Y Frescos,Frescos,queso pimentino ahumado canut x kg.,2011550000004,32872.0,"$32.872,00",20260901
Lacteos Y Frescos,Frescos,queso por salut la paulina trozado x 500 gm aproximadamente,2017150000000,18991.0,"$18.991,00",20260901
Lacteos Y Frescos,Frescos,queso por salut la serenisima clasico x kilo env. al vacio,2027960000008,21184.0,"$21.184,00",20260901
Lacteos Y Frescos,Frescos,queso por salut ligh la paulina trozado x kilo al vacio,2017190000008,20448.0,"$20.448,00",20260901
Lacteos Y Frescos,Frescos,queso por salut light la serenisima fraccionado al vacio x k,2027940000004,25427.0,"$25.427,00",20260901
Lacteos Y Frescos,Frescos,queso por salut light tregar fraccionado x 500 gr x kg.,2014300000002,20864.0,"$20.864,00",20260901
Lacteos Y Frescos,Frescos,queso por salut light tregar x kg.,2014290000006,17744.0,"$17.744,00",20260901
Lacteos Y Frescos,Frescos,queso por salut tregar fraccionado x 500gr aprox x kg.,2014310000009,20586.0,"$20.586,00",20260901
Lacteos Y Frescos,Frescos,queso por salut tregar x kg.,2014320000006,17555.0,"$17.555,00",20260901
Lacteos Y Frescos,Frescos,queso por salut tremblay trozado x kg.envasado al vacio,2024330000002,22117.0,"$22.117,00",20260901
Lacteos Y Frescos,Frescos,queso port salut la paulina x kg.,2017160000007,15917.0,"$15.917,00",20260901
Lacteos Y Frescos,Frescos,queso port salut light la paulina x kg.,2017200000004,16574.0,"$16.574,00",20260901
Lacteos Y Frescos,Frescos,queso port salut light sin sal tregar x kg.,2014240000001,20942.0,"$20.942,00",20260901
Lacteos Y Frescos,Frescos,queso port salut paladini x kg.,2015490000001,19575.0,"$19.575,00",20260901
Lacteos Y Frescos,Frescos,queso port salut tremblay x kg.,2010630000002,14463.0,"$14.463,00",20260901
Lacteos Y Frescos,Frescos,queso protein la serenisima fraccionado x kilo,2038370000007,23844.76,"$23.844,76",20260901
Lacteos Y Frescos,Frescos,queso provoleta ahumada canut con pimienta x kg.al vacio,2011600000008,35480.0,"$35.480,00",20260901
Lacteos Y Frescos,Frescos,queso provoleta ahumada canut x kg.,2011570000008,31099.0,"$31.099,00",20260901
Lacteos Y Frescos,Frescos,queso provoleta canut parrillero x kg.,2011590000002,29936.0,"$29.936,00",20260901
Lacteos Y Frescos,Frescos,queso provoleta la serenisima sin lactosa x 180 gr,7790742471307,7979.0,"$7.979,00",20260901
Lacteos Y Frescos,Frescos,queso provoleta paladini x 160 gr.,7790079023101,5183.0,"$5.183,00",20260901
Lacteos Y Frescos,Frescos,queso provoleta santa rosa ahumada x kg.,2037350000006,42027.0,"$42.027,00",20260901
Lacteos Y Frescos,Frescos,queso provoleta santa rosa parrillera x kg.,2016130000009,44425.0,"$44.425,00",20260901
Lacteos Y Frescos,Frescos,queso provolone canut x kilo envasado al vacio,2011580000005,35480.0,"$35.480,00",20260901
Lacteos Y Frescos,Frescos,queso provolone la paulina x kg.,2024470000009,49490.0,"$49.490,00",20260901
Lacteos Y Frescos,Frescos,queso provolone la serenisima fraccionado sin lactosa,2028040000000,45147.0,"$45.147,00",20260901
Lacteos Y Frescos,Frescos,queso provolone tonadita x 8 fetas,7798060854109,2815.0,"$2.815,00",20260901
Lacteos Y Frescos,Frescos,queso rallado ilolay x 120 gr.,7790787002931,4979.0,"$4.979,00",20260901
Lacteos Y Frescos,Frescos,queso rallado ilolay x 40 gr.,7790787251780,1809.0,"$1.809,00",20260901
Lacteos Y Frescos,Frescos,queso rallado la paulina x 150 gr.,7790398100132,5760.0,"$5.760,00",20260901
Lacteos Y Frescos,Frescos,queso rallado la paulina x 40 gr.,7790398100118,1684.0,"$1.684,00",20260901
Lacteos Y Frescos,Frescos,queso rallado la paulina x 450 gr.,7794990880003,17828.0,"$17.828,00",20260901
Lacteos Y Frescos,Frescos,queso rallado la serenisima parmesano x 80 gr.,7790742223302,4212.0,"$4.212,00",20260901
Lacteos Y Frescos,Frescos,queso rallado la serenisima x 130 gr.,7790742223104,6899.0,"$6.899,00",20260901
Lacteos Y Frescos,Frescos,queso rallado la serenisima x 175 gr.,7790742223203,8383.0,"$8.383,00",20260901
Lacteos Y Frescos,Frescos,queso rallado la serenisima x 35 gr.,7790742222909,1659.0,"$1.659,00",20260901
Lacteos Y Frescos,Frescos,queso rallado la serenisima x 70 gr.,7790742223005,3189.0,"$3.189,00",20260901
Lacteos Y Frescos,Frescos,queso rallado milkaut x 120 gr.,7794820015247,5239.0,"$5.239,00",20260901
Lacteos Y Frescos,Frescos,queso rallado milkaut x 40 gr.,7794820000304,1899.0,"$1.899,00",20260901
Lacteos Y Frescos,Frescos,queso rallado tregar x 40 gr.,7793913000139,1748.0,"$1.748,00",20260901
Lacteos Y Frescos,Frescos,queso rallado tregar x120gr.,7793913013511,5039.0,"$5.039,00",20260901
Lacteos Y Frescos,Frescos,queso rallado tremblay x 40 gr.,7798151770189,1458.0,"$1.458,00",20260901
Lacteos Y Frescos,Frescos,queso reggianito canut x kg.,2011610000005,33765.0,"$33.765,00",20260901
Lacteos Y Frescos,Frescos,queso reggianito la paulina trozado x kg.,2017300000003,43501.0,"$43.501,00",20260901
Lacteos Y Frescos,Frescos,queso reggianito la paulina x kg.,2017320000007,35713.0,"$35.713,00",20260901
Lacteos Y Frescos,Frescos,queso reggianito la serenisima fraccionado x kg.,2028030000003,45147.0,"$45.147,00",20260901
Lacteos Y Frescos,Frescos,queso reggianito paladini x kg.,2015400000008,41867.0,"$41.867,00",20260901
Lacteos Y Frescos,Frescos,queso reggianito trega rx kilo x kg.,2014340000000,35701.0,"$35.701,00",20260901
Lacteos Y Frescos,Frescos,queso reggianito tremblay x kg.,2010660000003,36057.0,"$36.057,00",20260901
Lacteos Y Frescos,Frescos,queso regio la paulina x kg.,2022120000003,21936.0,"$21.936,00",20260901
Lacteos Y Frescos,Frescos,queso romanito tremblay x kg.,2010670000000,34561.0,"$34.561,00",20260901
Lacteos Y Frescos,Frescos,queso saint agur x 150 gr azul creme,3222110008111,14547.0,"$14.547,00",20260901
Lacteos Y Frescos,Frescos,queso santa  rosa envasado al vacio fontina reserva x kilo,2028480000004,40638.0,"$40.638,00",20260901
Lacteos Y Frescos,Frescos,queso santa rosa atuel x kg.,2016070000008,32403.0,"$32.403,00",20260901
Lacteos Y Frescos,Frescos,queso santa rosa azul envasado x 140 gr.,7791564000294,6316.0,"$6.316,00",20260901
Lacteos Y Frescos,Frescos,queso santa rosa azul x kg.,2016120000002,33947.0,"$33.947,00",20260901
Lacteos Y Frescos,Frescos,queso santa rosa fontina x kg.,2028470000007,35590.0,"$35.590,00",20260901
Lacteos Y Frescos,Frescos,queso santa rosa pategras x kg.,2027200000003,35353.0,"$35.353,00",20260901
Lacteos Y Frescos,Frescos,queso santa rosa pimienta x kg.,2029370000005,36087.0,"$36.087,00",20260901
Lacteos Y Frescos,Frescos,queso santa rosa provolone trozado x kg.,2016190000001,57552.0,"$57.552,00",20260901
Lacteos Y Frescos,Frescos,queso santa rosa provolone x kg.,2016160000000,48529.0,"$48.529,00",20260901
Lacteos Y Frescos,Frescos,queso santa rosa sardo x kg.,2016260000009,42773.0,"$42.773,00",20260901
Lacteos Y Frescos,Frescos,queso santa rosa trozada al vacio sardo x kilo,2016270000006,51131.0,"$51.131,00",20260901
Lacteos Y Frescos,Frescos,queso santa rosa trozado al vacio provoleta ahumada x kilo,2037360000003,51162.0,"$51.162,00",20260901
Lacteos Y Frescos,Frescos,queso santa rosa trozado al vacio provoleta x kilo,2016050000004,54081.0,"$54.081,00",20260901
Lacteos Y Frescos,Frescos,queso santa rosa trozado al vacio reggianito x kilo,2016230000008,54311.0,"$54.311,00",20260901
Lacteos Y Frescos,Frescos,queso sardo canut x kg.,2011640000006,33421.0,"$33.421,00",20260901
Lacteos Y Frescos,Frescos,queso sardo la paulina trozado x kilo,2026780000007,45441.0,"$45.441,00",20260901
Lacteos Y Frescos,Frescos,queso sardo la paulina x kg.,2017360000005,35270.0,"$35.270,00",20260901
Lacteos Y Frescos,Frescos,queso sardo la serenisima fraccionado slactosa x,2028020000006,42849.0,"$42.849,00",20260901
Lacteos Y Frescos,Frescos,queso sardo la serenisima x kg.,2017960000009,38402.0,"$38.402,00",20260901
Lacteos Y Frescos,Frescos,queso sardo paladini x kg.,2015510000004,39230.0,"$39.230,00",20260901
Lacteos Y Frescos,Frescos,queso sardo tremblay trozado x kg.,2024350000006,35730.0,"$35.730,00",20260901
Lacteos Y Frescos,Frescos,queso sardo tremblay x kg.,2010680000007,29599.0,"$29.599,00",20260901
Lacteos Y Frescos,Frescos,queso tregar mascarpone x 200 gr.,7793913001013,3809.0,"$3.809,00",20260901
Lacteos Y Frescos,Frescos,queso tremblay por salut light x kilo,2010620000005,15894.0,"$15.894,00",20260901
Lacteos Y Frescos,Frescos,queso unt finalndia mas liviano x 290 gr sin sal,7790742324108,5149.0,"$5.149,00",20260901
Lacteos Y Frescos,Frescos,queso untable adler sabor salame x 190 gr.,7791564136573,3249.0,"$3.249,00",20260901
Lacteos Y Frescos,Frescos,queso untable azul milkaut x 190 gr.,7794820015001,2899.0,"$2.899,00",20260901
Lacteos Y Frescos,Frescos,queso untable chatel descremado x 180 gr.,7793913013641,2828.0,"$2.828,00",20260901
Lacteos Y Frescos,Frescos,queso untable chatel x 180 gm ciboulette,7793913013825,2513.0,"$2.513,00",20260901
Lacteos Y Frescos,Frescos,queso untable cremon original la serenisima x 280.,7790742373908,3979.0,"$3.979,00",20260901
Lacteos Y Frescos,Frescos,queso untable cremoso adler x 190 gr. jamon,7791564136566,3249.0,"$3.249,00",20260901
Lacteos Y Frescos,Frescos,queso untable cremoso adler x 190 gr. queso azul,7791564136580,3249.0,"$3.249,00",20260901
Lacteos Y Frescos,Frescos,queso untable cremoso casancrem balance x 500 gr.,7791337061507,7499.0,"$7.499,00",20260901
Lacteos Y Frescos,Frescos,queso untable cremoso tonadita cremette light x 48,7798060853096,5043.0,"$5.043,00",20260901
Lacteos Y Frescos,Frescos,queso untable finlandia clasico x 180 gr.,7790742321701,3439.0,"$3.439,00",20260901
Lacteos Y Frescos,Frescos,queso untable finlandia clasico x 290 gr.,7790742373205,5149.0,"$5.149,00",20260901
Lacteos Y Frescos,Frescos,queso untable finlandia light x 290 gr.,7790742373304,5149.0,"$5.149,00",20260901
Lacteos Y Frescos,Frescos,queso untable finlandia mas liviano x 180 gm,7790742324009,3439.0,"$3.439,00",20260901
Lacteos Y Frescos,Frescos,queso untable fundido adler x 100 gr. tomate y ala,7791564136672,2800.0,"$2.800,00",20260901
Lacteos Y Frescos,Frescos,queso untable ilolay crem clasico x 290 gr.,7790787960873,3119.0,"$3.119,00",20260901
Lacteos Y Frescos,Frescos,queso untable ilolay por salut balance x 190 gr,7790787016310,2799.0,"$2.799,00",20260901
Lacteos Y Frescos,Frescos,queso untable ilolay x 190 gr 4 quesos,7790787016549,2669.0,"$2.669,00",20260901
Lacteos Y Frescos,Frescos,queso untable ilolay x 190 gr clasico,7790787016518,2669.0,"$2.669,00",20260901
Lacteos Y Frescos,Frescos,queso untable ilolay x 190 gr jamon,7790787016532,2669.0,"$2.669,00",20260901
Lacteos Y Frescos,Frescos,queso untable la paulina 4 quesos x 190 gr.,7794990879823,2686.0,"$2.686,00",20260901
Lacteos Y Frescos,Frescos,queso untable la paulina azul x 190 gr.,7794990878888,2686.0,"$2.686,00",20260901
Lacteos Y Frescos,Frescos,queso untable la paulina cheddar x 190 gr.,7794990879526,2686.0,"$2.686,00",20260901
Lacteos Y Frescos,Frescos,queso untable la paulina clasico x 190 gr.,7794990878932,2686.0,"$2.686,00",20260901
Lacteos Y Frescos,Frescos,queso untable la paulina fontina x 190 gr.,7794990878871,2686.0,"$2.686,00",20260901
Lacteos Y Frescos,Frescos,queso untable la paulina jamon x 190 gr.,7794990878925,2686.0,"$2.686,00",20260901
Lacteos Y Frescos,Frescos,queso untable la paulina port salut light x 190 g.,7794990000012,2686.0,"$2.686,00",20260901
Lacteos Y Frescos,Frescos,queso untable la paulina port salut x 190 gr.,7794990000043,2686.0,"$2.686,00",20260901
Lacteos Y Frescos,Frescos,queso untable la paulina x 190 gr. salame,7794990172757,2686.0,"$2.686,00",20260901
Lacteos Y Frescos,Frescos,queso untable la serenisima cremon light x 280 gr.,7790742373809,3979.0,"$3.979,00",20260901
Lacteos Y Frescos,Frescos,queso untable la serenisima light x 290 gr.,7791337061439,2799.0,"$2.799,00",20260901
Lacteos Y Frescos,Frescos,queso untable ls sabores x 180 gr fontina,7790742326409,2759.0,"$2.759,00",20260901
Lacteos Y Frescos,Frescos,queso untable ls sabores x 180 gr jamon,7790742326607,2759.0,"$2.759,00",20260901
Lacteos Y Frescos,Frescos,queso untable ls sabores x 180 gr salame,7790742326300,2799.0,"$2.799,00",20260901
Lacteos Y Frescos,Frescos,queso untable milkaut clasico x 190 gr.,7794820014967,2899.0,"$2.899,00",20260901
Lacteos Y Frescos,Frescos,queso untable milkaut crematto balance x 285 gr.,7794820903094,3879.0,"$3.879,00",20260901
Lacteos Y Frescos,Frescos,queso untable milkaut crematto clasico x 285 gr.,7794820903063,3879.0,"$3.879,00",20260901
Lacteos Y Frescos,Frescos,queso untable milkaut jamon x 190 gr.,7794820014981,2899.0,"$2.899,00",20260901
Lacteos Y Frescos,Frescos,queso untable milkaut light x 190 gr.,7794820015018,2899.0,"$2.899,00",20260901
Lacteos Y Frescos,Frescos,queso untable neufchatel x 180 gr. clasico,7793913013610,2828.0,"$2.828,00",20260901
Lacteos Y Frescos,Frescos,queso untable neufchatel x 180 gr. jamon,7793913013627,2828.0,"$2.828,00",20260901
Lacteos Y Frescos,Frescos,queso untable neufchatel x 180 gr. salame,7793913013634,2828.0,"$2.828,00",20260901
Lacteos Y Frescos,Frescos,queso untable patagonia  x 180 gm light,7798060854352,2396.0,"$2.396,00",20260901
Lacteos Y Frescos,Frescos,queso untable patagonia x 180 gm clasico,7798060854345,2396.0,"$2.396,00",20260901
Lacteos Y Frescos,Frescos,queso untable patagonia x 290 gm light,7798060854482,3422.14,"$3.422,14",20260901
Lacteos Y Frescos,Frescos,queso untable patagonia x 290 gr clasico,7798060854475,3422.0,"$3.422,00",20260901
Lacteos Y Frescos,Frescos,queso untable ricrem clasico x 180 gr,7794990184491,2072.0,"$2.072,00",20260901
Lacteos Y Frescos,Frescos,queso untable ricrem jamon x 180 gr,7794990184507,2072.0,"$2.072,00",20260901
Lacteos Y Frescos,Frescos,queso untable tonadita dip cheddar x 180 gr.,7798060853119,2776.0,"$2.776,00",20260901
Lacteos Y Frescos,Frescos,queso untable tonadita x 180 gr. gruyere,7798060853034,2401.0,"$2.401,00",20260901
Lacteos Y Frescos,Frescos,queso untable tonadita x 180 gr. jamon,7798060852990,2401.0,"$2.401,00",20260901
Lacteos Y Frescos,Frescos,queso untable tregar x 180 gr. cheddar,7793913013658,2828.0,"$2.828,00",20260901
Lacteos Y Frescos,Frescos,queso untable tremblay sabor queso azul x 180gm,7798151771384,2358.0,"$2.358,00",20260901
Lacteos Y Frescos,Frescos,queso untable tremblay x 180 gm cheddar,7798151771391,2358.21,"$2.358,21",20260901
Lacteos Y Frescos,Frescos,queso untable tremblay x 180 gm por salut,7798151771445,2358.0,"$2.358,00",20260901
Lacteos Y Frescos,Frescos,queso untable tremblay x 180 gm sabor clasico,7798151771407,2358.0,"$2.358,00",20260901
Lacteos Y Frescos,Frescos,queso untable tremblay x 180 gm sabor finas hierbas,7798151771414,2358.0,"$2.358,00",20260901
Lacteos Y Frescos,Frescos,queso untable tremblay x 180 gm sabor jamon,7798151771421,2358.0,"$2.358,00",20260901
Lacteos Y Frescos,Frescos,queso untable x 180 gm sabor salame,7798151771438,2358.0,"$2.358,00",20260901
Lacteos Y Frescos,Frescos,quesos santa rsa reggianito x kg.,2016210000004,44597.0,"$44.597,00",20260901
Lacteos Y Frescos,Frescos,rav.la saltena x450gr.4quesos,7790070621863,4302.0,"$4.302,00",20260901
Lacteos Y Frescos,Frescos,rav.la saltena x450gr.cye,7790070621887,4302.0,"$4.302,00",20260901
Lacteos Y Frescos,Frescos,rav.la saltena x900gr.pyverd.,7790070621801,8487.0,"$8.487,00",20260901
Lacteos Y Frescos,Frescos,ravioles don yeyo x 500 gm espinaca y ricota,7795293106418,3794.0,"$3.794,00",20260901
Lacteos Y Frescos,Frescos,ravioles don yeyo x 500 gr. 4 quesos,7795293000174,3953.0,"$3.953,00",20260901
Lacteos Y Frescos,Frescos,ravioles don yeyo x 500 gr. carne y espinaca,7795293106111,3945.0,"$3.945,00",20260901
Lacteos Y Frescos,Frescos,ravioles don yeyo x 500 gr. espinaca y pollo,7795293106210,3794.0,"$3.794,00",20260901
Lacteos Y Frescos,Frescos,ravioles favorita x 450 gm quesos,7790070036995,2440.0,"$2.440,00",20260901
Lacteos Y Frescos,Frescos,ravioles la morocha de carne y verdura x 500 gr.,7794080000458,3531.0,"$3.531,00",20260901
Lacteos Y Frescos,Frescos,ravioles la morocha de pollo cespinaca,7794080000502,3531.0,"$3.531,00",20260901
Lacteos Y Frescos,Frescos,ravioles la morocha ricota y queso x 500 gr.,7794080000441,3019.0,"$3.019,00",20260901
Lacteos Y Frescos,Frescos,ravioles la morocha x 1 kg. carne y verdura,7794080001622,6414.0,"$6.414,00",20260901
Lacteos Y Frescos,Frescos,ravioles la morocha x 1 kg. cuatro quesos,7794080001523,6414.0,"$6.414,00",20260901
Lacteos Y Frescos,Frescos,ravioles la morocha x 1 kg. espinaca y pollo,7794080001516,6414.0,"$6.414,00",20260901
Lacteos Y Frescos,Frescos,ravioles la morocha x 500 gr. 4 quesos,7794080004173,3531.0,"$3.531,00",20260901
Lacteos Y Frescos,Frescos,"ravioles la morocha x 500 gr. jamon, ricotta y moz",7794080001271,3531.0,"$3.531,00",20260901
Lacteos Y Frescos,Frescos,ravioles la morocha x 500 gr. ricota y espinaca,7794080001257,3019.0,"$3.019,00",20260901
Lacteos Y Frescos,Frescos,ravioles la saltena cuatro quesos x 900 gr.,7790070621818,8487.0,"$8.487,00",20260901
Lacteos Y Frescos,Frescos,ravioles la saltena espinaca y queso x 450 gr.,7790070621894,4302.0,"$4.302,00",20260901
Lacteos Y Frescos,Frescos,ravioles la saltena x 450 gr. jamon y mozzarella,7790070621870,4302.0,"$4.302,00",20260901
Lacteos Y Frescos,Frescos,ravioles la saltena x 450 gr. pollo y espinaca,7790070621856,4302.0,"$4.302,00",20260901
Lacteos Y Frescos,Frescos,ravioles la saltena x 450 gr. ricotta,7790070621849,4302.0,"$4.302,00",20260901
Lacteos Y Frescos,Frescos,ravioles paladini pollo y espinaca x 500 gr.,7790079021404,5022.0,"$5.022,00",20260901
Lacteos Y Frescos,Frescos,ravioles paladini x 500 gm 4 quesos,7790079025259,5125.0,"$5.125,00",20260901
Lacteos Y Frescos,Frescos,ravioles paladini x 500 gm espinacaricota y queso,7790079025266,5125.0,"$5.125,00",20260901
Lacteos Y Frescos,Frescos,ravioles paladini x 500 gr. carne y verdura,7790079021398,5022.0,"$5.022,00",20260901
Lacteos Y Frescos,Frescos,ravioles paladini x 500 gr. jamon y mozarella,7790079025303,5125.0,"$5.125,00",20260901
Lacteos Y Frescos,Frescos,ricota entera el destino x kg.,2011210000009,9457.0,"$9.457,00",20260901
Lacteos Y Frescos,Frescos,ricota entera prinlac x kg.,2011220000006,9818.0,"$9.818,00",20260901
Lacteos Y Frescos,Frescos,ricota magra el destino x kg.,2011230000003,9533.0,"$9.533,00",20260901
Lacteos Y Frescos,Frescos,ricotta entera garcia x 500 gr.,7790742102805,4926.0,"$4.926,00",20260901
Lacteos Y Frescos,Frescos,ricotta garcia x 500 gr.,7790742114204,4623.0,"$4.623,00",20260901
Lacteos Y Frescos,Frescos,ricotta magra tregar x 290 gr.,7793913013672,4655.0,"$4.655,00",20260901
Lacteos Y Frescos,Frescos,ricotta untable entera tregar x 290 gr.,7793913013665,4655.0,"$4.655,00",20260901
Lacteos Y Frescos,Frescos,salame baston paladini picado grueso x kilo,2023670000000,33871.0,"$33.871,00",20260901
Lacteos Y Frescos,Frescos,salame crespon paladini x kg.,2015530000008,31158.0,"$31.158,00",20260901
Lacteos Y Frescos,Frescos,salame de milan fela x kg.,2015540000005,21128.0,"$21.128,00",20260901
Lacteos Y Frescos,Frescos,salame de milan feteado lario x 150 gr.,7790625000303,5775.0,"$5.775,00",20260901
Lacteos Y Frescos,Frescos,salame de milan lario x kg.,2018840000003,29099.0,"$29.099,00",20260901
Lacteos Y Frescos,Frescos,salame de milan paladini x kg.,2015580000003,32280.0,"$32.280,00",20260901
Lacteos Y Frescos,Frescos,salame espaa?a?ol x kg.,2011320000005,27958.0,"$27.958,00",20260901
Lacteos Y Frescos,Frescos,salame lario 12 metro picado grueso x kilo,2029300000006,33049.0,"$33.049,00",20260901
Lacteos Y Frescos,Frescos,salame lario fuet ev.x150gr.,7790625005285,6594.0,"$6.594,00",20260901
Lacteos Y Frescos,Frescos,salame lario medio metro picado fino x kilo,2029310000003,33049.0,"$33.049,00",20260901
Lacteos Y Frescos,Frescos,salame lario tip ochacra en grasa,2018930000005,41765.09,"$41.765,09",20260901
Lacteos Y Frescos,Frescos,salame lario tipo crespon x kg.,2018940000002,30569.0,"$30.569,00",20260901
Lacteos Y Frescos,Frescos,salame picado fino `66` x kg.,2018820000009,15746.0,"$15.746,00",20260901
Lacteos Y Frescos,Frescos,salame tipo fuet labratto x 150 gr.,7790079019326,9957.0,"$9.957,00",20260901
Lacteos Y Frescos,Frescos,salame tipo milan paladini fetas + finas x 180 gr.,7790079022647,5032.0,"$5.032,00",20260901
Lacteos Y Frescos,Frescos,salamin lario x kg.,2018990000007,30079.0,"$30.079,00",20260901
Lacteos Y Frescos,Frescos,salamin picado fino paladini x kg.,2015600000006,32693.0,"$32.693,00",20260901
Lacteos Y Frescos,Frescos,salamin tandilero lario x kg.,2019000000000,30079.0,"$30.079,00",20260901
Lacteos Y Frescos,Frescos,salamin tipo crespon paladini x kg.,2015610000003,32693.0,"$32.693,00",20260901
Lacteos Y Frescos,Frescos,salchicha paladini big frankfurt x 12,7790079000560,11091.0,"$11.091,00",20260901
Lacteos Y Frescos,Frescos,salchicha patyviena x6u.clasic,7790670052388,2878.0,"$2.878,00",20260901
Lacteos Y Frescos,Frescos,salchicha vienissima x 12 unid.,7790670052418,5009.0,"$5.009,00",20260901
Lacteos Y Frescos,Frescos,salchicha vienissima x 6 unid.,7790670052401,2619.0,"$2.619,00",20260901
Lacteos Y Frescos,Frescos,salchichas 66 x 6 unid.,7790625010401,1329.0,"$1.329,00",20260901
Lacteos Y Frescos,Frescos,salchichas fela x 6 unidades,7790079000317,1820.0,"$1.820,00",20260901
Lacteos Y Frescos,Frescos,salchichas granja iris clasicas x 6 unid.,7798164602606,2949.0,"$2.949,00",20260901
Lacteos Y Frescos,Frescos,salchichas granja iris x 12 unid.,7798164602880,5354.0,"$5.354,00",20260901
Lacteos Y Frescos,Frescos,salchichas la blanca x6 190g,7790360026002,1339.0,"$1.339,00",20260901
Lacteos Y Frescos,Frescos,salchichas labratto wursten x 225 gr.,7790079019241,5562.0,"$5.562,00",20260901
Lacteos Y Frescos,Frescos,salchichas paladini x 12 unidades de viena,7790079010835,5345.0,"$5.345,00",20260901
Lacteos Y Frescos,Frescos,salchichas paladini x 6 unidades,7790079010828,3034.0,"$3.034,00",20260901
Lacteos Y Frescos,Frescos,salchichas patyviena fun x 6 unid.,7790670052364,2149.0,"$2.149,00",20260901
Lacteos Y Frescos,Frescos,salchichas patyviena tipo alemana x 4 unid.,7790670045502,5735.0,"$5.735,00",20260901
Lacteos Y Frescos,Frescos,salchichas patyviena x 12 unid.,7790670052395,4289.0,"$4.289,00",20260901
Lacteos Y Frescos,Frescos,salchichas swift kids x 6 unid.,7790360970053,1949.0,"$1.949,00",20260901
Lacteos Y Frescos,Frescos,salchichas swift largas x 12 unid.,7790360007063,9339.0,"$9.339,00",20260901
Lacteos Y Frescos,Frescos,salchichas swift x 12 unid.,7790360983954,4029.0,"$4.029,00",20260901
Lacteos Y Frescos,Frescos,salchichas swift x6unid.,7790360983947,1999.0,"$1.999,00",20260901
Lacteos Y Frescos,Frescos,salchichon con jamon paladini x 300 gr.,7790079022678,4200.0,"$4.200,00",20260901
Lacteos Y Frescos,Frescos,salchichon primavera lario x 300 gr.,7790625006886,3623.0,"$3.623,00",20260901
Lacteos Y Frescos,Frescos,salchichon primavera lario x kg.,2019020000004,10529.0,"$10.529,00",20260901
Lacteos Y Frescos,Frescos,salchichon triple paladini x 300 gr.,7790079022661,4431.0,"$4.431,00",20260901
Lacteos Y Frescos,Frescos,salchichon triple paladini x kg.,2015670000005,13275.0,"$13.275,00",20260901
Lacteos Y Frescos,Frescos,sandwich estadio triple jamon y queso pan negro,7798046440159,4197.24,"$4.197,24",20260901
Lacteos Y Frescos,Frescos,sandwich estadio triple x 160 gm salame y queso,7798046440142,4388.21,"$4.388,21",20260901
Lacteos Y Frescos,Frescos,sandwich estadio triples x 160 gm jamon y queso pan blanco,7798046440036,4199.84,"$4.199,84",20260901
Lacteos Y Frescos,Frescos,sandwich triple de miga x 8 unidades panaderos de,2023490000006,9900.0,"$9.900,00",20260901
Lacteos Y Frescos,Frescos,sandwiches estadio  x 160 gm jamon crudo y queso en pan blan,7798046440104,4929.78,"$4.929,78",20260901
Lacteos Y Frescos,Frescos,sandwiches estadio triple x 360 gm jamon y queso,7798046440135,9497.35,"$9.497,35",20260901
Lacteos Y Frescos,Frescos,sandwiches estadio x 160 gm jhm y aceituna,7798046440043,5038.58,"$5.038,58",20260901
Lacteos Y Frescos,Frescos,sandwiches estadio x 160 gm ruculapollo y queso,7798046440746,5038.58,"$5.038,58",20260901
Lacteos Y Frescos,Frescos,sorrentinos la morocha jamon y queso x 500 gr.,7794080001219,4576.0,"$4.576,00",20260901
Lacteos Y Frescos,Frescos,sorrentinos la saltena x 300 gr. jamon y muzzarela,7790236001768,3813.0,"$3.813,00",20260901
Lacteos Y Frescos,Frescos,svelty x 200 gm,8445291388918,3771.0,"$3.771,00",20260901
Lacteos Y Frescos,Frescos,tabla de fiambres surtidos x kilo peso aproximad x kg.,2037340000009,21900.0,"$21.900,00",20260901
Lacteos Y Frescos,Frescos,tapa emp.l.salt.x20u.rot.criol,7790070622068,5675.0,"$5.675,00",20260901
Lacteos Y Frescos,Frescos,tapa emp.l.salt.x20u.rot.hojal,7790070622051,5675.0,"$5.675,00",20260901
Lacteos Y Frescos,Frescos,tapa para empanadas doble hojaldre mil hojas x 12 unidades,7791971000122,2136.0,"$2.136,00",20260901
Lacteos Y Frescos,Frescos,tapa para empanadas la saltea?a?a sin tacc x 12,7790070622075,3673.0,"$3.673,00",20260901
Lacteos Y Frescos,Frescos,tapa para empanadas la salteaa x 12 unidades hojaldradas,7790070622013,2663.0,"$2.663,00",20260901
Lacteos Y Frescos,Frescos,tapa para pascualina la morocha hojaldre x 2 unid.,7794080000212,2117.0,"$2.117,00",20260901
Lacteos Y Frescos,Frescos,tapa ppascualina don yeyo x 380 gr. criolla,7795293101338,2493.0,"$2.493,00",20260901
Lacteos Y Frescos,Frescos,tapa ppascualina don yeyo x 400 gr. hojaldre,7795293101314,2570.0,"$2.570,00",20260901
Lacteos Y Frescos,Frescos,tapa ppascualina la saltena x 400 gr. balance,7790070622006,3227.0,"$3.227,00",20260901
Lacteos Y Frescos,Frescos,tapa ppascualina la saltena x 400 gr. criolla,7790070622037,3229.0,"$3.229,00",20260901
Lacteos Y Frescos,Frescos,tapa ppascualina la saltena x 400 gr. hojaldre,7790070622044,3227.0,"$3.227,00",20260901
Lacteos Y Frescos,Frescos,tapas de empanadas tipo criolla paladini x 12 unid,7790079022128,2093.0,"$2.093,00",20260901
Lacteos Y Frescos,Frescos,tapas empanadas la morocha pfreir x 12 unid.,7794080000052,1738.0,"$1.738,00",20260901
Lacteos Y Frescos,Frescos,tapas para empaandas la salteaa x 22 unidades hojaldradas,7790236018346,4917.0,"$4.917,00",20260901
Lacteos Y Frescos,Frescos,tapas para empanadas la gallega horno x 12 unid.,2716890000003,1900.0,"$1.900,00",20260901
Lacteos Y Frescos,Frescos,tapas para empanadas la gallega x 12 unid. para fr,2716370000004,1900.0,"$1.900,00",20260901
Lacteos Y Frescos,Frescos,tapas para empanadas la morocha hojaldre x 12 unid,7794080000199,1738.0,"$1.738,00",20260901
Lacteos Y Frescos,Frescos,tapas para empanadas la saltena freir x 12 unid.,7790070621955,2663.0,"$2.663,00",20260901
Lacteos Y Frescos,Frescos,tapas para empanadas mil hojas para horno x 12 unid.,7791971000016,1897.0,"$1.897,00",20260901
Lacteos Y Frescos,Frescos,tapas para empanadas paladini x 12 unid. hojaldre,7790079022104,2093.0,"$2.093,00",20260901
Lacteos Y Frescos,Frescos,tapas para empanadas paladini x 12 unid. para feir,7790079022111,2093.0,"$2.093,00",20260901
Lacteos Y Frescos,Frescos,tapas para pascualina mil hojas con hojaldre x 380,7791971000054,2136.0,"$2.136,00",20260901
Lacteos Y Frescos,Frescos,tapas pempanadas don yeyo hojaldradas x 12 un. ho,7795293101116,1904.0,"$1.904,00",20260901
Lacteos Y Frescos,Frescos,tapas pempanadas don yeyo x 12 unid. para freir,7795293101123,1904.0,"$1.904,00",20260901
Lacteos Y Frescos,Frescos,tapas pempanadas don yeyo x 12 unid. tipo criolla,7795293000020,1904.0,"$1.904,00",20260901
Lacteos Y Frescos,Frescos,tapas pempanadas la saltena balance x 12 unid.,7790070621962,2663.0,"$2.663,00",20260901
Lacteos Y Frescos,Frescos,tapas pempanadas la saltena criollas x 22 unid.,7790236018353,4917.0,"$4.917,00",20260901
Lacteos Y Frescos,Frescos,tapas pempanadas la saltena x 12 unid. criollas,7790070622020,2663.0,"$2.663,00",20260901
Lacteos Y Frescos,Frescos,tapas ppastelitos la gallega x 12 unid.,2716940000007,1400.0,"$1.400,00",20260901
Lacteos Y Frescos,Frescos,tostado estadio x 250 gm,7798046440074,7577.1,"$7.577,10",20260901
Lacteos Y Frescos,Frescos,yog.g.compra bat.des.x120gr.fr,7791337008236,975.0,"$975,00",20260901
Lacteos Y Frescos,Frescos,yog.milkaut 0%lact.x900gr.vain,7794820903056,3237.0,"$3.237,00",20260901
Lacteos Y Frescos,Frescos,yog.milkaut desc.sh.x900g.vain,7794820902714,2649.0,"$2.649,00",20260901
Lacteos Y Frescos,Frescos,yog.milkaut ent.x150gr.tr.frut,7794820902813,2059.0,"$2.059,00",20260901
Lacteos Y Frescos,Frescos,yog.milkaut red.lact.x120g.fru,7794820902790,1336.0,"$1.336,00",20260901
Lacteos Y Frescos,Frescos,yog.milkaut red.lact.x120g.vai,7794820902806,1336.0,"$1.336,00",20260901
Lacteos Y Frescos,Frescos,yogir tregar entero x 140 gm natural sin azucar,7793913013689,1717.0,"$1.717,00",20260901
Lacteos Y Frescos,Frescos,yogue entero dahi natural sin azucar x 190 gm,7798136870545,2670.0,"$2.670,00",20260901
Lacteos Y Frescos,Frescos,yogur batido descremado ilolay natural x 140 gm,7790787960927,1429.0,"$1.429,00",20260901
Lacteos Y Frescos,Frescos,yogur batido la serenisima clasico vainilla x 120.,7791337605411,749.0,"$749,00",20260901
Lacteos Y Frescos,Frescos,yogur batido la serenisima clasico vainilla x 480,7791337010390,4847.0,"$4.847,00",20260901
Lacteos Y Frescos,Frescos,yogur batido ser calci+ x 120 gr. frutos rojos,7791337008571,2499.0,"$2.499,00",20260901
Lacteos Y Frescos,Frescos,yogur batido ser calci+ x 120 gr. vainilla,7791337008564,2499.0,"$2.499,00",20260901
Lacteos Y Frescos,Frescos,yogur batido ser natural sin endulzar x 175 gr.,7791337007345,2850.0,"$2.850,00",20260901
Lacteos Y Frescos,Frescos,yogur batido ser x 175 gr. colchon frutilla dulce,7791337008588,3848.0,"$3.848,00",20260901
Lacteos Y Frescos,Frescos,yogur bebible activia zero lactosa frutilla x 900,7791337009394,6398.0,"$6.398,00",20260901
Lacteos Y Frescos,Frescos,yogur bebible dahi banana x 200 gr.,7798136870248,2402.0,"$2.402,00",20260901
Lacteos Y Frescos,Frescos,yogur bebible dahi frutilla x 200 gr.,7798136870736,2402.0,"$2.402,00",20260901
Lacteos Y Frescos,Frescos,yogur bebible dahi frutos del bosque x 200 gr.,7798136870255,2402.0,"$2.402,00",20260901
Lacteos Y Frescos,Frescos,yogur bebible descremado ilolay vainilla x 950 gr.,7790787960811,2935.0,"$2.935,00",20260901
Lacteos Y Frescos,Frescos,yogur bebible descremado ilolay x 900 gr. vainilla,7790787960569,2169.0,"$2.169,00",20260901
Lacteos Y Frescos,Frescos,yogur bebible descremado milkaut frutilla x 900 g.,7794820902707,2649.0,"$2.649,00",20260901
Lacteos Y Frescos,Frescos,yogur bebible descremado tregar x 900 gr. frutilla,7793913013597,2940.0,"$2.940,00",20260901
Lacteos Y Frescos,Frescos,yogur bebible deslactosado  900 gm sabor frutilla la sereni,7791337010499,5332.0,"$5.332,00",20260901
Lacteos Y Frescos,Frescos,yogur bebible gran compra frutilla x 900 gr.,7791337009684,1799.0,"$1.799,00",20260901
Lacteos Y Frescos,Frescos,yogur bebible ilolay frutilla x 185 gr.,7790787960620,2419.0,"$2.419,00",20260901
Lacteos Y Frescos,Frescos,yogur bebible ilolay kids peppa pig x 185 gm sabor vainilla,7790787045211,2427.0,"$2.427,00",20260901
Lacteos Y Frescos,Frescos,yogur bebible ilolay kids x 185 gm sabor frutilla,7790787045204,2427.0,"$2.427,00",20260901
Lacteos Y Frescos,Frescos,yogur bebible ilolay x 900 gr. frutilla-kiwi,7790787960545,2169.0,"$2.169,00",20260901
Lacteos Y Frescos,Frescos,yogur bebible light tregar x 900 gr. vainilla,7793913013603,2940.0,"$2.940,00",20260901
Lacteos Y Frescos,Frescos,yogur bebible milkaut 0 lactosa x 900 gr. frutila,7794820903049,3237.0,"$3.237,00",20260901
Lacteos Y Frescos,Frescos,yogur bebible milkaut frutilla x 950 gr.,7794820903209,3149.0,"$3.149,00",20260901
Lacteos Y Frescos,Frescos,yogur bebible milkaut sabor durazno x 900 gr.,7794820902240,2649.0,"$2.649,00",20260901
Lacteos Y Frescos,Frescos,yogur bebible milkaut vainilla x 950 gr.,7794820903216,3149.0,"$3.149,00",20260901
Lacteos Y Frescos,Frescos,"yogur bebible milkaut x 1,2 kg. frutilla",7794820902899,4038.0,"$4.038,00",20260901
Lacteos Y Frescos,Frescos,"yogur bebible milkaut x 1,2 kg. vainilla",7794820902905,4038.0,"$4.038,00",20260901
Lacteos Y Frescos,Frescos,yogur bebible milkaut x 900 gr. frutilla,7794820902264,2649.0,"$2.649,00",20260901
Lacteos Y Frescos,Frescos,yogur bebible milkaut x 900 gr. vainilla,7794820902257,2649.0,"$2.649,00",20260901
Lacteos Y Frescos,Frescos,yogur bebible ser multifruta x 190 gr.,7791337007185,3530.0,"$3.530,00",20260901
Lacteos Y Frescos,Frescos,yogur bebible ser pro + vainilla x 190 gr.,7791337939813,3199.0,"$3.199,00",20260901
Lacteos Y Frescos,Frescos,yogur bebible ser pro + x 190 gr banana,7791337010765,3199.0,"$3.199,00",20260901
Lacteos Y Frescos,Frescos,yogur bebible ser sabor frutilla x 900 gr.,7791337009639,6437.0,"$6.437,00",20260901
Lacteos Y Frescos,Frescos,yogur bebible ser sabor vainilla x 900 gr.,7791337009622,6437.0,"$6.437,00",20260901
Lacteos Y Frescos,Frescos,yogur bebible ser sin lactosa x 190 gr. frutilla,7791337007192,3530.0,"$3.530,00",20260901
Lacteos Y Frescos,Frescos,yogur bebible tregar x 900 gr. arandano,7793913013375,2940.0,"$2.940,00",20260901
Lacteos Y Frescos,Frescos,yogur bebible tregar x 900 gr. durazno,7793913013368,2940.0,"$2.940,00",20260901
Lacteos Y Frescos,Frescos,yogur bebible tregar x 900 gr. vainilla,7793913013573,2940.0,"$2.940,00",20260901
Lacteos Y Frescos,Frescos,yogur bebible tremblay durazno x 900 gr.,7798151771148,2202.0,"$2.202,00",20260901
Lacteos Y Frescos,Frescos,yogur bebible tremblay vainilla x 900 gr.,7798151771131,2202.0,"$2.202,00",20260901
Lacteos Y Frescos,Frescos,yogur bebible yogurisimo griego x 900 gr frutilla,7791337010833,5699.0,"$5.699,00",20260901
Lacteos Y Frescos,Frescos,yogur bebible yogurisimo griego x 900 gr vainilla,7791337010857,5699.0,"$5.699,00",20260901
Lacteos Y Frescos,Frescos,yogur bebible yogurisimo griego x 900 ml sabor banana,7791337010864,5699.0,"$5.699,00",20260901
Lacteos Y Frescos,Frescos,yogur bebible yogurisimo natural red. en lactosa x,7791337009776,7101.0,"$7.101,00",20260901
Lacteos Y Frescos,Frescos,yogur brbiblr yogurisimo griego x 900 gr natural endulzado,7791337010871,5699.0,"$5.699,00",20260901
Lacteos Y Frescos,Frescos,yogur con aritos de cereales ilolay x 160 gr.,7790787960484,1850.0,"$1.850,00",20260901
Lacteos Y Frescos,Frescos,yogur con cereales ilolay x 165 gr.,7790787960477,1850.0,"$1.850,00",20260901
Lacteos Y Frescos,Frescos,yogur con cereales milkaut x 155 gr. frutilla,7794820902837,2424.0,"$2.424,00",20260901
Lacteos Y Frescos,Frescos,yogur con frutas tregar x 150 gr. durazno,7793913014204,1909.0,"$1.909,00",20260901
Lacteos Y Frescos,Frescos,yogur con rocklets la serenisima x 164 gr.,7791337010451,3529.0,"$3.529,00",20260901
Lacteos Y Frescos,Frescos,yogur cremoso ilolay x 120 gm vainilla,7790787960378,869.0,"$869,00",20260901
Lacteos Y Frescos,Frescos,yogur cremoso milkaut vainilla x 120 gr.,7794820903223,1059.0,"$1.059,00",20260901
Lacteos Y Frescos,Frescos,yogur cremoso milkaut x 120 gr. frutilla,7794820903230,1059.0,"$1.059,00",20260901
Lacteos Y Frescos,Frescos,yogur dahi descremado batido x 190 gm  mango y maracuya,7798136870729,3119.0,"$3.119,00",20260901
Lacteos Y Frescos,Frescos,yogur dahi descremado batido x 190 gm frutilla,7798136870675,3119.0,"$3.119,00",20260901
Lacteos Y Frescos,Frescos,yogur dahi descremado frutos del bosque x 190 gr.,7798136870682,3119.0,"$3.119,00",20260901
Lacteos Y Frescos,Frescos,yogur dahi descremado x 190 gr durazno,7798136870705,3119.0,"$3.119,00",20260901
Lacteos Y Frescos,Frescos,yogur dahi descremado x 190 gr natural,7798136870606,2670.0,"$2.670,00",20260901
Lacteos Y Frescos,Frescos,yogur dahi deslactosado x 190 gr natural,7798136870743,3119.0,"$3.119,00",20260901
Lacteos Y Frescos,Frescos,yogur dahi entero batido x 190 gm con anana,7798136871573,3121.0,"$3.121,00",20260901
Lacteos Y Frescos,Frescos,yogur dahi entero natural con azucar x 190 gr,7798136870552,2670.0,"$2.670,00",20260901
Lacteos Y Frescos,Frescos,yogur dahi entero x 130 gm choco cake,7798136870842,2489.0,"$2.489,00",20260901
Lacteos Y Frescos,Frescos,yogur dahi entero x 130 gr key lime,7798136870767,2489.0,"$2.489,00",20260901
Lacteos Y Frescos,Frescos,yogur dahi entero x 130 gr tiramisu,7798136870781,2489.0,"$2.489,00",20260901
Lacteos Y Frescos,Frescos,yogur dahi entero x 190 gr frutillas,7798136870613,3119.0,"$3.119,00",20260901
Lacteos Y Frescos,Frescos,yogur dahi entero x 190 gr vainilla,7798136870569,2670.0,"$2.670,00",20260901
Lacteos Y Frescos,Frescos,yogur dahi estilo griego x 190 gm con arandanos,7798136871597,3338.0,"$3.338,00",20260901
Lacteos Y Frescos,Frescos,yogur dahi estilo griego x 190 gm sabor frambuesa,7798136871603,3338.0,"$3.338,00",20260901
Lacteos Y Frescos,Frescos,yogur dahi firme descremado x 190 gm vainilla,7798136870583,2670.0,"$2.670,00",20260901
Lacteos Y Frescos,Frescos,yogur dahi griego x 190 gm natural,7798136870859,3119.0,"$3.119,00",20260901
Lacteos Y Frescos,Frescos,yogur dahi griego x 190 gr natural sin azucar,7798136871856,3119.12,"$3.119,12",20260901
Lacteos Y Frescos,Frescos,yogur dahi x 130 gm tentacion pistacho,7798136870897,2490.0,"$2.490,00",20260901
Lacteos Y Frescos,Frescos,yogur desc.ilolay x150gr.duraz,7790787960354,1687.0,"$1.687,00",20260901
Lacteos Y Frescos,Frescos,yogur descr.ilolay con frutas sabor frutilla x 150 gm,7790787960347,1687.0,"$1.687,00",20260901
Lacteos Y Frescos,Frescos,yogur descremado bebible tregar x 900 gr. durazno,7793913013801,2940.0,"$2.940,00",20260901
Lacteos Y Frescos,Frescos,yogur descremado cremoso ilolay x 120 gm frutilla,7790787004461,869.0,"$869,00",20260901
Lacteos Y Frescos,Frescos,yogur descremado ilolay frutilla x 900 gr.,7790787960552,2169.0,"$2.169,00",20260901
Lacteos Y Frescos,Frescos,yogur descremado ilolay frutilla x 950 gr.,7790787960804,2935.0,"$2.935,00",20260901
Lacteos Y Frescos,Frescos,yogur descremado la serenisima sachet x 900 ml vainilla,7791337010468,2499.0,"$2.499,00",20260901
Lacteos Y Frescos,Frescos,yogur descremado milkaut colchon de durazno x 150,7794820902165,1962.0,"$1.962,00",20260901
Lacteos Y Frescos,Frescos,yogur descremado milkaut colchon de frutillas x 1.,7794820902158,1962.0,"$1.962,00",20260901
Lacteos Y Frescos,Frescos,yogur descremado tregar con cereales x 164 gr.,7793913013702,2024.0,"$2.024,00",20260901
Lacteos Y Frescos,Frescos,yogur descremado tregar con frutas x 160 gr. arand,7793913014273,1909.0,"$1.909,00",20260901
Lacteos Y Frescos,Frescos,yogur descremado tregar con frutas x 160 gr. duraz,7793913014266,1909.0,"$1.909,00",20260901
Lacteos Y Frescos,Frescos,yogur descremado tregar con frutas x 160 gr. fruti,7793913014259,1909.0,"$1.909,00",20260901
Lacteos Y Frescos,Frescos,yogur descremado tregar x 125 gr. frutilla,7793913013559,944.0,"$944,00",20260901
Lacteos Y Frescos,Frescos,yogur descremado tregar x 125 gr. vainilla,7793913013566,944.0,"$944,00",20260901
Lacteos Y Frescos,Frescos,yogur ent.ilolay x150gr.durazn,7790787960330,1687.0,"$1.687,00",20260901
Lacteos Y Frescos,Frescos,yogur entero batido dahi frutos del bosque x 190 g,7798136870620,3119.0,"$3.119,00",20260901
Lacteos Y Frescos,Frescos,yogur entero batido la serenisima x 120 gr. durazo,7791337605442,749.0,"$749,00",20260901
Lacteos Y Frescos,Frescos,yogur entero batido tregar ccafe x 120 gr.,7793913014020,2008.0,"$2.008,00",20260901
Lacteos Y Frescos,Frescos,yogur entero batido tregar ccoco x 120 gr.,7793913014013,2008.0,"$2.008,00",20260901
Lacteos Y Frescos,Frescos,yogur entero batido tregar climon x 120 gr.,7793913014006,2008.0,"$2.008,00",20260901
Lacteos Y Frescos,Frescos,yogur entero bebible ilolay durazno x 950 gr.,7790787960798,2935.0,"$2.935,00",20260901
Lacteos Y Frescos,Frescos,yogur entero bebible la serenisima x 900 gr. durao,7791337010376,2499.0,"$2.499,00",20260901
Lacteos Y Frescos,Frescos,yogur entero bebible la serenisima x 900 gr. vaini,7791337010369,2499.0,"$2.499,00",20260901
Lacteos Y Frescos,Frescos,yogur entero cremoso tregar vainilla x 125 gr.,7793913013535,944.0,"$944,00",20260901
Lacteos Y Frescos,Frescos,yogur entero cremoso tregar x 125 gr. frutilla,7793913013528,944.0,"$944,00",20260901
Lacteos Y Frescos,Frescos,yogur entero firme ilolay x 190 gr. vainilla,7790787960453,1319.0,"$1.319,00",20260901
Lacteos Y Frescos,Frescos,yogur entero firme milkaut frutilla x 180 gr.,7794820903254,1479.0,"$1.479,00",20260901
Lacteos Y Frescos,Frescos,yogur entero firme milkaut vainilla x 180 gr.,7794820903247,1479.0,"$1.479,00",20260901
Lacteos Y Frescos,Frescos,yogur entero ilolay colchon de frutillas x 150 gr.,7790787035007,1687.0,"$1.687,00",20260901
Lacteos Y Frescos,Frescos,yogur entero ilolay frutilla x 950 gr.,7790787960774,2935.0,"$2.935,00",20260901
Lacteos Y Frescos,Frescos,yogur entero ilolay x 950 gr tetra vainilla,7790787960781,2935.0,"$2.935,00",20260901
Lacteos Y Frescos,Frescos,yogur entero la serenisima con cereales x 159 gr.,7791337010444,3056.0,"$3.056,00",20260901
Lacteos Y Frescos,Frescos,yogur entero la serenisima cremoso x 120 gr. fruti,7791337605428,749.0,"$749,00",20260901
Lacteos Y Frescos,Frescos,yogur entero tregar con cereales x 164 gr.,7793913013696,2024.0,"$2.024,00",20260901
Lacteos Y Frescos,Frescos,yogur entero tregar con fruta x 160 gr maracuya +mango,7793913014235,1909.0,"$1.909,00",20260901
Lacteos Y Frescos,Frescos,yogur entero tregar con frutas x 160 gr. arandanos,7793913014211,1909.0,"$1.909,00",20260901
Lacteos Y Frescos,Frescos,yogur entero tregar con frutas x 160 gr. frutilla,7793913014198,1909.0,"$1.909,00",20260901
Lacteos Y Frescos,Frescos,yogur entero tregar frutas cereza x 160 gr.,7793913014242,1909.0,"$1.909,00",20260901
Lacteos Y Frescos,Frescos,yogur entero tregar tops granola x 155 gr.,7793913013740,2024.0,"$2.024,00",20260901
Lacteos Y Frescos,Frescos,yogur entero tregar x 140 gr. natural,7793913002423,1717.0,"$1.717,00",20260901
Lacteos Y Frescos,Frescos,yogur firme la serenisima clasico x 190 gr. vainia,7791337010192,2086.0,"$2.086,00",20260901
Lacteos Y Frescos,Frescos,yogur gran compra bebible x 900 gr vainilla,7791337009691,1799.0,"$1.799,00",20260901
Lacteos Y Frescos,Frescos,yogur gran compra cremoso x 120 gr. vainilla,7791337008212,975.0,"$975,00",20260901
Lacteos Y Frescos,Frescos,yogur gran compra x 120 gr frutilla firme,7791337007161,975.0,"$975,00",20260901
Lacteos Y Frescos,Frescos,yogur gran compra x 120 gr vainilla firme,7791337007178,975.0,"$975,00",20260901
Lacteos Y Frescos,Frescos,yogur ilolay  firme x 120 gm frutilla,7790787960408,869.0,"$869,00",20260901
Lacteos Y Frescos,Frescos,yogur ilolay cremoso x 120 gm frutilla,7790787960361,869.0,"$869,00",20260901
Lacteos Y Frescos,Frescos,yogur ilolay descremado con cereales x 150 gr.,7790787110551,1851.0,"$1.851,00",20260901
Lacteos Y Frescos,Frescos,yogur ilolay firme descremado frutilla x 190 gr.,7790787110520,1319.0,"$1.319,00",20260901
Lacteos Y Frescos,Frescos,yogur ilolay firme descremado vainilla x 190 gr.,7790787110513,1319.0,"$1.319,00",20260901
Lacteos Y Frescos,Frescos,yogur ilolay firme x 120 gm vainilla,7790787960422,869.0,"$869,00",20260901
Lacteos Y Frescos,Frescos,yogur ilolay firme x 190 gm dulce de leche,7790787960460,1319.0,"$1.319,00",20260901
Lacteos Y Frescos,Frescos,yogur ilolay firme x 190 gm frutilla,7790787960446,1319.0,"$1.319,00",20260901
Lacteos Y Frescos,Frescos,yogur ilolay kids x 90 gm sabor frutilla,7790787032402,917.0,"$917,00",20260901
Lacteos Y Frescos,Frescos,yogur ilolay kids x 90 gm sabor vainilla,7790787032419,917.0,"$917,00",20260901
Lacteos Y Frescos,Frescos,yogur ilolay x 150 gm arandano,7790787960712,1687.0,"$1.687,00",20260901
Lacteos Y Frescos,Frescos,yogur ilolay x 900 gm durazno,7790787960538,2169.0,"$2.169,00",20260901
Lacteos Y Frescos,Frescos,yogur ilolay x 900 gm frutilla,7790787960514,2169.0,"$2.169,00",20260901
Lacteos Y Frescos,Frescos,yogur ilolay x 900 gm vainilla,7790787960521,2169.0,"$2.169,00",20260901
Lacteos Y Frescos,Frescos,yogur la seren. clasico entero sachet x 1.3 kilos sabor vain,7791337010505,6088.0,"$6.088,00",20260901
Lacteos Y Frescos,Frescos,yogur la serenisima 0 % lactosa sachet x 900 gm,7791337010482,5332.0,"$5.332,00",20260901
Lacteos Y Frescos,Frescos,yogur la serenisima batido x 480 gm  sabor natural,7791337010536,4847.0,"$4.847,00",20260901
Lacteos Y Frescos,Frescos,yogur la serenisima cremoso natural x 120 gm sin azucar agre,7791337010727,859.0,"$859,00",20260901
Lacteos Y Frescos,Frescos,yogur la serenisima descremado batido x 120 gm frutilla,7791337010314,849.0,"$849,00",20260901
Lacteos Y Frescos,Frescos,yogur la serenisima descremado batido x 120 gm vainilla,7791337010307,849.0,"$849,00",20260901
Lacteos Y Frescos,Frescos,yogur la serenisima en sachet descremado x 900 gm frutilla,7791337010475,2499.0,"$2.499,00",20260901
Lacteos Y Frescos,Frescos,yogur la serenisima nutricion activa firme x 4 uni. frutilla,7791337010796,4314.93,"$4.314,93",20260901
Lacteos Y Frescos,Frescos,yogur la serenisima nutricion activa firme x 4 uni. vainilla,7791337010789,4314.93,"$4.314,93",20260901
Lacteos Y Frescos,Frescos,yogur las 3 niaas y yo x 190 gm frutilla,7798338291520,1241.0,"$1.241,00",20260901
Lacteos Y Frescos,Frescos,yogur las 3 niaas y yo x 190 gm vainilla,7798338291537,1241.0,"$1.241,00",20260901
Lacteos Y Frescos,Frescos,yogur las 3 niaas y yo x 500 gm bebible sabor vainilla,7798338291544,2483.0,"$2.483,00",20260901
Lacteos Y Frescos,Frescos,yogur las 3 niaas y yo x 500 gm sabor frutilla,7798338291551,2483.0,"$2.483,00",20260901
Lacteos Y Frescos,Frescos,yogur light la serenisima con cereales x 157 gr.,7791337010291,3087.0,"$3.087,00",20260901
Lacteos Y Frescos,Frescos,yogur ls clasica batido x 480 gr frutilla,7791337010406,4847.0,"$4.847,00",20260901
Lacteos Y Frescos,Frescos,yogur ls.clas.ent.sh x900g.fru,7791337010215,2499.0,"$2.499,00",20260901
Lacteos Y Frescos,Frescos,yogur ls.clas.firme des.fru190,7791337010338,2085.0,"$2.085,00",20260901
Lacteos Y Frescos,Frescos,yogur ls.clas.firme des.vai190,7791337606111,2085.0,"$2.085,00",20260901
Lacteos Y Frescos,Frescos,yogur ls.clas.firme ent.fru120,7791337010413,749.0,"$749,00",20260901
Lacteos Y Frescos,Frescos,yogur ls.clas.firme ent.fru190,7791337010185,2086.0,"$2.086,00",20260901
Lacteos Y Frescos,Frescos,yogur ls.clas.firme ent.vai120,7791337010420,849.0,"$849,00",20260901
Lacteos Y Frescos,Frescos,yogur milkaut  x 950 gm tetra pack natural,7794820903605,3629.0,"$3.629,00",20260901
Lacteos Y Frescos,Frescos,yogur milkaut balance fortificado x 180 gm frtuilla,7794820903513,1681.0,"$1.681,00",20260901
Lacteos Y Frescos,Frescos,yogur milkaut balance fortificado x 180 gm vainilla,7794820903506,1681.0,"$1.681,00",20260901
Lacteos Y Frescos,Frescos,yogur milkaut con cereales x 155 gr. vainilla,7794820902844,2424.0,"$2.424,00",20260901
Lacteos Y Frescos,Frescos,yogur milkaut cremoso balance x 300 gm natural,7794820903711,2939.0,"$2.939,00",20260901
Lacteos Y Frescos,Frescos,yogur milkaut cremoso x 150 gr. colchon de durazno,7794820902820,2059.0,"$2.059,00",20260901
Lacteos Y Frescos,Frescos,yogur milkaut cremoso x 180 gr frutilla,7794820903490,1682.0,"$1.682,00",20260901
Lacteos Y Frescos,Frescos,yogur milkaut cremoso x 180 gr vainilla,7794820903483,1682.0,"$1.682,00",20260901
Lacteos Y Frescos,Frescos,yogur milkaut cremoso x 180 gr. natural,7794820902721,1579.0,"$1.579,00",20260901
Lacteos Y Frescos,Frescos,yogur milkaut cremoso x 300 gm sabor natural,7794820903612,2939.0,"$2.939,00",20260901
Lacteos Y Frescos,Frescos,yogur milkaut cremoso x 300 gr frutilla,7794820903971,3081.56,"$3.081,56",20260901
Lacteos Y Frescos,Frescos,yogur milkaut cremoso x 300 gr vainilla,7794820903988,3081.56,"$3.081,56",20260901
Lacteos Y Frescos,Frescos,yogur parcialmente descremado cremoso ilolay x 350 gm natura,7790787960934,2659.0,"$2.659,00",20260901
Lacteos Y Frescos,Frescos,yogur ser bot. x190gr frutilla y arandano,7791337009820,3199.0,"$3.199,00",20260901
Lacteos Y Frescos,Frescos,yogur ser con cereales x 166 gr.,7791337007666,4320.0,"$4.320,00",20260901
Lacteos Y Frescos,Frescos,yogur ser firme x 190 gm frutilla,7791337007864,2860.0,"$2.860,00",20260901
Lacteos Y Frescos,Frescos,yogur ser firme x 190 gr. vainilla,7791337007246,2860.0,"$2.860,00",20260901
Lacteos Y Frescos,Frescos,yogur ser natur x 300 gr natural endulzado 0 lacto,7791337007208,4899.0,"$4.899,00",20260901
Lacteos Y Frescos,Frescos,yogur ser pro + frutos rojos x 175 gr.,7791337009677,2999.0,"$2.999,00",20260901
Lacteos Y Frescos,Frescos,yogur ser pro + sabor natural x 175 gr.,7791337009660,2999.0,"$2.999,00",20260901
Lacteos Y Frescos,Frescos,yogur ser pro + x 175 gr vainilla caramel,7791337010772,2979.0,"$2.979,00",20260901
Lacteos Y Frescos,Frescos,yogur tregar descremado con frutas x 160 gr anana,7793913014280,1909.0,"$1.909,00",20260901
Lacteos Y Frescos,Frescos,yogur tregar descremado x 155 gm con granola,7793913014044,2024.0,"$2.024,00",20260901
Lacteos Y Frescos,Frescos,yogur tregar endulzado natural x 280 gr.,7793913013986,3346.0,"$3.346,00",20260901
Lacteos Y Frescos,Frescos,yogur tregar entero bebible sachet x 900 gm vainilla,7793913013580,2940.0,"$2.940,00",20260901
Lacteos Y Frescos,Frescos,yogur tregar entero cemoso x 125 gr dulce de leche,7793913013542,944.0,"$944,00",20260901
Lacteos Y Frescos,Frescos,yogur tregar entero con frutas x 160 gr anana,7793913014228,1909.0,"$1.909,00",20260901
Lacteos Y Frescos,Frescos,yogur tregar entero firme x 170 gm frutilla,7793913014075,1328.0,"$1.328,00",20260901
Lacteos Y Frescos,Frescos,yogur tregar entero firme x 170 gm vainilla,7793913014082,1328.0,"$1.328,00",20260901
Lacteos Y Frescos,Frescos,yogur tregar light firme x 170 gm frutilla,7793913014105,1328.0,"$1.328,00",20260901
Lacteos Y Frescos,Frescos,yogur tregar light firme x 170 gm vainilla,7793913014112,1328.0,"$1.328,00",20260901
Lacteos Y Frescos,Frescos,yogur tregar natural sin azucar x 280 gr.,7793913013993,3346.0,"$3.346,00",20260901
Lacteos Y Frescos,Frescos,yogur tremblay x 900 gm frutilla,7798151771124,2202.0,"$2.202,00",20260901
Lacteos Y Frescos,Frescos,yogur yogurisimo griego firme x 180 gr frutilla,7791337010918,2499.0,"$2.499,00",20260901
Lacteos Y Frescos,Frescos,yogur yogurisimo griego firme x 180 gr vainilla,7791337010925,2499.0,"$2.499,00",20260901
Lacteos Y Frescos,Frescos,yogur yogurisimo griego x 140 gr frutilla,7791337009943,1699.0,"$1.699,00",20260901
Lacteos Y Frescos,Frescos,yogur yogurisimo griego x 140 gr vainilla,7791337009950,1699.0,"$1.699,00",20260901
Lacteos Y Frescos,Frescos,yogur yogurisimo griego x 166 gr con cereales,7791337009967,4407.0,"$4.407,00",20260901
Lacteos Y Frescos,Frescos,yogur yogurisimo griego x 168 gr con granola,7791337010093,4407.0,"$4.407,00",20260901
Lacteos Y Frescos,Frescos,yogur yogurisimo griego x 190 gr natural endulzado,7791337009981,3353.0,"$3.353,00",20260901
Lacteos Y Frescos,Frescos,yogur yogurisimo griego x 190 gr natural sin end,7791337009998,3353.0,"$3.353,00",20260901
Lacteos Y Frescos,Frescos,yogur yogurisimo griego x 300 gr natural sin end,7791337010017,3809.0,"$3.809,00",20260901
Lacteos Y Frescos,Frescos,yogur yogurisimo griego x 300 ml natural endulz,7791337010000,3809.0,"$3.809,00",20260901
Lacteos Y Frescos,Frescos,yogurisimo griego firme x 180 gr natural endulzado,7791337010932,2499.0,"$2.499,00",20260901
Lacteos Y Frescos,Frescos,yogurisimo griego x 125 gm frutilla,7791337009974,3483.25,"$3.483,25",20260901
Lacteos Y Frescos,Frescos,yogurisimo griego x 125 gr arandano,7791337010147,3483.0,"$3.483,00",20260901
Frutas Y Verduras,Frescos,acelga x paquete,2019880000008,790.0,"$790,00",20260901
Frutas Y Verduras,Frescos,ajies de colores x kilo,2027850000002,7990.0,"$7.990,00",20260901
Frutas Y Verduras,Frescos,ajies x kg.,2019900000001,4990.0,"$4.990,00",20260901
Frutas Y Verduras,Frescos,ajies x kg.,2019910000008,7990.0,"$7.990,00",20260901
Frutas Y Verduras,Frescos,ajo x unidad,2019930000002,1290.0,"$1.290,00",20260901
Frutas Y Verduras,Frescos,akusay x kg.,2019950000006,2490.0,"$2.490,00",20260901
Frutas Y Verduras,Frescos,apio x kg.,2019990000004,4990.0,"$4.990,00",20260901
Frutas Y Verduras,Frescos,arandanos en bandeja,2020000000006,3990.0,"$3.990,00",20260901
Frutas Y Verduras,Frescos,banana ecuatoriana x kg.,2020050000001,4990.0,"$4.990,00",20260901
Frutas Y Verduras,Frescos,batata zanahoria x kilo,2029100000008,3990.0,"$3.990,00",20260901
Frutas Y Verduras,Frescos,berengena negra x kg.,2020120000009,3990.0,"$3.990,00",20260901
Frutas Y Verduras,Frescos,berenjena morada x kg.,2020100000005,5990.0,"$5.990,00",20260901
Frutas Y Verduras,Frescos,brocoli x kg.,2020160000007,11990.0,"$11.990,00",20260901
Frutas Y Verduras,Frescos,brotes de soja shim-shim,7798004430017,2320.0,"$2.320,00",20260901
Frutas Y Verduras,Frescos,calabacita x kg.,2020180000001,2990.0,"$2.990,00",20260901
Frutas Y Verduras,Frescos,camote colorado x kg.,2020260000006,2990.0,"$2.990,00",20260901
Frutas Y Verduras,Frescos,cebolla de verdeo x kg.,2020300000003,7990.0,"$7.990,00",20260901
Frutas Y Verduras,Frescos,cebolla x kg.,2020270000003,3490.0,"$3.490,00",20260901
Frutas Y Verduras,Frescos,champignones x kg.,2020340000001,25990.0,"$25.990,00",20260901
Frutas Y Verduras,Frescos,chaucha ballina x kg.,2020350000008,7990.0,"$7.990,00",20260901
Frutas Y Verduras,Frescos,choclo elegido x kg.,2020410000009,7990.0,"$7.990,00",20260901
Frutas Y Verduras,Frescos,ciruela roja x kg.,2020490000005,12990.0,"$12.990,00",20260901
Frutas Y Verduras,Frescos,coliflor x kg.,2020570000000,4990.0,"$4.990,00",20260901
Frutas Y Verduras,Frescos,ensalada caprese las parchitas x 300 gr.,7798137494450,6960.0,"$6.960,00",20260901
Frutas Y Verduras,Frescos,ensalada coleslaw las parchitas x 300 gr.,7798137494429,6995.0,"$6.995,00",20260901
Frutas Y Verduras,Frescos,ensalada de frutas x kg.,2020640000008,8900.0,"$8.900,00",20260901
Frutas Y Verduras,Frescos,ensalada italiana poquet las parchitas x 130 gr.,7798137494498,4118.0,"$4.118,00",20260901
Frutas Y Verduras,Frescos,ensalada las parchitas combinada x 200 gm,7798137490025,3503.0,"$3.503,00",20260901
Frutas Y Verduras,Frescos,ensalada las parchitas mediterranea x 200 gm,7798137494399,6255.0,"$6.255,00",20260901
Frutas Y Verduras,Frescos,ensalada las parchitas super,7798137490216,6058.0,"$6.058,00",20260901
Frutas Y Verduras,Frescos,ensalada las parchitas vegana x 300 gm,7798137494436,6165.0,"$6.165,00",20260901
Frutas Y Verduras,Frescos,ensalada las parchitas x 300 gr primavera,7798137494412,5456.28,"$5.456,28",20260901
Frutas Y Verduras,Frescos,ensalada mixta shim-shim,7798004430086,2257.0,"$2.257,00",20260901
Frutas Y Verduras,Frescos,esparragos verdes paquete,2022440000004,7990.0,"$7.990,00",20260901
Frutas Y Verduras,Frescos,especias x paquete romero,2020710000006,1490.0,"$1.490,00",20260901
Frutas Y Verduras,Frescos,espinaca atado,2020730000000,1490.0,"$1.490,00",20260901
Frutas Y Verduras,Frescos,frutillas bandeja x 500 gm,2022450000001,6990.0,"$6.990,00",20260901
Frutas Y Verduras,Frescos,frutillas x kg.,2020750000004,12990.0,"$12.990,00",20260901
Frutas Y Verduras,Frescos,jengibre x kg.,2020860000000,7990.0,"$7.990,00",20260901
Frutas Y Verduras,Frescos,kiwi x kg.,2020890000001,11990.0,"$11.990,00",20260901
Frutas Y Verduras,Frescos,lechuga de hoja hidroponica x paquete,2037370000000,2790.0,"$2.790,00",20260901
Frutas Y Verduras,Frescos,lechuga de hoja x kg.,2020910000004,3990.0,"$3.990,00",20260901
Frutas Y Verduras,Frescos,lechuga manteca hidroponica x paquete,2037380000007,2790.0,"$2.790,00",20260901
Frutas Y Verduras,Frescos,lechuga mantecosa x kg.,2020920000001,4990.0,"$4.990,00",20260901
Frutas Y Verduras,Frescos,lechuga morada x kg.,2020930000008,2990.0,"$2.990,00",20260901
Frutas Y Verduras,Frescos,lechuga repollada x kg.,2020960000009,4990.0,"$4.990,00",20260901
Frutas Y Verduras,Frescos,lima x kg.,2020970000006,3990.0,"$3.990,00",20260901
Frutas Y Verduras,Frescos,limones x kg.,2020980000003,1790.0,"$1.790,00",20260901
Frutas Y Verduras,Frescos,mandarina elendalle x kg.,2021080000009,1990.0,"$1.990,00",20260901
Frutas Y Verduras,Frescos,mandarina encore x kilo,2021090000006,1990.0,"$1.990,00",20260901
Frutas Y Verduras,Frescos,mandarina murcot x kg.,2021120000006,1990.0,"$1.990,00",20260901
Frutas Y Verduras,Frescos,mandioca x kg.,2021200000001,1190.0,"$1.190,00",20260901
Frutas Y Verduras,Frescos,mango x kg.,2021210000008,7990.0,"$7.990,00",20260901
Frutas Y Verduras,Frescos,manzana crispy x kg.,2021230000002,4990.0,"$4.990,00",20260901
Frutas Y Verduras,Frescos,manzana gala x kilo,2021240000009,4990.0,"$4.990,00",20260901
Frutas Y Verduras,Frescos,manzana roja deliciosa x kg.,2021250000006,5990.0,"$5.990,00",20260901
Frutas Y Verduras,Frescos,manzana verde x kg.,2021270000000,6990.0,"$6.990,00",20260901
Frutas Y Verduras,Frescos,melon amarillo x kg.,2021280000007,4990.0,"$4.990,00",20260901
Frutas Y Verduras,Frescos,melon rocio de miel x kg.,2021320000004,8990.0,"$8.990,00",20260901
Frutas Y Verduras,Frescos,mini ensalada las parchitas tropical x 230 gm,7798137494467,5170.0,"$5.170,00",20260901
Frutas Y Verduras,Frescos,naranja de jugo x kilo.,2021390000003,1490.0,"$1.490,00",20260901
Frutas Y Verduras,Frescos,naranja de ombligo x kilo,2021410000006,1990.0,"$1.990,00",20260901
Frutas Y Verduras,Frescos,palta arrugada x kg.,2021450000004,9990.0,"$9.990,00",20260901
Frutas Y Verduras,Frescos,papa elegida red x kilo,2021470000008,2790.0,"$2.790,00",20260901
Frutas Y Verduras,Frescos,papa elegida suelta x kg.,2021480000005,2790.0,"$2.790,00",20260901
Frutas Y Verduras,Frescos,papa negra suelta x kilo,2021500000008,2590.0,"$2.590,00",20260901
Frutas Y Verduras,Frescos,papin x kilo x kg.,2021520000002,3990.0,"$3.990,00",20260901
Frutas Y Verduras,Frescos,pelon blanco x kilo,2021540000006,12990.0,"$12.990,00",20260901
Frutas Y Verduras,Frescos,pepino x kg.,2021550000003,2990.0,"$2.990,00",20260901
Frutas Y Verduras,Frescos,pera x kg.,2021720000000,4990.0,"$4.990,00",20260901
Frutas Y Verduras,Frescos,perejil x kg.,2021780000002,3990.0,"$3.990,00",20260901
Frutas Y Verduras,Frescos,pia?a?a x kg.,2021850000000,7990.0,"$7.990,00",20260901
Frutas Y Verduras,Frescos,pimiento amarillo x kg.,2021790000009,7990.0,"$7.990,00",20260901
Frutas Y Verduras,Frescos,pimiento rojo x kg.,2021820000009,8990.0,"$8.990,00",20260901
Frutas Y Verduras,Frescos,pimiento verde x kg.,2021840000003,6990.0,"$6.990,00",20260901
Frutas Y Verduras,Frescos,pomelo sanguineo x kg.,2021880000001,2490.0,"$2.490,00",20260901
Frutas Y Verduras,Frescos,portobello x kg.,2021890000008,31990.0,"$31.990,00",20260901
Frutas Y Verduras,Frescos,provenzal fresca shim-shim x60gr.bandeja,7798004430307,2320.0,"$2.320,00",20260901
Frutas Y Verduras,Frescos,puchero las parchitas x500gr.,7798137490322,5213.0,"$5.213,00",20260901
Frutas Y Verduras,Frescos,puerro x kg.,2030920000000,5990.0,"$5.990,00",20260901
Frutas Y Verduras,Frescos,quinotos x kilo,2021920000008,5990.0,"$5.990,00",20260901
Frutas Y Verduras,Frescos,rabanitos x paquete,2021930000005,1790.0,"$1.790,00",20260901
Frutas Y Verduras,Frescos,radicheta cortada shim-shim,7798004430116,2119.0,"$2.119,00",20260901
Frutas Y Verduras,Frescos,radicheta x paquete,2021950000009,1290.0,"$1.290,00",20260901
Frutas Y Verduras,Frescos,remolacha x paquete,2022010000007,1990.0,"$1.990,00",20260901
Frutas Y Verduras,Frescos,repollitos de brusellas en bandeja,2022030000001,2990.0,"$2.990,00",20260901
Frutas Y Verduras,Frescos,repollo blanco x kg.,2022040000008,2490.0,"$2.490,00",20260901
Frutas Y Verduras,Frescos,repollo colorado x kg.,2022060000002,2990.0,"$2.990,00",20260901
Frutas Y Verduras,Frescos,rucula cortada shim-shim,7798004430277,2141.0,"$2.141,00",20260901
Frutas Y Verduras,Frescos,rucula hidroponica x 200 gm,7798137490254,3773.36,"$3.773,36",20260901
Frutas Y Verduras,Frescos,rucula hidroponica x paquete,2038330000009,1990.0,"$1.990,00",20260901
Frutas Y Verduras,Frescos,rucula x paquete,2022080000006,1990.0,"$1.990,00",20260901
Frutas Y Verduras,Frescos,sandia postre x kilo,2027050000000,4990.0,"$4.990,00",20260901
Frutas Y Verduras,Frescos,tomate cherry x kg.,2022130000000,12990.0,"$12.990,00",20260901
Frutas Y Verduras,Frescos,tomate perita x kg.,2022210000005,6990.0,"$6.990,00",20260901
Frutas Y Verduras,Frescos,tomate redondo x kg.,2022220000002,6990.0,"$6.990,00",20260901
Frutas Y Verduras,Frescos,uvas blancas x kg.,2022250000003,13990.0,"$13.990,00",20260901
Frutas Y Verduras,Frescos,uvas negras x kg.,2022280000004,13990.0,"$13.990,00",20260901
Frutas Y Verduras,Frescos,uvas rosadas x kg.,2022300000007,16990.0,"$16.990,00",20260901
Frutas Y Verduras,Frescos,verdura mixta para sopa  shim shim x 400 gm en bandeja,7798004430048,2622.0,"$2.622,00",20260901
Frutas Y Verduras,Frescos,zanahoria rallada bandeja x 200 gm shim shim,7798004430260,2119.0,"$2.119,00",20260901
Frutas Y Verduras,Frescos,zanahoria suelta x kg.,2021640000005,2490.0,"$2.490,00",20260901
Frutas Y Verduras,Frescos,zapallito largo x kg.,2021650000002,6990.0,"$6.990,00",20260901
Frutas Y Verduras,Frescos,zapallito redondo x kg.,2021660000009,6990.0,"$6.990,00",20260901
Frutas Y Verduras,Frescos,zapallo brasilero x kg.,2021680000003,2490.0,"$2.490,00",20260901
Limpieza,Limpieza,0167646 ensaladera galax flint,7791822676469,3420.0,"$3.420,00",20260901
Limpieza,Limpieza,026002 tortera desarmable 3 23cm,7790351400033,18135.0,"$18.135,00",20260901
Limpieza,Limpieza,036267 botella de vidrio ctapon x 1 lt.,7795128086847,5036.0,"$5.036,00",20260901
Limpieza,Limpieza,040004 porta espiral plastico,7794184400451,4963.0,"$4.963,00",20260901
Limpieza,Limpieza,067008 plato playo blanco cuadrado 25 cm.,4068407130108,3805.0,"$3.805,00",20260901
Limpieza,Limpieza,076386 fuente ovalada melamina blanca,8002315002931,4791.0,"$4.791,00",20260901
Limpieza,Limpieza,12 polera int blanca talle 6 al 16,2700006103450,14180.0,"$14.180,00",20260901
Limpieza,Limpieza,12 polera micromorley,2700004164446,11380.05,"$11.380,05",20260901
Limpieza,Limpieza,12 polera morley viscosa 16,3044858,20375.0,"$20.375,00",20260901
Limpieza,Limpieza,219 delantal lienzo,1808391,6447.0,"$6.447,00",20260901
Limpieza,Limpieza,257002 ensaladera con frutas,7797797830035,2350.0,"$2.350,00",20260901
Limpieza,Limpieza,261 toallon aloha,2700003043582,13656.0,"$13.656,00",20260901
Limpieza,Limpieza,263012 escurridor verduras,7794297025329,11862.0,"$11.862,00",20260901
Limpieza,Limpieza,263103 botella plastica deportiva,7794297020188,2752.0,"$2.752,00",20260901
Limpieza,Limpieza,276005 pelador metalico,7798005437138,4826.0,"$4.826,00",20260901
Limpieza,Limpieza,276085 limpia bombilla,7798005437640,1857.0,"$1.857,00",20260901
Limpieza,Limpieza,276176 cuchillo para untar x 2 unid.,7798005438784,2700.0,"$2.700,00",20260901
Limpieza,Limpieza,286776 vaso alegro x 6 unid.,7702147202363,17146.0,"$17.146,00",20260901
Limpieza,Limpieza,454cl6 vaso mikonos x 6 unid.,7702147245681,16991.0,"$16.991,00",20260901
Limpieza,Limpieza,519 copa helado fiesta,7702147233428,2604.0,"$2.604,00",20260901
Limpieza,Limpieza,530586 cenicero cuadrado,7792824036039,2230.0,"$2.230,00",20260901
Limpieza,Limpieza,58128 wok con mango 28 cm.,7896398327170,26262.0,"$26.262,00",20260901
Limpieza,Limpieza,692 cuchara grande x 3 unid.,7798039416925,3240.0,"$3.240,00",20260901
Limpieza,Limpieza,708014 mate madera,7080142,6980.0,"$6.980,00",20260901
Limpieza,Limpieza,711 contenedor mediano cuadrado san remo,7896359006205,5455.0,"$5.455,00",20260901
Limpieza,Limpieza,727009 percha lion x 3,7794296008033,4152.0,"$4.152,00",20260901
Limpieza,Limpieza,763004 ganchos plasticos x 12 unid.,7797130000347,3088.0,"$3.088,00",20260901
Limpieza,Limpieza,763020 ganchos plasticos dorados x 12 unid.,7797130000330,11655.0,"$11.655,00",20260901
Limpieza,Limpieza,763062 plato plastico cuadrado 23.5 cm.,7798274400079,1984.0,"$1.984,00",20260901
Limpieza,Limpieza,862473 rallador acero inoxidable,6936158133663,4205.0,"$4.205,00",20260901
Limpieza,Limpieza,abrelatas clasico chef,7798005437060,2499.0,"$2.499,00",20260901
Limpieza,Limpieza,abrelatas con manija chef,7798005437015,11327.0,"$11.327,00",20260901
Limpieza,Limpieza,abrelatas cromado loekemeyer,7795587005106,2110.0,"$2.110,00",20260901
Limpieza,Limpieza,aeo15011 plato hondo decorado rojo,7891361965076,7011.0,"$7.011,00",20260901
Limpieza,Limpieza,afila cuchillos chef,7798005437046,6740.0,"$6.740,00",20260901
Limpieza,Limpieza,ahuecador de papas chef,7798005437206,4510.0,"$4.510,00",20260901
Limpieza,Limpieza,alfambro oval peluche,7790780081858,16316.13,"$16.316,13",20260901
Limpieza,Limpieza,alfombra baao 40 x 60 cm,758647554034,10585.0,"$10.585,00",20260901
Limpieza,Limpieza,alfombra para baao pvc,7797130005045,14457.6,"$14.457,60",20260901
Limpieza,Limpieza,alfombra peluche,789236065013,15537.0,"$15.537,00",20260901
Limpieza,Limpieza,alfombra shaggy,7798363441754,13907.0,"$13.907,00",20260901
Limpieza,Limpieza,almohada palette urban,7794170052282,28116.0,"$28.116,00",20260901
Limpieza,Limpieza,amoladora 115 mm 950,6934097747163,67892.0,"$67.892,00",20260901
Limpieza,Limpieza,antidesliznte,7797130000248,5512.0,"$5.512,00",20260901
Limpieza,Limpieza,asadera cuadrada 25.5 granito carol,7792281017718,13149.86,"$13.149,86",20260901
Limpieza,Limpieza,asadera de vidrio cuadrada ocuisine,3426470262538,12157.0,"$12.157,00",20260901
Limpieza,Limpieza,asadera n 4,7790351152048,20726.0,"$20.726,00",20260901
Limpieza,Limpieza,asadera oval,7790351152024,14950.0,"$14.950,00",20260901
Limpieza,Limpieza,asadera rectangular 33 granit carol,7792281017565,13989.33,"$13.989,33",20260901
Limpieza,Limpieza,atomizador de aceite crystal rock,7820190141382,18610.5,"$18.610,50",20260901
Limpieza,Limpieza,automate,5460472,19471.0,"$19.471,00",20260901
Limpieza,Limpieza,azucarera,4068407302451,3946.0,"$3.946,00",20260901
Limpieza,Limpieza,azucarera,7790691048100,10505.0,"$10.505,00",20260901
Limpieza,Limpieza,bagui con 2 bolsillos combinado 16,2700004133589,19032.86,"$19.032,86",20260901
Limpieza,Limpieza,bagui corderoy,2700004164422,20587.55,"$20.587,55",20260901
Limpieza,Limpieza,balde 8.5,7896359002863,8181.0,"$8.181,00",20260901
Limpieza,Limpieza,balde de plastico gemplast x 12 lt.,7793762080511,4208.0,"$4.208,00",20260901
Limpieza,Limpieza,balde hielo,6932584121731,6019.0,"$6.019,00",20260901
Limpieza,Limpieza,balde para hielo,7792579009029,3200.0,"$3.200,00",20260901
Limpieza,Limpieza,balde san remo oba x 8 litros,7896359012237,8037.61,"$8.037,61",20260901
Limpieza,Limpieza,bandeja acaciamarmol,7792281032261,56390.05,"$56.390,05",20260901
Limpieza,Limpieza,bandeja bambu verde 40 x 18 cm,7792281022736,27286.43,"$27.286,43",20260901
Limpieza,Limpieza,bandeja cuadrada 25 x 25 cm verde,7792281022750,28060.04,"$28.060,04",20260901
Limpieza,Limpieza,bandeja cuadrada 30 x 30 cm verde,7792281022743,35768.1,"$35.768,10",20260901
Limpieza,Limpieza,bandeja de bambu 20 x 20 cm verde,7792281022767,21123.61,"$21.123,61",20260901
Limpieza,Limpieza,bandeja de madera color blanca,742779498052,14774.1,"$14.774,10",20260901
Limpieza,Limpieza,bandeja desayuno,763571681268,7963.0,"$7.963,00",20260901
Limpieza,Limpieza,bandeja madera redonda,742779500915,13050.0,"$13.050,00",20260901
Limpieza,Limpieza,bandeja melamina,8002315002740,13808.0,"$13.808,00",20260901
Limpieza,Limpieza,barral,7797130000422,19658.0,"$19.658,00",20260901
Limpieza,Limpieza,barral aluminio,7630064,15285.0,"$15.285,00",20260901
Limpieza,Limpieza,"basurero con pedal x 13,5 lt. san remo",7896359023790,18946.0,"$18.946,00",20260901
Limpieza,Limpieza,bateria 9 voltios energizer,39800013613,4610.0,"$4.610,00",20260901
Limpieza,Limpieza,batidor cafe,6973010390161,3293.0,"$3.293,00",20260901
Limpieza,Limpieza,batidor pera chef,7798005438029,4261.0,"$4.261,00",20260901
Limpieza,Limpieza,bifera cuadrada multiflon linea gourmet,7896398323950,38039.34,"$38.039,34",20260901
Limpieza,Limpieza,bifera induccion carol,7792281519021,55458.45,"$55.458,45",20260901
Limpieza,Limpieza,bifera multiflon acanalada 28 cm linea gourmet,7896398320812,30932.0,"$30.932,00",20260901
Limpieza,Limpieza,body polera 15,7797844041018,11282.65,"$11.282,65",20260901
Limpieza,Limpieza,bols cerealero san remo,7896359025329,1651.27,"$1.651,27",20260901
Limpieza,Limpieza,bolsa,7798136930386,6201.0,"$6.201,00",20260901
Limpieza,Limpieza,bolsa aspiradora,7797581000194,3960.0,"$3.960,00",20260901
Limpieza,Limpieza,bolsa aspiradora,7797581000132,3960.0,"$3.960,00",20260901
Limpieza,Limpieza,bolsa aspiradora,7797581002631,3960.0,"$3.960,00",20260901
Limpieza,Limpieza,bolsa de agua caliente,7796851811119,8673.0,"$8.673,00",20260901
Limpieza,Limpieza,bolsa para lavarropas ordene 22 x 16 cm.,7898335070088,8167.0,"$8.167,00",20260901
Limpieza,Limpieza,bolsa para lavarropas ordene 40 x 50 cm.,7898335070040,6458.0,"$6.458,00",20260901
Limpieza,Limpieza,bolsa propa vac bag extra grande 80 x 100 cm.,7898335075717,11632.0,"$11.632,00",20260901
Limpieza,Limpieza,bolsa propa vac bag trip 60 x 40 cm.,7898335076936,5816.0,"$5.816,00",20260901
Limpieza,Limpieza,bomba periferica 1/2 hp hoteche,790757856936,64995.0,"$64.995,00",20260901
Limpieza,Limpieza,bombilla,7798030340045,5445.0,"$5.445,00",20260901
Limpieza,Limpieza,bombilla escudo,7798030340069,9128.0,"$9.128,00",20260901
Limpieza,Limpieza,bombilla mini,7798030340052,4854.0,"$4.854,00",20260901
Limpieza,Limpieza,bombilla resorte mensu,7798030340083,9003.0,"$9.003,00",20260901
Limpieza,Limpieza,botella flip top x 500 ml,7798343356436,8931.0,"$8.931,00",20260901
Limpieza,Limpieza,botella flip top x 500 ml mickey,7798343356481,8931.0,"$8.931,00",20260901
Limpieza,Limpieza,botella flip x 500 ml advengers,7798391141725,8931.44,"$8.931,44",20260901
Limpieza,Limpieza,botella seleccion argentina,7798391142203,8767.87,"$8.767,87",20260901
Limpieza,Limpieza,botella straw top x 500  ml mickey,7798343356580,10107.0,"$10.107,00",20260901
Limpieza,Limpieza,botella straw top x 500 ml minnie,7798343356597,10107.0,"$10.107,00",20260901
Limpieza,Limpieza,botella straw top x 500 ml peppa,7798343356559,10107.0,"$10.107,00",20260901
Limpieza,Limpieza,botella termica,7798215280388,7309.0,"$7.309,00",20260901
Limpieza,Limpieza,botella termica chimolla capymila x 470 ml,2700004163333,32931.36,"$32.931,36",20260901
Limpieza,Limpieza,botella vintage con tapa,7891155083580,7989.0,"$7.989,00",20260901
Limpieza,Limpieza,botella ypsilon decanter,8004360027266,11690.0,"$11.690,00",20260901
Limpieza,Limpieza,bowl,7791822625054,1508.0,"$1.508,00",20260901
Limpieza,Limpieza,bowl,7797797830387,2058.0,"$2.058,00",20260901
Limpieza,Limpieza,bowl  cerealero paw patrol,7798343352308,4936.0,"$4.936,00",20260901
Limpieza,Limpieza,bowl 14 granito carol,7792281021616,3813.0,"$3.813,00",20260901
Limpieza,Limpieza,bowl 14.5 cerealero porcelana amarilla,7891361987467,7206.0,"$7.206,00",20260901
Limpieza,Limpieza,bowl 14.5 cerealero porcelana turquesa,7891361080243,7206.0,"$7.206,00",20260901
Limpieza,Limpieza,bowl 14.5 litros cerealero porcelana azul,7891361751150,7206.0,"$7.206,00",20260901
Limpieza,Limpieza,bowl 14.5 litros cerealero porcelana negra,7891361473281,7206.0,"$7.206,00",20260901
Limpieza,Limpieza,bowl 20 granito carol,7792281021630,7814.0,"$7.814,00",20260901
Limpieza,Limpieza,bowl 20 negro carol,7792281063203,7814.0,"$7.814,00",20260901
Limpieza,Limpieza,bowl 23 granito carol,7792281021647,9815.0,"$9.815,00",20260901
Limpieza,Limpieza,bowl 23 negro carol,7792281063234,9815.0,"$9.815,00",20260901
Limpieza,Limpieza,bowl apilable gris x 4 unidades carol,7792281024419,19289.0,"$19.289,00",20260901
Limpieza,Limpieza,bowl biona french blanco 600 cc.,7891361534364,5936.0,"$5.936,00",20260901
Limpieza,Limpieza,bowl biona french verde 600 cc.,7891361875795,7206.0,"$7.206,00",20260901
Limpieza,Limpieza,bowl ceramica 10 cm gris claro mas beige,7792281950602,5954.0,"$5.954,00",20260901
Limpieza,Limpieza,bowl ceramica 10 cm gris oscuro mas beige,7792281955102,5954.0,"$5.954,00",20260901
Limpieza,Limpieza,bowl ceramica 15 cm gris oscuro mas beige,7792281955157,11092.0,"$11.092,00",20260901
Limpieza,Limpieza,bowl ceramica carol 15 cm gris claro mas beige,7792281950503,11091.77,"$11.091,77",20260901
Limpieza,Limpieza,bowl cerealero peppa pigg,7798343355385,4936.0,"$4.936,00",20260901
Limpieza,Limpieza,bowl ensaladera chica 1100,7791822675509,3933.27,"$3.933,27",20260901
Limpieza,Limpieza,bowl frutill galax fl,7791822676452,1665.26,"$1.665,26",20260901
Limpieza,Limpieza,bowl gourmet rigolleau cerealero vidrio,7791822674182,2990.0,"$2.990,00",20260901
Limpieza,Limpieza,bowl irregular 19 x 14 cm verde,7792281022927,19245.96,"$19.245,96",20260901
Limpieza,Limpieza,bowl irregular 19 x 17 cm verde,7792281022675,13222.15,"$13.222,15",20260901
Limpieza,Limpieza,bowl melamina 14 cm infantil,422150610012,3679.0,"$3.679,00",20260901
Limpieza,Limpieza,bowl zarzis brilloso blanco,7799059051370,6206.21,"$6.206,21",20260901
Limpieza,Limpieza,bucanera,7792631172753,10325.35,"$10.325,35",20260901
Limpieza,Limpieza,budinera,7790351164041,9899.0,"$9.899,00",20260901
Limpieza,Limpieza,budinera de silicona carol 25 x 12 cm gris,7792281132053,9196.89,"$9.196,89",20260901
Limpieza,Limpieza,budinera de silicona carol 25 x 12 cm verde,7792281024952,9196.89,"$9.196,89",20260901
Limpieza,Limpieza,bufanda escocesa,4107439,12980.0,"$12.980,00",20260901
Limpieza,Limpieza,burlete,7794184400659,3589.0,"$3.589,00",20260901
Limpieza,Limpieza,burlete con arena,9898066,2442.0,"$2.442,00",20260901
Limpieza,Limpieza,burlete doble cuerina,9504134,10514.0,"$10.514,00",20260901
Limpieza,Limpieza,buzo canguro acidwash,2700004165191,50961.84,"$50.961,84",20260901
Limpieza,Limpieza,buzo canguro con estampa sxxxl,6010461,45014.0,"$45.014,00",20260901
Limpieza,Limpieza,buzo con capucha talle 4 al 16,2700007014243,27171.73,"$27.171,73",20260901
Limpieza,Limpieza,buzo frisa talles 6 al 16 color azul,2700006103085,17977.0,"$17.977,00",20260901
Limpieza,Limpieza,buzo friza con estampa al frente talles 1 al 6,3044674,29720.65,"$29.720,65",20260901
Limpieza,Limpieza,buzo friza talle del 4 al 16,2700007014250,25472.42,"$25.472,42",20260901
Limpieza,Limpieza,buzo frizza con capucha 656,2700004167720,17946.0,"$17.946,00",20260901
Limpieza,Limpieza,buzo oversize talle 4 al 16,2700004164996,25472.42,"$25.472,42",20260901
Limpieza,Limpieza,buzo polar medio cierre talles 2 al 6,2700007004367,19757.21,"$19.757,21",20260901
Limpieza,Limpieza,buzo spiderman talle 2 al 14,2700004166587,41119.43,"$41.119,43",20260901
Limpieza,Limpieza,buzo stitch talles 2 al 16,2700004166549,51404.43,"$51.404,43",20260901
Limpieza,Limpieza,cable seguridad 12 hoteche,6934097721460,16900.0,"$16.900,00",20260901
Limpieza,Limpieza,cacerola con asas 22 cm,7896398333508,48054.94,"$48.054,94",20260901
Limpieza,Limpieza,cacerola induccion 20 cm carol,7792281067201,70488.89,"$70.488,89",20260901
Limpieza,Limpieza,cacerola induccion x 24 cm carol,7792281067249,87325.9,"$87.325,90",20260901
Limpieza,Limpieza,cacerola multiflon con asas 22 cm linea terracota,7896398338114,44759.48,"$44.759,48",20260901
Limpieza,Limpieza,cacerola multiflon con asas x 20 cm linea terracota,7896398338107,35675.22,"$35.675,22",20260901
Limpieza,Limpieza,cacerola multiflon linea gourmet 24 cm,7896398333690,54805.58,"$54.805,58",20260901
Limpieza,Limpieza,caja acrilico bambu s,742779499950,19251.0,"$19.251,00",20260901
Limpieza,Limpieza,caja de madera 4 espacios,742779501738,32682.0,"$32.682,00",20260901
Limpieza,Limpieza,caja de plastico con tapa bambu blanca nordica x 11 litros,742779495525,33565.0,"$33.565,00",20260901
Limpieza,Limpieza,caja para sandwich  la granja,7798343351899,7052.0,"$7.052,00",20260901
Limpieza,Limpieza,caja sandwich minnie,7798343353039,7052.0,"$7.052,00",20260901
Limpieza,Limpieza,calza basica darlon 16,2700004134517,13822.74,"$13.822,74",20260901
Limpieza,Limpieza,calza basica polyspandex,2700007010122,10611.62,"$10.611,62",20260901
Limpieza,Limpieza,calza dama 3844,2700006010802,17987.19,"$17.987,19",20260901
Limpieza,Limpieza,calza dos tiras leopardo,2700004164354,17587.35,"$17.587,35",20260901
Limpieza,Limpieza,calza mac con bolsillos,2700004164361,14380.25,"$14.380,25",20260901
Limpieza,Limpieza,calza retro off,2700004164484,10324.82,"$10.324,82",20260901
Limpieza,Limpieza,calza termica t e talle 7 y 8,2700007103381,17163.28,"$17.163,28",20260901
Limpieza,Limpieza,calza termica talle 1 al 6,2700007103374,15766.55,"$15.766,55",20260901
Limpieza,Limpieza,camisa viyela s xl,2700004165221,39066.77,"$39.066,77",20260901
Limpieza,Limpieza,camiseta manga corta r talle 3840,2700001002413,11791.83,"$11.791,83",20260901
Limpieza,Limpieza,camiseta manga larga r 3840,2700001002321,14034.9,"$14.034,90",20260901
Limpieza,Limpieza,camiseta manga larga r 4648,2700001002369,17175.18,"$17.175,18",20260901
Limpieza,Limpieza,campera canelon talle s al xl,2700004168130,33577.5,"$33.577,50",20260901
Limpieza,Limpieza,campera con capucha,2700004167676,17946.02,"$17.946,02",20260901
Limpieza,Limpieza,campera con capucha talles 2 al 5,2700007021241,41615.72,"$41.615,72",20260901
Limpieza,Limpieza,campera con capucha talles 6 al 16 color azul,2700006103870,28211.0,"$28.211,00",20260901
Limpieza,Limpieza,campera con piel,2700004166501,44747.62,"$44.747,62",20260901
Limpieza,Limpieza,campera corderito 23,2700004133701,23773.14,"$23.773,14",20260901
Limpieza,Limpieza,campera frisa con capucha,2700004167614,8784.39,"$8.784,39",20260901
Limpieza,Limpieza,campera polar t e talle 7 y 8,2700007004398,33727.94,"$33.727,94",20260901
Limpieza,Limpieza,campera stitch del talle 6 al 16,2700004166570,41119.43,"$41.119,43",20260901
Limpieza,Limpieza,campera talle 8 al 16,2700004166495,38032.12,"$38.032,12",20260901
Limpieza,Limpieza,campera talle s al 2xl,2700004166471,44747.62,"$44.747,62",20260901
Limpieza,Limpieza,canasta apilable san remo,7896359013821,5153.17,"$5.153,17",20260901
Limpieza,Limpieza,canasta base madera,742779497918,30444.0,"$30.444,00",20260901
Limpieza,Limpieza,canasto con base madera color blanco,742779502735,28205.0,"$28.205,00",20260901
Limpieza,Limpieza,canasto con manija color blanco,742779496065,25966.6,"$25.966,60",20260901
Limpieza,Limpieza,canasto con manija color negro,742779496072,25966.6,"$25.966,60",20260901
Limpieza,Limpieza,canasto forest 20 x 20 cm,7798422751879,17542.44,"$17.542,44",20260901
Limpieza,Limpieza,canasto metal base madera,742779497925,30444.0,"$30.444,00",20260901
Limpieza,Limpieza,canasto plastico cerri rectangular,6926582494584,5761.75,"$5.761,75",20260901
Limpieza,Limpieza,canasto rectangular tramada color,6926582494577,1658.0,"$1.658,00",20260901
Limpieza,Limpieza,canasto tri 23 x 25 x 20 cm,7798422751909,17542.44,"$17.542,44",20260901
Limpieza,Limpieza,candado 20 mm blister,656750793268,5535.0,"$5.535,00",20260901
Limpieza,Limpieza,candado 25 mm blister,790757856929,6852.0,"$6.852,00",20260901
Limpieza,Limpieza,candado 30 mm blister,656750793275,8359.0,"$8.359,00",20260901
Limpieza,Limpieza,candado 40 mm blister,656750793282,9749.33,"$9.749,33",20260901
Limpieza,Limpieza,candado 50 mm blister,656750793299,14585.0,"$14.585,00",20260901
Limpieza,Limpieza,candado 60 mm blister,656750793305,21535.0,"$21.535,00",20260901
Limpieza,Limpieza,candado hoteche combinable 30mm,6934097721941,17074.0,"$17.074,00",20260901
Limpieza,Limpieza,canguro con frisa 1820 color azul,2700006103931,26395.0,"$26.395,00",20260901
Limpieza,Limpieza,canguro con transfer,2700004165412,35735.65,"$35.735,65",20260901
Limpieza,Limpieza,canguro frisa talle 6 al 16 color azul,2700006103924,23589.0,"$23.589,00",20260901
Limpieza,Limpieza,canguro friza talles s al xl color azul,2700006103948,30357.0,"$30.357,00",20260901
Limpieza,Limpieza,casaca 16,2700005214850,16587.29,"$16.587,29",20260901
Limpieza,Limpieza,casaca gota 36,2700005214928,18075.89,"$18.075,89",20260901
Limpieza,Limpieza,cepillo baao 54 cm,6900579172907,6583.0,"$6.583,00",20260901
Limpieza,Limpieza,cervecero pinta,7702147269922,3444.0,"$3.444,00",20260901
Limpieza,Limpieza,cesto bambo ovalado,742779500373,19771.4,"$19.771,40",20260901
Limpieza,Limpieza,cesto bambo rectangular,742779500380,24369.4,"$24.369,40",20260901
Limpieza,Limpieza,cesto bambu cuadrado,742779500366,19771.4,"$19.771,40",20260901
Limpieza,Limpieza,cesto para la ropa laundry,6900579179210,25486.24,"$25.486,24",20260901
Limpieza,Limpieza,chaleco cruzado con piel,2700004164392,30829.59,"$30.829,59",20260901
Limpieza,Limpieza,chinela dama inviisble 3541,1273618,18779.0,"$18.779,00",20260901
Limpieza,Limpieza,chinela invierno 3545,1273625,19079.0,"$19.079,00",20260901
Limpieza,Limpieza,chopp bahia,7798118414347,2179.72,"$2.179,72",20260901
Limpieza,Limpieza,chopp cordoba,7798118412503,2413.0,"$2.413,00",20260901
Limpieza,Limpieza,chupin elastisado sublimado 16,2700004138669,20202.46,"$20.202,46",20260901
Limpieza,Limpieza,cierra empanadas,5110094,5637.0,"$5.637,00",20260901
Limpieza,Limpieza,cintas de amarre x 2 piezas,6934097731520,19179.0,"$19.179,00",20260901
Limpieza,Limpieza,colador,7798005438241,2422.0,"$2.422,00",20260901
Limpieza,Limpieza,colador 24 cm,7798005438302,14017.0,"$14.017,00",20260901
Limpieza,Limpieza,colador de alambre 10 cm chef,7798005438258,3083.0,"$3.083,00",20260901
Limpieza,Limpieza,colador de alambre 7 cm chef,7798005438234,1818.0,"$1.818,00",20260901
Limpieza,Limpieza,colador espiral con mango,789216833335,4733.0,"$4.733,00",20260901
Limpieza,Limpieza,colapasta 21 cm tiza carol,7792281705042,23588.97,"$23.588,97",20260901
Limpieza,Limpieza,colapastas negro,7792281705035,23515.0,"$23.515,00",20260901
Limpieza,Limpieza,compotera,4068407330065,2015.0,"$2.015,00",20260901
Limpieza,Limpieza,compotera,7797797830370,1595.0,"$1.595,00",20260901
Limpieza,Limpieza,compotera carol granito,7792281021609,2233.0,"$2.233,00",20260901
Limpieza,Limpieza,compotera cuadrada lisa,7798135264581,1338.0,"$1.338,00",20260901
Limpieza,Limpieza,compotera negra carol,7792281063111,2233.0,"$2.233,00",20260901
Limpieza,Limpieza,compotera plastico gemplast colores surtidos,7793762043639,816.0,"$816,00",20260901
Limpieza,Limpieza,conservadora 35 litros colores varios x unidad,7793762104040,31381.0,"$31.381,00",20260901
Limpieza,Limpieza,conte recto gde bajo,7896359006328,8482.0,"$8.482,00",20260901
Limpieza,Limpieza,contendor rectangular vidrio x 20.5 cm carol,7792281033206,20589.01,"$20.589,01",20260901
Limpieza,Limpieza,contenedor bajo,7793762115534,2999.0,"$2.999,00",20260901
Limpieza,Limpieza,contenedor cuadrado bajo x 1 litro,7793762113721,2025.0,"$2.025,00",20260901
Limpieza,Limpieza,"contenedor cuadrado gemplast 0,5 lt.",7793762013700,1128.0,"$1.128,00",20260901
Limpieza,Limpieza,contenedor cuadrado gemplast 1 lt.,7793762013717,1659.0,"$1.659,00",20260901
Limpieza,Limpieza,contenedor cuadrado gemplast x 1.7 litros,7793762013724,2497.0,"$2.497,00",20260901
Limpieza,Limpieza,contenedor gemplast cuadrado bajo grande x 1.5 litros,7793762113738,2850.0,"$2.850,00",20260901
Limpieza,Limpieza,contenedor rectangular x 370 ml,742779502797,11640.0,"$11.640,00",20260901
Limpieza,Limpieza,contenedor rectangular x 540 ml,742779502803,14774.1,"$14.774,10",20260901
Limpieza,Limpieza,contenedor san remo rectangular alto,7896359006236,4147.6,"$4.147,60",20260901
Limpieza,Limpieza,contenedor vidrio cuadrado x 13.5 cm carol,7792281037136,13449.99,"$13.449,99",20260901
Limpieza,Limpieza,contenedor vidrio cuadrado x 15.7 cm carol,7792281037150,16589.43,"$16.589,43",20260901
Limpieza,Limpieza,contenedor vidrio rectangular 23 cm carol,7792281033237,25729.97,"$25.729,97",20260901
Limpieza,Limpieza,copa agua aragon,840325058153,2374.0,"$2.374,00",20260901
Limpieza,Limpieza,copa agua cerveza juego x 6 unidades,7702147205470,18524.0,"$18.524,00",20260901
Limpieza,Limpieza,copa agua lexinton,813293020675,2789.0,"$2.789,00",20260901
Limpieza,Limpieza,copa agua rioja cristar chianti 386 cc.,7702147227960,2519.0,"$2.519,00",20260901
Limpieza,Limpieza,copa agua trentino,7702147276142,2991.0,"$2.991,00",20260901
Limpieza,Limpieza,copa champagne trentino,7702147276166,2831.0,"$2.831,00",20260901
Limpieza,Limpieza,copa gran vino,7702147232087,3465.0,"$3.465,00",20260901
Limpieza,Limpieza,copa helado premier,7702147233411,2985.0,"$2.985,00",20260901
Limpieza,Limpieza,copa martini,7702147240303,3827.0,"$3.827,00",20260901
Limpieza,Limpieza,copa milshake,7702147215516,6024.0,"$6.024,00",20260901
Limpieza,Limpieza,copa riserva bormioli x 6 unidades estuche,8004360021936,51590.01,"$51.590,01",20260901
Limpieza,Limpieza,copa vino cristar aragon,7702147235361,2363.0,"$2.363,00",20260901
Limpieza,Limpieza,copa vino trentino,7702147276159,2831.0,"$2.831,00",20260901
Limpieza,Limpieza,copas blackly ball transparentes set x 6 unidades,7798422750810,41766.41,"$41.766,41",20260901
Limpieza,Limpieza,copas blacly ball fume set x 6 unidades,7798422750827,36660.91,"$36.660,91",20260901
Limpieza,Limpieza,corta pizza loekemeyer,7795587005625,5535.0,"$5.535,00",20260901
Limpieza,Limpieza,cortador vegetales,6916832166057,10736.0,"$10.736,00",20260901
Limpieza,Limpieza,cortantes x 6 plastico,7790351122010,3977.0,"$3.977,00",20260901
Limpieza,Limpieza,cortaquesos chef,7798005438098,5754.0,"$5.754,00",20260901
Limpieza,Limpieza,cortina,7794184400222,5010.0,"$5.010,00",20260901
Limpieza,Limpieza,cortina baao + alfombra,6923450658239,29206.98,"$29.206,98",20260901
Limpieza,Limpieza,cortina baao estampada con ganchos,2700004134753,16190.0,"$16.190,00",20260901
Limpieza,Limpieza,cortina de baao  tela 180 cm,7798138915404,37301.0,"$37.301,00",20260901
Limpieza,Limpieza,cortina de baao dbl con protector,4514688,16263.0,"$16.263,00",20260901
Limpieza,Limpieza,cortina de baao eliplast linea encaje,7797130000118,12976.0,"$12.976,00",20260901
Limpieza,Limpieza,cortina de baao teflon con ganchos,7798374177536,17790.0,"$17.790,00",20260901
Limpieza,Limpieza,cortina plastica pbano eiplast cprotectorgancho,7797130000170,12673.0,"$12.673,00",20260901
Limpieza,Limpieza,cubetera flexible x 2 deses plast,7794297020942,3236.46,"$3.236,46",20260901
Limpieza,Limpieza,cubiertero base de madera,742779502476,17012.6,"$17.012,60",20260901
Limpieza,Limpieza,cubiertero metal y ratan,742779502544,22070.0,"$22.070,00",20260901
Limpieza,Limpieza,cubiertero plastico,7793762060537,3198.0,"$3.198,00",20260901
Limpieza,Limpieza,cubiertero seagrass,742779502186,27936.0,"$27.936,00",20260901
Limpieza,Limpieza,cubre mantel eliplast transparente de 1.40 x 1.80 metros,7797130000828,4973.87,"$4.973,87",20260901
Limpieza,Limpieza,cuchara bariloche,7798039418820,3640.0,"$3.640,00",20260901
Limpieza,Limpieza,cuchara de madera 45 cm. chef,7798005439026,3590.0,"$3.590,00",20260901
Limpieza,Limpieza,cuchara de te tramontina new kolor x 3 negras,7891112066526,2837.0,"$2.837,00",20260901
Limpieza,Limpieza,cuchara helado,7798005437329,3140.0,"$3.140,00",20260901
Limpieza,Limpieza,cuchara para fideos nylon chef,7798005438449,2623.0,"$2.623,00",20260901
Limpieza,Limpieza,cucharas tramontina dynamic x3 mango madera,7891112017214,9625.0,"$9.625,00",20260901
Limpieza,Limpieza,cucharita matera chef,7798005437619,2293.0,"$2.293,00",20260901
Limpieza,Limpieza,cucharon de nylon chef,7798005438456,2880.0,"$2.880,00",20260901
Limpieza,Limpieza,cucharon para sopa san remo,7896359013876,3731.0,"$3.731,00",20260901
Limpieza,Limpieza,cuchilla de acero x 29 cm,7724579146459,16545.57,"$16.545,57",20260901
Limpieza,Limpieza,cuchillo,7798039418806,3530.0,"$3.530,00",20260901
Limpieza,Limpieza,cuchillos tramontina dynamic x 3 unid.,7891112018648,8326.0,"$8.326,00",20260901
Limpieza,Limpieza,cuello polar,2700007004404,4990.05,"$4.990,05",20260901
Limpieza,Limpieza,cuenco cars,7798343359192,5406.0,"$5.406,00",20260901
Limpieza,Limpieza,cutter hoteche 18 mm,6934097702780,5120.0,"$5.120,00",20260901
Limpieza,Limpieza,cutters hoteche set x 3,6934097745930,6121.0,"$6.121,00",20260901
Limpieza,Limpieza,delantal plastico,1808407,11886.44,"$11.886,44",20260901
Limpieza,Limpieza,dest. hoteche juego 6 piezas,6934097702209,23640.0,"$23.640,00",20260901
Limpieza,Limpieza,destornillador juego x 3 piezas hoteche,6934097727622,8537.0,"$8.537,00",20260901
Limpieza,Limpieza,destornilladores juego x 6 piezas,6934097714806,23439.0,"$23.439,00",20260901
Limpieza,Limpieza,destornilladores juego x 6 piezas hoteche,6934097702247,13984.0,"$13.984,00",20260901
Limpieza,Limpieza,difusor,789216333170,7657.0,"$7.657,00",20260901
Limpieza,Limpieza,disco diamantado turbo weilen 110 mm,656750792940,6545.0,"$6.545,00",20260901
Limpieza,Limpieza,disco diamantado weilwn 110 mm,656750793008,6175.0,"$6.175,00",20260901
Limpieza,Limpieza,dispenser,6520203142177,6990.0,"$6.990,00",20260901
Limpieza,Limpieza,dispenser bambo redondo,742779501837,22070.4,"$22.070,40",20260901
Limpieza,Limpieza,dispenser de jugo crystal rock 2.8 litros,7795513090770,34607.64,"$34.607,64",20260901
Limpieza,Limpieza,dispenser vidriobambo x 2,742779501790,25967.0,"$25.967,00",20260901
Limpieza,Limpieza,dispernser de bambu cuadrado,742779501844,22070.4,"$22.070,40",20260901
Limpieza,Limpieza,ds diamantado seg,656750792933,6374.0,"$6.374,00",20260901
Limpieza,Limpieza,duchador,7794296008217,32696.0,"$32.696,00",20260901
Limpieza,Limpieza,dxt 41001 plato playo orquidea,7798118415009,878.0,"$878,00",20260901
Limpieza,Limpieza,embudo,7896042002781,3835.0,"$3.835,00",20260901
Limpieza,Limpieza,encendedor de cocina macao x 1 unid.,7796851806580,4736.0,"$4.736,00",20260901
Limpieza,Limpieza,ensaladera,7798135264574,6633.0,"$6.633,00",20260901
Limpieza,Limpieza,ensaladera,4068407451180,5355.0,"$5.355,00",20260901
Limpieza,Limpieza,ensaladera 20 cm,8411712086459,9990.0,"$9.990,00",20260901
Limpieza,Limpieza,ensaladera acril plast,7320026,7071.0,"$7.071,00",20260901
Limpieza,Limpieza,ensaladera blanca x 2 carol,7792281019750,109899.21,"$109.899,21",20260901
Limpieza,Limpieza,ensaladera de vidrio 12 cm,26102142196,5813.0,"$5.813,00",20260901
Limpieza,Limpieza,ensaladera negra x 2 unidades carol,7792281014328,109899.21,"$109.899,21",20260901
Limpieza,Limpieza,ensaladera san remo,7896359025336,2797.99,"$2.797,99",20260901
Limpieza,Limpieza,escurridor cubiertos,7792823225069,6108.78,"$6.108,78",20260901
Limpieza,Limpieza,escurridor de cubiertos san remo,7896359019519,3703.01,"$3.703,01",20260901
Limpieza,Limpieza,escurridor de platos plegable,7790579145877,9940.0,"$9.940,00",20260901
Limpieza,Limpieza,escurridor oval con bandeja,7792823225083,9128.96,"$9.128,96",20260901
Limpieza,Limpieza,espatula,7798005438470,1513.0,"$1.513,00",20260901
Limpieza,Limpieza,espatula 2.5,6934097734330,6233.0,"$6.233,00",20260901
Limpieza,Limpieza,espatula 3,6934097734347,6567.0,"$6.567,00",20260901
Limpieza,Limpieza,espatula amasar cornet acero,7790351218003,8679.0,"$8.679,00",20260901
Limpieza,Limpieza,espatula calada nylon,7798005438463,2719.0,"$2.719,00",20260901
Limpieza,Limpieza,espatula hoteche 2,6934097734323,5565.0,"$5.565,00",20260901
Limpieza,Limpieza,espatula lisa de nylon chef,7798005438425,2749.0,"$2.749,00",20260901
Limpieza,Limpieza,espatula san remo,7896359013913,3731.24,"$3.731,24",20260901
Limpieza,Limpieza,exprimidor acero cristal rock,7799579160781,15850.0,"$15.850,00",20260901
Limpieza,Limpieza,exprimidor jesi,7792579002129,5023.47,"$5.023,47",20260901
Limpieza,Limpieza,exprimidor limon metal chef,6985296870138,17897.0,"$17.897,00",20260901
Limpieza,Limpieza,felpudo goma varios modelos x unidad,225422552252,15568.0,"$15.568,00",20260901
Limpieza,Limpieza,felpudo koko,5412580300084,15860.0,"$15.860,00",20260901
Limpieza,Limpieza,filtro de cafe chef,7798005438364,1714.0,"$1.714,00",20260901
Limpieza,Limpieza,frasco acacia x 400 ml,7798422752647,13231.63,"$13.231,63",20260901
Limpieza,Limpieza,frasco acacia x 750 ml,7798422752654,15217.42,"$15.217,42",20260901
Limpieza,Limpieza,frasco con manija x 800 ml,7798422752623,15230.76,"$15.230,76",20260901
Limpieza,Limpieza,frasco cuadrado x 720 ml,742779500663,10297.0,"$10.297,00",20260901
Limpieza,Limpieza,frasco de vidrio crystal rock redondo tapa bamboo,6999579157069,5829.89,"$5.829,89",20260901
Limpieza,Limpieza,frasco de vidrio crystal rock redondo tapa bamboo x 250 ml,6999579157038,4554.61,"$4.554,61",20260901
Limpieza,Limpieza,frasco de vidrio hermetico  24 x 15 madera v,7792281361521,23827.26,"$23.827,26",20260901
Limpieza,Limpieza,frasco de vidrio hermetico 16 x 11 x 2 verde,7792281371155,12031.49,"$12.031,49",20260901
Limpieza,Limpieza,frasco de vidrio hermetico 19.5 x 13 madera v,7792281361316,18577.09,"$18.577,09",20260901
Limpieza,Limpieza,frasco de vidrio hermetico 21 x 11 madera,7792281371124,14100.53,"$14.100,53",20260901
Limpieza,Limpieza,frasco de vidrio redondo con tapa bambu x 660 ml,742779500601,10575.4,"$10.575,40",20260901
Limpieza,Limpieza,frasco fido 1000,8004360008005,14880.0,"$14.880,00",20260901
Limpieza,Limpieza,frazada flannel lisa 2 plazas,7798374178908,16721.6,"$16.721,60",20260901
Limpieza,Limpieza,frutera 24 x 12 cm,7792824115147,8864.38,"$8.864,38",20260901
Limpieza,Limpieza,fuente cuadrada panal,8682911647141,18959.89,"$18.959,89",20260901
Limpieza,Limpieza,fuente oval 35 x 24 cm,3426470010139,16526.02,"$16.526,02",20260901
Limpieza,Limpieza,fuente oval acanalada,8682911647585,12757.52,"$12.757,52",20260901
Limpieza,Limpieza,fuente rectangular 640 cc,8684000880057,8038.24,"$8.038,24",20260901
Limpieza,Limpieza,fuente rectangular le cuisine 23 x 15 cm.,3426470262521,12470.0,"$12.470,00",20260901
Limpieza,Limpieza,fuenton x 12 lt. gemplast,7793762098110,3991.0,"$3.991,00",20260901
Limpieza,Limpieza,funda colchon 1 12 plaza algodonpoliester,7796314000210,10550.0,"$10.550,00",20260901
Limpieza,Limpieza,funda para almohadas de 1 plaza,7796314000197,7233.0,"$7.233,00",20260901
Limpieza,Limpieza,funda para colchon 1 plaza,7796314000159,9821.0,"$9.821,00",20260901
Limpieza,Limpieza,funda para colchon 2 y 12 plazas,7796314000173,14708.0,"$14.708,00",20260901
Limpieza,Limpieza,funda para lavarropas carga superiror 60 x 60,8560117,13073.1,"$13.073,10",20260901
Limpieza,Limpieza,funda para lavarropas frontal  60 x 60,8560063,13073.0,"$13.073,00",20260901
Limpieza,Limpieza,funda para tabla de planchar,7796314000142,8643.0,"$8.643,00",20260901
Limpieza,Limpieza,gorra inglesa,2700007000765,15795.0,"$15.795,00",20260901
Limpieza,Limpieza,gorra inglesa de paao,2700004163555,17549.84,"$17.549,84",20260901
Limpieza,Limpieza,gorro basico,2700007126670,4489.69,"$4.489,69",20260901
Limpieza,Limpieza,gorro con lurex,2700007122665,4489.69,"$4.489,69",20260901
Limpieza,Limpieza,gorro con strass,7702202400239,6290.0,"$6.290,00",20260901
Limpieza,Limpieza,gorro infantil trendy,2700004167072,14147.32,"$14.147,32",20260901
Limpieza,Limpieza,gorro las oreiro,2700004130588,24892.12,"$24.892,12",20260901
Limpieza,Limpieza,gorro polar,2700007004411,4391.44,"$4.391,44",20260901
Limpieza,Limpieza,gorro polar camuflado everlast,4212423,12023.0,"$12.023,00",20260901
Limpieza,Limpieza,gorro pompon trendy,2700004551208,17728.92,"$17.728,92",20260901
Limpieza,Limpieza,guante,2700004136979,6984.0,"$6.984,00",20260901
Limpieza,Limpieza,guante impermeable con corderito,6908098269641,6490.0,"$6.490,00",20260901
Limpieza,Limpieza,guante tejido con touch,7702202402363,1750.0,"$1.750,00",20260901
Limpieza,Limpieza,guantes reflex,6912398269577,7290.0,"$7.290,00",20260901
Limpieza,Limpieza,h3664 plato postre carine negro,26102895184,4795.0,"$4.795,00",20260901
Limpieza,Limpieza,hermetico,7896359038244,8325.0,"$8.325,00",20260901
Limpieza,Limpieza,hermetico,7896359029105,7750.0,"$7.750,00",20260901
Limpieza,Limpieza,hermetico san remo con trabas x 770 ml,7896359038145,5455.0,"$5.455,00",20260901
Limpieza,Limpieza,hernetico san remo con trabas x 1.4 litros,7896359029143,6316.0,"$6.316,00",20260901
Limpieza,Limpieza,hielera con pinza de plastico siena,7795128002519,9755.0,"$9.755,00",20260901
Limpieza,Limpieza,individual,5978649020381,1212.0,"$1.212,00",20260901
Limpieza,Limpieza,individual cuerina redondo,2700009500386,4237.0,"$4.237,00",20260901
Limpieza,Limpieza,individual goma color,2700000840108,3806.0,"$3.806,00",20260901
Limpieza,Limpieza,individual set x 6 color plateado,7798422752562,24959.6,"$24.959,60",20260901
Limpieza,Limpieza,individual vintage,4892327800021,5333.0,"$5.333,00",20260901
Limpieza,Limpieza,individuales,2700006100107,987.0,"$987,00",20260901
Limpieza,Limpieza,individula set x 6 color dorado,7798422752579,24959.6,"$24.959,60",20260901
Limpieza,Limpieza,inflador plastico hoteche,6934097741451,9960.0,"$9.960,00",20260901
Limpieza,Limpieza,infusor de ta con pinza,6916466123310,4097.0,"$4.097,00",20260901
Limpieza,Limpieza,jabnera,7797130003201,2561.0,"$2.561,00",20260901
Limpieza,Limpieza,jarra bistrot 0.25 litros,8004360016789,7590.0,"$7.590,00",20260901
Limpieza,Limpieza,jarra bistrot 1 litro,8004360012101,10750.0,"$10.750,00",20260901
Limpieza,Limpieza,jarra con tapa x 1580 ml,6933890382649,14293.0,"$14.293,00",20260901
Limpieza,Limpieza,jarra genova,7702147256762,12552.48,"$12.552,48",20260901
Limpieza,Limpieza,jarra labrada 2.8 litros,7792281162913,52064.61,"$52.064,61",20260901
Limpieza,Limpieza,jarra labrada x 2 litros,7792281164085,38606.74,"$38.606,74",20260901
Limpieza,Limpieza,jarra medidora x 1 litro,7792579003041,5028.0,"$5.028,00",20260901
Limpieza,Limpieza,jarra plastica,7795589007009,7515.0,"$7.515,00",20260901
Limpieza,Limpieza,jarra plastica blanca x 1.5 litros,7792281018753,20667.0,"$20.667,00",20260901
Limpieza,Limpieza,jarra plastica negra x 1.5 litros carol,7792281018746,20667.0,"$20.667,00",20260901
Limpieza,Limpieza,jarra plastica translucida x 1.5 litros carol,7792281200455,20667.0,"$20.667,00",20260901
Limpieza,Limpieza,jarra venecia,7702147235347,11096.0,"$11.096,00",20260901
Limpieza,Limpieza,jarro aluminio el siglo numero 10,7798120230140,5037.0,"$5.037,00",20260901
Limpieza,Limpieza,jarro ceramica biona mug 330 cc.,7891361069538,4650.0,"$4.650,00",20260901
Limpieza,Limpieza,jarro chopp,2700004161278,9645.0,"$9.645,00",20260901
Limpieza,Limpieza,jarro de aluminio el siglo numero 12,7798120230164,6585.0,"$6.585,00",20260901
Limpieza,Limpieza,jarro frases positivas,7792824905700,5190.0,"$5.190,00",20260901
Limpieza,Limpieza,jarro guinda,7798118414194,3075.0,"$3.075,00",20260901
Limpieza,Limpieza,jarro hervidor multiflon 10 cm linea gourmet,7896398321239,16149.0,"$16.149,00",20260901
Limpieza,Limpieza,jarro hervidor multiflon 12 cm linea gourmet,7896398320188,19569.0,"$19.569,00",20260901
Limpieza,Limpieza,jarro hervidor multiflon 14 cm linea gourmet,7896398320096,22617.0,"$22.617,00",20260901
Limpieza,Limpieza,jarro hervidor multiflon 14 cm linea terracota,7896398338138,21502.85,"$21.502,85",20260901
Limpieza,Limpieza,jarro london,7702147218395,4133.0,"$4.133,00",20260901
Limpieza,Limpieza,jarro luxor lima,7798118414187,3074.59,"$3.074,59",20260901
Limpieza,Limpieza,jarro mug,7891361080267,4650.0,"$4.650,00",20260901
Limpieza,Limpieza,jarro mug,7790691021783,4384.0,"$4.384,00",20260901
Limpieza,Limpieza,jarro mug 360,7891361000562,4650.0,"$4.650,00",20260901
Limpieza,Limpieza,jarro mug amarillo,7891361987504,9368.0,"$9.368,00",20260901
Limpieza,Limpieza,jarro mug amarillo x 360 cc,7891361987474,4650.0,"$4.650,00",20260901
Limpieza,Limpieza,jarro mug combinado,7891361267071,6623.0,"$6.623,00",20260901
Limpieza,Limpieza,jarro mug deco melamina,4172307381840,3606.0,"$3.606,00",20260901
Limpieza,Limpieza,jarro mug mama,7798094910666,5990.0,"$5.990,00",20260901
Limpieza,Limpieza,jarro mug porcion de 200 ml,7798111201142,7071.0,"$7.071,00",20260901
Limpieza,Limpieza,jarro mug vidrio 740,7891361875788,9368.0,"$9.368,00",20260901
Limpieza,Limpieza,jarro mugg 360,7891361031948,4650.0,"$4.650,00",20260901
Limpieza,Limpieza,jarro mugg transparente,7702147201199,4133.0,"$4.133,00",20260901
Limpieza,Limpieza,jarro mugg x 360 ml verde,7891361987375,4650.0,"$4.650,00",20260901
Limpieza,Limpieza,jarro plastico sorbito,7795128002823,1835.37,"$1.835,37",20260901
Limpieza,Limpieza,jarro quartier blanco,7891361501182,6068.0,"$6.068,00",20260901
Limpieza,Limpieza,jarro quartier negro,7891361554799,6068.0,"$6.068,00",20260901
Limpieza,Limpieza,jarro termico,7794297010400,6232.0,"$6.232,00",20260901
Limpieza,Limpieza,jean clasico  talles 38 al 52,2700004165306,33299.2,"$33.299,20",20260901
Limpieza,Limpieza,juego de cama 1 12 plaza,7796314000067,18333.0,"$18.333,00",20260901
Limpieza,Limpieza,juego de cubiertos 25 piezas blanco,7898132134389,19690.0,"$19.690,00",20260901
Limpieza,Limpieza,juego de sabanas 2 12 plaza,7798374170667,28438.03,"$28.438,03",20260901
Limpieza,Limpieza,juego de sabanas 2 12 plazas cotton,7798374171220,41395.01,"$41.395,01",20260901
Limpieza,Limpieza,juego de sabanas 2 y  12 plazas,7798146904759,23974.34,"$23.974,34",20260901
Limpieza,Limpieza,juego de sabanas basic 1 plaza y 12,7798374170636,24986.5,"$24.986,50",20260901
Limpieza,Limpieza,juego de sabanas cotton king,7798374171244,68181.38,"$68.181,38",20260901
Limpieza,Limpieza,juego de sabanas cotton queen,7798374171237,61269.86,"$61.269,86",20260901
Limpieza,Limpieza,juego de sabanas est. queen,7798374171114,37945.6,"$37.945,60",20260901
Limpieza,Limpieza,juego de toalla y toallon palette,7794170051674,20066.0,"$20.066,00",20260901
Limpieza,Limpieza,juego de toalla y toallon palette,7794170016390,20066.0,"$20.066,00",20260901
Limpieza,Limpieza,juego hoteche de 15 tarugos y 15 tornillos,6934097745459,6227.0,"$6.227,00",20260901
Limpieza,Limpieza,juego hoteche de 60 tarugos y tornillos,6934097745442,5978.0,"$5.978,00",20260901
Limpieza,Limpieza,juego punta y bocallaves hoteche,6934097703305,30863.0,"$30.863,00",20260901
Limpieza,Limpieza,juego toalla y toallon arco iris,7794170051094,29326.0,"$29.326,00",20260901
Limpieza,Limpieza,juego toalla y toallon palette,7794170057188,20066.0,"$20.066,00",20260901
Limpieza,Limpieza,juego toalla y toallon palette,7794170052244,20066.0,"$20.066,00",20260901
Limpieza,Limpieza,jumbo mug azul,7891361874910,9368.0,"$9.368,00",20260901
Limpieza,Limpieza,jumbo mug negro,7891361320592,9368.0,"$9.368,00",20260901
Limpieza,Limpieza,jumbo mugg turquesa,7891361080304,9368.0,"$9.368,00",20260901
Limpieza,Limpieza,kit vasos seleccion,7798149301517,33503.76,"$33.503,76",20260901
Limpieza,Limpieza,lampara antimosquitos,6934097750101,67335.0,"$67.335,00",20260901
Limpieza,Limpieza,lata de yerba manzana verde,7792281710176,18268.84,"$18.268,84",20260901
Limpieza,Limpieza,lata para fideos color verde,7792281711432,19916.82,"$19.916,82",20260901
Limpieza,Limpieza,legumbrera,7798039415157,6290.0,"$6.290,00",20260901
Limpieza,Limpieza,limpiamamaderas,7798005433079,4222.0,"$4.222,00",20260901
Limpieza,Limpieza,linterna hoteche,6934097720593,15082.0,"$15.082,00",20260901
Limpieza,Limpieza,linterna recargable bicicleta,6934097735627,50752.0,"$50.752,00",20260901
Limpieza,Limpieza,linterna vincha hoteche,6934097723198,31388.0,"$31.388,00",20260901
Limpieza,Limpieza,llave ajustable 6 weilen,790757856882,14114.0,"$14.114,00",20260901
Limpieza,Limpieza,llave ajustable 8,790757856899,19322.0,"$19.322,00",20260901
Limpieza,Limpieza,llave ajustable plavatorio,6934097733500,27257.0,"$27.257,00",20260901
Limpieza,Limpieza,llave allen 9 piezas,6934097702278,14024.0,"$14.024,00",20260901
Limpieza,Limpieza,llave cruz 14 hoteche,6934097705958,30162.0,"$30.162,00",20260901
Limpieza,Limpieza,llaves allen hoteche juego 10 piezas,6934097706160,9238.0,"$9.238,00",20260901
Limpieza,Limpieza,llaves combinadas 8 piezas hoteche,6934097713045,48990.0,"$48.990,00",20260901
Limpieza,Limpieza,lonchera termica infantil,6935579174415,6445.7,"$6.445,70",20260901
Limpieza,Limpieza,manga repostera para decorar,7794297040216,4053.0,"$4.053,00",20260901
Limpieza,Limpieza,mantel rectangular 140 x 180,7797130000729,6797.0,"$6.797,00",20260901
Limpieza,Limpieza,mantel rectangular 140 x 220,7797130000736,8561.52,"$8.561,52",20260901
Limpieza,Limpieza,mantquera acrilico,7794297012398,5420.0,"$5.420,00",20260901
Limpieza,Limpieza,martillo galponero hoteche,6934097726748,21930.0,"$21.930,00",20260901
Limpieza,Limpieza,mate ecocuero,7798170120293,9899.0,"$9.899,00",20260901
Limpieza,Limpieza,mate plastico con saca yerba,7792579019226,3762.0,"$3.762,00",20260901
Limpieza,Limpieza,mate termico acero,4910238745054,13474.0,"$13.474,00",20260901
Limpieza,Limpieza,media polera bg 560,2700004167621,10760.43,"$10.760,43",20260901
Limpieza,Limpieza,medias fantasia,7797914000891,2250.0,"$2.250,00",20260901
Limpieza,Limpieza,medias rombos,7797914001140,2250.0,"$2.250,00",20260901
Limpieza,Limpieza,mixing bowl 0.5 x 14 cm,5010762103333,8338.0,"$8.338,00",20260901
Limpieza,Limpieza,mixing bowl 3 litros,3426470012331,15792.0,"$15.792,00",20260901
Limpieza,Limpieza,mixing bowl x 1 litro 16 cm,5010762103340,10092.0,"$10.092,00",20260901
Limpieza,Limpieza,mochila porta herramientas,6934097733913,92523.0,"$92.523,00",20260901
Limpieza,Limpieza,molde de silicona airfryer,6920250114019,7543.0,"$7.543,00",20260901
Limpieza,Limpieza,molde de silicona redondo con manija,6589579176155,12343.0,"$12.343,00",20260901
Limpieza,Limpieza,molde desmontable granit,7792281017619,21389.59,"$21.389,59",20260901
Limpieza,Limpieza,molde muffin x 12 granito carol,7792281200288,18569.51,"$18.569,51",20260901
Limpieza,Limpieza,molde muffins x 6,7834668321985,5892.0,"$5.892,00",20260901
Limpieza,Limpieza,molde papel cuadrado  airfryer x 40,6967969168780,5486.0,"$5.486,00",20260901
Limpieza,Limpieza,molde papel rectangular airfryer x 40,6967969168797,7543.0,"$7.543,00",20260901
Limpieza,Limpieza,molde papel redondo airfryer x 40,6967969168773,5074.0,"$5.074,00",20260901
Limpieza,Limpieza,molde para budin carol granito,7792281017510,11249.65,"$11.249,65",20260901
Limpieza,Limpieza,molde para hamburguesas,7795589002400,3601.0,"$3.601,00",20260901
Limpieza,Limpieza,molde para ravioles x 24 unidades,5110247,14373.0,"$14.373,00",20260901
Limpieza,Limpieza,molde para sorrentinos,4513636,5637.0,"$5.637,00",20260901
Limpieza,Limpieza,molde pastafrola,7790351158033,9209.0,"$9.209,00",20260901
Limpieza,Limpieza,molde pizza granit x unidad carol,7792281017756,12489.7,"$12.489,70",20260901
Limpieza,Limpieza,molde tarta oval x 25 cm,5010762102947,11326.0,"$11.326,00",20260901
Limpieza,Limpieza,molinillo bambu 16 cm blanco,7792281025065,24254.37,"$24.254,37",20260901
Limpieza,Limpieza,molinillo bambu 16 cm negro,7792281353205,24254.37,"$24.254,37",20260901
Limpieza,Limpieza,n6611 plato playo carine granit,883314668674,6046.0,"$6.046,00",20260901
Limpieza,Limpieza,nivel torpedo 9,6934097736563,4563.0,"$4.563,00",20260901
Limpieza,Limpieza,orejeras,2700004136986,10280.0,"$10.280,00",20260901
Limpieza,Limpieza,organizador plastico hoteche,6934097745404,25513.0,"$25.513,00",20260901
Limpieza,Limpieza,p2613 plato postre diwali turquio,883314734133,5523.0,"$5.523,00",20260901
Limpieza,Limpieza,paa?a?o secaplatos,58703060920,6844.0,"$6.844,00",20260901
Limpieza,Limpieza,pack x 3 soquetes,7797914099345,3780.0,"$3.780,00",20260901
Limpieza,Limpieza,pack x 3 soquetes,7797914101611,3750.0,"$3.750,00",20260901
Limpieza,Limpieza,pala jardinera hoteche,6934097725314,15651.0,"$15.651,00",20260901
Limpieza,Limpieza,palangana san remo chica hydrus,7896359002825,9472.0,"$9.472,00",20260901
Limpieza,Limpieza,palazzo 2 bolsillos elastizado 16,2700004138553,21159.43,"$21.159,43",20260901
Limpieza,Limpieza,palita para canelones chef,7798005438586,5438.0,"$5.438,00",20260901
Limpieza,Limpieza,palmeta,7794297010080,936.0,"$936,00",20260901
Limpieza,Limpieza,palo de amasar madera c,9504127,8298.0,"$8.298,00",20260901
Limpieza,Limpieza,palto postre cuadrado blanco roswell,7795513090640,1313.72,"$1.313,72",20260901
Limpieza,Limpieza,panera,6935888150094,5180.0,"$5.180,00",20260901
Limpieza,Limpieza,panquequera induccion 22 cm carol,7792281571227,35618.98,"$35.618,98",20260901
Limpieza,Limpieza,pantalon  rustico chupin color azul talles 6 al 16,2700006103511,17977.0,"$17.977,00",20260901
Limpieza,Limpieza,pantalon babucha con bolsillos 16,2700006010291,25472.42,"$25.472,42",20260901
Limpieza,Limpieza,pantalon chupin talle 18 al 20,2700006103559,20123.0,"$20.123,00",20260901
Limpieza,Limpieza,pantalon chupin talle s al xl,2700006103566,25240.0,"$25.240,00",20260901
Limpieza,Limpieza,pantalon con puao,2700004167683,10760.43,"$10.760,43",20260901
Limpieza,Limpieza,pantalon corderoy lycra 14,7122255,19690.0,"$19.690,00",20260901
Limpieza,Limpieza,pantalon frisa color azul talle 6 al 16,2700006103467,17977.0,"$17.977,00",20260901
Limpieza,Limpieza,pantalon friza con vivos,2700004165030,24622.78,"$24.622,78",20260901
Limpieza,Limpieza,pantalon friza talle 6 al 16,2700006103115,17977.0,"$17.977,00",20260901
Limpieza,Limpieza,pantalon jogger cargo,2700004165214,42465.36,"$42.465,36",20260901
Limpieza,Limpieza,pantalon recto frizado 16,2700006010284,25472.42,"$25.472,42",20260901
Limpieza,Limpieza,pantalon rustico  color azul talle s al xl,2700006103535,25240.0,"$25.240,00",20260901
Limpieza,Limpieza,pantalon wide lee 14,2700004165108,41615.72,"$41.615,72",20260901
Limpieza,Limpieza,paraguas largo automatico,5020263,15507.0,"$15.507,00",20260901
Limpieza,Limpieza,pashmina,2700001231141,14810.0,"$14.810,00",20260901
Limpieza,Limpieza,pela y pica ajo aluminio,6930058930148,6040.0,"$6.040,00",20260901
Limpieza,Limpieza,pelacable ajustable,6934097726373,10956.0,"$10.956,00",20260901
Limpieza,Limpieza,pelacable automatico 7 hoteche,6934097701653,20145.0,"$20.145,00",20260901
Limpieza,Limpieza,pelapapas chef,7798005430993,3322.0,"$3.322,00",20260901
Limpieza,Limpieza,pelapapas loekemeyer,7795587004789,3955.0,"$3.955,00",20260901
Limpieza,Limpieza,percha,7794296008026,5261.0,"$5.261,00",20260901
Limpieza,Limpieza,percha,7794297083596,5509.0,"$5.509,00",20260901
Limpieza,Limpieza,percha,7794297183609,1882.0,"$1.882,00",20260901
Limpieza,Limpieza,percha acrilica,7630484,1568.0,"$1.568,00",20260901
Limpieza,Limpieza,percha de madera x 1 unid.,7796870080015,3404.0,"$3.404,00",20260901
Limpieza,Limpieza,percha grande plegable,7794296008019,3469.23,"$3.469,23",20260901
Limpieza,Limpieza,perchas san remo pack x 6 unidades,7896359033881,6456.9,"$6.456,90",20260901
Limpieza,Limpieza,perchitas plasticas  x 5 unidades,7794296008088,5035.0,"$5.035,00",20260901
Limpieza,Limpieza,pico de loro 10 weilen,790757856790,22082.0,"$22.082,00",20260901
Limpieza,Limpieza,pijama huellitas,2700004166280,45568.6,"$45.568,60",20260901
Limpieza,Limpieza,pijama pandas talle del 4 al 10,2700004166327,32016.6,"$32.016,60",20260901
Limpieza,Limpieza,pila duracell aaa x2u.blister,41333001074,4509.0,"$4.509,00",20260901
Limpieza,Limpieza,pila duracell aaa x4u.blister,41333001098,7801.0,"$7.801,00",20260901
Limpieza,Limpieza,pila energizer aa x 2,39800015464,3956.0,"$3.956,00",20260901
Limpieza,Limpieza,pila energizer aaa x4,39800099099,7699.0,"$7.699,00",20260901
Limpieza,Limpieza,pila energizer gde.x2e95,39800011398,8357.0,"$8.357,00",20260901
Limpieza,Limpieza,pila energizer med. x2e93,39800011367,6314.0,"$6.314,00",20260901
Limpieza,Limpieza,pila eveready aaa x 2,39800052636,1897.0,"$1.897,00",20260901
Limpieza,Limpieza,pilas comunes eveready extra duracion c x 2 unid.,7501037600032,3948.0,"$3.948,00",20260901
Limpieza,Limpieza,pilas duracell aa x 2 unid.,41333001005,4365.0,"$4.365,00",20260901
Limpieza,Limpieza,pilas duracell aa x 4 unidades,41333001029,7823.0,"$7.823,00",20260901
Limpieza,Limpieza,pilas duracell d x 2 unid.,41333000985,10728.0,"$10.728,00",20260901
Limpieza,Limpieza,pilas energizer aa x 4 unidades,39800011329,7699.0,"$7.699,00",20260901
Limpieza,Limpieza,pilas energizer aaa x 2,39800014009,3956.0,"$3.956,00",20260901
Limpieza,Limpieza,pilas eveready aa x 4,7501037600056,3795.0,"$3.795,00",20260901
Limpieza,Limpieza,pilas eveready d x 2 unid.,7501037600018,5284.0,"$5.284,00",20260901
Limpieza,Limpieza,pilas philco aa x 4 unidades,7799111698468,4570.0,"$4.570,00",20260901
Limpieza,Limpieza,pilas philco aaa x 4 unidades,7799111698475,4428.0,"$4.428,00",20260901
Limpieza,Limpieza,pilas rayovac alcalina aaa x4,12800389353,4825.0,"$4.825,00",20260901
Limpieza,Limpieza,pimientero,6985468250041,10127.0,"$10.127,00",20260901
Limpieza,Limpieza,pincel silicona,7791531553327,4099.0,"$4.099,00",20260901
Limpieza,Limpieza,pinza de plastico para ensaladas,7320057,2546.0,"$2.546,00",20260901
Limpieza,Limpieza,pinza media caaa 7,656750793428,11533.0,"$11.533,00",20260901
Limpieza,Limpieza,pinza media cana 6 weilen,656750793411,10671.0,"$10.671,00",20260901
Limpieza,Limpieza,pinza para fideos chef,7798005430559,8387.0,"$8.387,00",20260901
Limpieza,Limpieza,pinza para fideos san remo,7896359013937,3731.24,"$3.731,24",20260901
Limpieza,Limpieza,pinza para hielo chef luxe,7798005438524,5606.0,"$5.606,00",20260901
Limpieza,Limpieza,pinza para pesca hoteche 6,6934097734255,17074.0,"$17.074,00",20260901
Limpieza,Limpieza,pinza presion recta 10,6934097718941,27034.0,"$27.034,00",20260901
Limpieza,Limpieza,pinza sacabocados 9 hoteche,6934097701592,35571.0,"$35.571,00",20260901
Limpieza,Limpieza,pinza universal 6 hoteche,6934097701356,15697.0,"$15.697,00",20260901
Limpieza,Limpieza,pinza universal 7 weilen,656750793398,13944.0,"$13.944,00",20260901
Limpieza,Limpieza,pinza universal 8 weilen,656750793404,14740.0,"$14.740,00",20260901
Limpieza,Limpieza,pisa papa nylon chef,7798005437893,3351.0,"$3.351,00",20260901
Limpieza,Limpieza,pisa papas cristal rock,7798005436094,5783.0,"$5.783,00",20260901
Limpieza,Limpieza,pisa papas fundicion jovifel,7795722025006,7140.0,"$7.140,00",20260901
Limpieza,Limpieza,pistola riego ajustable hoteche,6934097710853,13098.0,"$13.098,00",20260901
Limpieza,Limpieza,pizzera redonda 35 cm blanca yes,7792579017802,9907.0,"$9.907,00",20260901
Limpieza,Limpieza,plato diwali blue,883314734102,6223.61,"$6.223,61",20260901
Limpieza,Limpieza,plato fenix,7798118410134,1058.0,"$1.058,00",20260901
Limpieza,Limpieza,plato firenze,7798118413456,2872.0,"$2.872,00",20260901
Limpieza,Limpieza,plato gourmet,7791822623005,2865.0,"$2.865,00",20260901
Limpieza,Limpieza,plato harena,883314513844,5836.0,"$5.836,00",20260901
Limpieza,Limpieza,plato hondo,7791822673215,2751.0,"$2.751,00",20260901
Limpieza,Limpieza,plato hondo aquamar,7791822625016,1710.0,"$1.710,00",20260901
Limpieza,Limpieza,plato hondo baunilha,7891361442812,9625.48,"$9.625,48",20260901
Limpieza,Limpieza,plato hondo carine blanco,26102895146,4433.0,"$4.433,00",20260901
Limpieza,Limpieza,plato hondo carine granit luminare,883314668643,6046.0,"$6.046,00",20260901
Limpieza,Limpieza,plato hondo classique,5423241020043,3311.0,"$3.311,00",20260901
Limpieza,Limpieza,plato hondo diwali blue,883314727531,6223.61,"$6.223,61",20260901
Limpieza,Limpieza,plato hondo diwali turquesa,883314727517,6224.0,"$6.224,00",20260901
Limpieza,Limpieza,plato hondo galaxia rigolleau,7791822676414,1767.0,"$1.767,00",20260901
Limpieza,Limpieza,plato hondo gray,7891361379972,9090.63,"$9.090,63",20260901
Limpieza,Limpieza,plato hondo puzzling,7891361222797,6395.0,"$6.395,00",20260901
Limpieza,Limpieza,plato hondo verde manzana,7891361965038,6142.0,"$6.142,00",20260901
Limpieza,Limpieza,plato infantil,7790691016222,6263.0,"$6.263,00",20260901
Limpieza,Limpieza,plato melamina 21 cm infantil,422150640149,8360.0,"$8.360,00",20260901
Limpieza,Limpieza,plato playo acquamarine flint,7791822625009,1688.0,"$1.688,00",20260901
Limpieza,Limpieza,plato playo blanco,7891361406517,6681.0,"$6.681,00",20260901
Limpieza,Limpieza,plato playo carine blanco,26102895139,4433.0,"$4.433,00",20260901
Limpieza,Limpieza,plato playo decorado amarillo,7891361964963,6681.0,"$6.681,00",20260901
Limpieza,Limpieza,plato playo galaxia rigolleau,7791822676407,1640.0,"$1.640,00",20260901
Limpieza,Limpieza,plato playo gray,7891361379989,11046.71,"$11.046,71",20260901
Limpieza,Limpieza,plato playo melamina infaltin,8002315000005,3657.0,"$3.657,00",20260901
Limpieza,Limpieza,plato playo melamina redondo blanco,4068407310104,2960.0,"$2.960,00",20260901
Limpieza,Limpieza,plato playo peppa pig,7798343355378,5876.0,"$5.876,00",20260901
Limpieza,Limpieza,plato playo tilcara flint,7791822673208,2749.0,"$2.749,00",20260901
Limpieza,Limpieza,plato playo verde manzana 24 cm biona donna,7891361965014,6681.0,"$6.681,00",20260901
Limpieza,Limpieza,plato postre,4068407130085,2536.0,"$2.536,00",20260901
Limpieza,Limpieza,plato postre,26102895122,4167.0,"$4.167,00",20260901
Limpieza,Limpieza,plato postre carreta,7891361001507,5663.0,"$5.663,00",20260901
Limpieza,Limpieza,plato postre classique,5423241020036,2215.0,"$2.215,00",20260901
Limpieza,Limpieza,plato postre puzziling,7891361222940,5320.0,"$5.320,00",20260901
Limpieza,Limpieza,plato postre terrazzo,7891361223008,5320.0,"$5.320,00",20260901
Limpieza,Limpieza,plato puzzling,7891361222681,7424.0,"$7.424,00",20260901
Limpieza,Limpieza,platp,7791822623012,2600.0,"$2.600,00",20260901
Limpieza,Limpieza,plumero,7790918202605,6356.0,"$6.356,00",20260901
Limpieza,Limpieza,porta papel delfin,3790001085379,9995.37,"$9.995,37",20260901
Limpieza,Limpieza,porta papel higienico metal,6897579167340,17764.0,"$17.764,00",20260901
Limpieza,Limpieza,porta sachet plast,7795128004162,2615.0,"$2.615,00",20260901
Limpieza,Limpieza,portarollo,1013399,8889.0,"$8.889,00",20260901
Limpieza,Limpieza,portarollos de mesa cromado,6916466113656,3844.76,"$3.844,76",20260901
Limpieza,Limpieza,portarrollo ratan,742779502582,25967.0,"$25.967,00",20260901
Limpieza,Limpieza,postre diwali,883314734126,5523.0,"$5.523,00",20260901
Limpieza,Limpieza,protector decortina nueva casa,7798142945060,7656.0,"$7.656,00",20260901
Limpieza,Limpieza,protector plastico para cortina de bano eliplast m,7797130000071,6500.0,"$6.500,00",20260901
Limpieza,Limpieza,pullover colegial talle 14 al 18,2700001309123,38888.05,"$38.888,05",20260901
Limpieza,Limpieza,pullover talle 6 al 8,2700001309109,30633.48,"$30.633,48",20260901
Limpieza,Limpieza,pulverizador 2 lts,6934097721095,12058.0,"$12.058,00",20260901
Limpieza,Limpieza,rallador chico cilindro,7798005438395,2824.0,"$2.824,00",20260901
Limpieza,Limpieza,rallador cilindro,7798005438401,3131.0,"$3.131,00",20260901
Limpieza,Limpieza,rallador hudson 4 caras,7798319210892,11552.14,"$11.552,14",20260901
Limpieza,Limpieza,rallador manzana,7792610006307,1674.0,"$1.674,00",20260901
Limpieza,Limpieza,rallador seis caras  20 cm,7792829901257,9967.7,"$9.967,70",20260901
Limpieza,Limpieza,rastrillo jardinero hoteche,6934097734200,15082.0,"$15.082,00",20260901
Limpieza,Limpieza,regador platico 3 picos,6934097736150,13578.0,"$13.578,00",20260901
Limpieza,Limpieza,remachadora 10,6934097701714,16866.0,"$16.866,00",20260901
Limpieza,Limpieza,remera batman talle 2 al 14,2700004166525,22606.43,"$22.606,43",20260901
Limpieza,Limpieza,remera con estampa 15,7797844040011,9889.73,"$9.889,73",20260901
Limpieza,Limpieza,remera contratono talles 4 al 14,2700004141881,13577.38,"$13.577,38",20260901
Limpieza,Limpieza,remera doble estampa talle 4 al 14,2700004141898,14427.02,"$14.427,02",20260901
Limpieza,Limpieza,remera manga larga talle s al xl,2700000411100,25733.07,"$25.733,07",20260901
Limpieza,Limpieza,remera manga larga talle s al xl,2700004111099,25733.07,"$25.733,07",20260901
Limpieza,Limpieza,remera spiderman talle  2 al 14,2700004166594,22606.43,"$22.606,43",20260901
Limpieza,Limpieza,remera stitch glitter,2700004166532,24663.43,"$24.663,43",20260901
Limpieza,Limpieza,remera termica sxxl,2700004165290,20374.55,"$20.374,55",20260901
Limpieza,Limpieza,repasador,2700001617969,2095.0,"$2.095,00",20260901
Limpieza,Limpieza,repasador,7798125290514,2883.0,"$2.883,00",20260901
Limpieza,Limpieza,repasador cuadrito,7798125290026,3432.0,"$3.432,00",20260901
Limpieza,Limpieza,repasador dohler,7798444910438,4202.63,"$4.202,63",20260901
Limpieza,Limpieza,repasador dumoy,2700004263910,2095.24,"$2.095,24",20260901
Limpieza,Limpieza,repasador gourmet,2700006104297,4190.0,"$4.190,00",20260901
Limpieza,Limpieza,repasador toalla,7798125290163,2905.0,"$2.905,00",20260901
Limpieza,Limpieza,reposera carioca aluminio,7798093290165,64687.0,"$64.687,00",20260901
Limpieza,Limpieza,repuesto compacto tango x 1 litro,7793015000099,11609.0,"$11.609,00",20260901
Limpieza,Limpieza,"repuesto termo 0,65 lt.",7793015001058,9182.0,"$9.182,00",20260901
Limpieza,Limpieza,repuesto termo 1 lt.,7793015001041,9876.0,"$9.876,00",20260901
Limpieza,Limpieza,rocky fantasia,5010899,3790.0,"$3.790,00",20260901
Limpieza,Limpieza,rompenueces chef,7798005437077,7175.0,"$7.175,00",20260901
Limpieza,Limpieza,sabana ajustable 1 12 plaza,7796314000517,7253.0,"$7.253,00",20260901
Limpieza,Limpieza,sabanas newells,7798368423021,32588.33,"$32.588,33",20260901
Limpieza,Limpieza,sabanas rosario central,7798368423038,32588.33,"$32.588,33",20260901
Limpieza,Limpieza,sabanas soft spiderman 1 plaza y 12,7796384060831,52719.64,"$52.719,64",20260901
Limpieza,Limpieza,sabanas soft stitch 1 plaza 12,7796384060206,52719.64,"$52.719,64",20260901
Limpieza,Limpieza,sacachorchos doble impuslo chef,7798005437275,7598.0,"$7.598,00",20260901
Limpieza,Limpieza,sacacorcho cabo madera chef,7798005437251,3696.0,"$3.696,00",20260901
Limpieza,Limpieza,sacacorcho loekemeyer,7798005437343,7998.0,"$7.998,00",20260901
Limpieza,Limpieza,sacacorcho loekemeyer mango ergonomico,7795587000576,2850.0,"$2.850,00",20260901
Limpieza,Limpieza,sacacorcho mengo plastico,7795587005816,3342.0,"$3.342,00",20260901
Limpieza,Limpieza,sacacorchos combinado chef,7798005437312,8196.0,"$8.196,00",20260901
Limpieza,Limpieza,sacacorchos doble aleta chef,7798005437237,16066.0,"$16.066,00",20260901
Limpieza,Limpieza,sacacorchos tipo mozo chef,7798005437305,6903.0,"$6.903,00",20260901
Limpieza,Limpieza,sacafuentes con mango de madera chef,7798005437084,9060.0,"$9.060,00",20260901
Limpieza,Limpieza,salero y pimentero vidrio modelos varios,7798115703048,2514.0,"$2.514,00",20260901
Limpieza,Limpieza,sarten 24 cm terracota,7896398338053,18176.0,"$18.176,00",20260901
Limpieza,Limpieza,sarten 26 cm terracota,7896398338060,19989.0,"$19.989,00",20260901
Limpieza,Limpieza,sarten ceramica de 26 cm,7798319211387,24850.0,"$24.850,00",20260901
Limpieza,Limpieza,sarten francesa 26 cm,7896398320102,20261.0,"$20.261,00",20260901
Limpieza,Limpieza,sarten francesa de 20 cm,7896398320133,14683.0,"$14.683,00",20260901
Limpieza,Limpieza,sarten francesa multiflon 22 cm linea gourmet,7896398320126,18000.43,"$18.000,43",20260901
Limpieza,Limpieza,sarten francesa multiflon 28 cm linea gourmet,7896398322236,26855.0,"$26.855,00",20260901
Limpieza,Limpieza,sarten francesa x 24 cm,7896398320119,18417.0,"$18.417,00",20260901
Limpieza,Limpieza,sarten multiflon 18 cm linea gourmet,7896398320140,13940.0,"$13.940,00",20260901
Limpieza,Limpieza,sarten multiflon 20 cm linea terracota,7896398338039,14841.0,"$14.841,00",20260901
Limpieza,Limpieza,sarten multiflon 22 cm linea terracota,7896398338046,16969.14,"$16.969,14",20260901
Limpieza,Limpieza,sarten multiflon 30 cm linea gourmet,7896398333300,28223.0,"$28.223,00",20260901
Limpieza,Limpieza,savarin 23 x 9 cm sil verde,7792281025225,10253.0,"$10.253,00",20260901
Limpieza,Limpieza,savarin carol antiadherente bajo x 24 cm granito negro,7792281017688,16589.18,"$16.589,18",20260901
Limpieza,Limpieza,savarin carol relieve x 23 cm granito negro,7792281017671,15949.43,"$15.949,43",20260901
Limpieza,Limpieza,secaplatos,7793762006023,9513.0,"$9.513,00",20260901
Limpieza,Limpieza,ser baao x 4 redondo,7792824117066,22990.38,"$22.990,38",20260901
Limpieza,Limpieza,serrucho de poda,6934097727790,33823.0,"$33.823,00",20260901
Limpieza,Limpieza,servilletero,7795722043024,2374.0,"$2.374,00",20260901
Limpieza,Limpieza,set 7 piezas sushi,7798111202088,31263.93,"$31.263,93",20260901
Limpieza,Limpieza,set de 2 fuentes redondas,8682911647080,29019.39,"$29.019,39",20260901
Limpieza,Limpieza,set de baao blanco x 4,742779501929,28967.0,"$28.967,00",20260901
Limpieza,Limpieza,set de condimentos x 4 crystal rock,6916466110235,11245.82,"$11.245,82",20260901
Limpieza,Limpieza,set jardineria 3 piezas hoteche,6934097721330,25383.0,"$25.383,00",20260901
Limpieza,Limpieza,set paaos cocina x 4 unidades,7782511643404,6664.68,"$6.664,68",20260901
Limpieza,Limpieza,set x 3 canastas cuadradas,7792281903035,33461.32,"$33.461,32",20260901
Limpieza,Limpieza,set x 3 canastas redondas,7792281901031,29951.8,"$29.951,80",20260901
Limpieza,Limpieza,sillon emperador aluminio colores varios,7798093290141,75468.0,"$75.468,00",20260901
Limpieza,Limpieza,soquete corto deportivo,7792631105645,6774.95,"$6.774,95",20260901
Limpieza,Limpieza,soquetes pack por 3,7792631150065,14441.77,"$14.441,77",20260901
Limpieza,Limpieza,sorbito tintin,7792579006011,2413.0,"$2.413,00",20260901
Limpieza,Limpieza,sujeta sabanas,8560018,8799.0,"$8.799,00",20260901
Limpieza,Limpieza,super pegamento cyanocrilato,6934097722245,705.0,"$705,00",20260901
Limpieza,Limpieza,tacho de basura con tapa san remo 6.5 litros color blanco,7896359009145,7953.26,"$7.953,26",20260901
Limpieza,Limpieza,tacho de basura con tapa san remo x 6.5 litros color gris,7896359028429,7953.26,"$7.953,26",20260901
Limpieza,Limpieza,tapon,7794296008743,4079.0,"$4.079,00",20260901
Limpieza,Limpieza,tarro de plastico ceplast x 1 kilo,7797797830073,3652.46,"$3.652,46",20260901
Limpieza,Limpieza,tarro de residuos x 8 litros gemplast,7793762096123,4455.0,"$4.455,00",20260901
Limpieza,Limpieza,tarro vaiven x 8 lt. gemplast,7793762006115,6713.0,"$6.713,00",20260901
Limpieza,Limpieza,tartera redonda 24 granit,7792281017657,12689.66,"$12.689,66",20260901
Limpieza,Limpieza,taza grande toy story,7798343353565,4113.0,"$4.113,00",20260901
Limpieza,Limpieza,taza jarro luxor azul,7798118414170,3074.59,"$3.074,59",20260901
Limpieza,Limpieza,taza mango rectangular,7798422752685,9692.64,"$9.692,64",20260901
Limpieza,Limpieza,tazo con plato personajes,7796529822362,6138.0,"$6.138,00",20260901
Limpieza,Limpieza,tazon amanecer x 370 ml,7791822660499,2714.0,"$2.714,00",20260901
Limpieza,Limpieza,tender,7798093290189,45900.0,"$45.900,00",20260901
Limpieza,Limpieza,tender con sogas y caao aluminio,7798093290196,66235.0,"$66.235,00",20260901
Limpieza,Limpieza,tender piso negro,7896741390813,27579.0,"$27.579,00",20260901
Limpieza,Limpieza,tenedores tramontina dynamic x 3 unid.,7891112017207,9625.0,"$9.625,00",20260901
Limpieza,Limpieza,tenedores tramontina new kolor x 3 color rojo,7891112094604,4309.0,"$4.309,00",20260901
Limpieza,Limpieza,tenedores tramontina new kolor x 3 unid.,7891112066472,4305.0,"$4.305,00",20260901
Limpieza,Limpieza,termo acero inoxidable,7794769212523,54875.55,"$54.875,55",20260901
Limpieza,Limpieza,termo alfa,7793015000594,13550.0,"$13.550,00",20260901
Limpieza,Limpieza,termo boca juniors - 1 litro,7793015315124,19927.0,"$19.927,00",20260901
Limpieza,Limpieza,termo creta 0.65 litros,7793015000433,13516.0,"$13.516,00",20260901
Limpieza,Limpieza,termo lumilagro creta 1 litro,7793015000532,15941.0,"$15.941,00",20260901
Limpieza,Limpieza,termo lumilagro sigma 1 lt.,7793015000587,17241.0,"$17.241,00",20260901
Limpieza,Limpieza,termo lumilagro supertermica 1 lt.,7793015102700,10916.0,"$10.916,00",20260901
Limpieza,Limpieza,termo lumilagro tango 1 lt.,7793015002567,19936.0,"$19.936,00",20260901
Limpieza,Limpieza,termo lumilagro terra - 650 cc.,7793015000426,12303.0,"$12.303,00",20260901
Limpieza,Limpieza,termo por 1 litro de river,7793015315155,19926.74,"$19.926,74",20260901
Limpieza,Limpieza,termo rosario central,7793015315247,19927.0,"$19.927,00",20260901
Limpieza,Limpieza,termo tatu x 1 litro,7793015100553,15699.0,"$15.699,00",20260901
Limpieza,Limpieza,termo terra x 1 litro,7793015000440,16115.0,"$16.115,00",20260901
Limpieza,Limpieza,tester digital hoteche,6934097706344,3562.0,"$3.562,00",20260901
Limpieza,Limpieza,tester hoteche x 190 mm,6934097719627,3784.0,"$3.784,00",20260901
Limpieza,Limpieza,tijera de poda reforzada,6934097723846,28937.0,"$28.937,00",20260901
Limpieza,Limpieza,tijera para pvc 42 mm,6934097702360,21480.0,"$21.480,00",20260901
Limpieza,Limpieza,tijera poda 7 hoteche,6934097727950,18497.0,"$18.497,00",20260901
Limpieza,Limpieza,toalla arcoiris detro blanco 0001,7798180145750,7530.0,"$7.530,00",20260901
Limpieza,Limpieza,toalla fantasia rufa color blanco,7794170034455,3885.32,"$3.885,32",20260901
Limpieza,Limpieza,toalla visita fantasia clip blanco 0001,7794170029680,2934.0,"$2.934,00",20260901
Limpieza,Limpieza,toallon arco iris,7794170056068,19880.0,"$19.880,00",20260901
Limpieza,Limpieza,toallon arco iris,7794170039900,19880.0,"$19.880,00",20260901
Limpieza,Limpieza,toallon arco iris belly,7794170036367,19880.0,"$19.880,00",20260901
Limpieza,Limpieza,toallon arco iris detroit,7794170056204,19880.0,"$19.880,00",20260901
Limpieza,Limpieza,toallon arco iris nautical,7794170052947,19880.0,"$19.880,00",20260901
Limpieza,Limpieza,toallon arcoiris colores varios x unidad,7794170056051,19880.0,"$19.880,00",20260901
Limpieza,Limpieza,toallon bouquet 262,2700001441571,15725.0,"$15.725,00",20260901
Limpieza,Limpieza,toallon karsten yuna colores varios x unidad,7890254271362,35999.56,"$35.999,56",20260901
Limpieza,Limpieza,toallon liso arco iris,7798180145835,19880.0,"$19.880,00",20260901
Limpieza,Limpieza,toallon newells,7798432810788,20484.0,"$20.484,00",20260901
Limpieza,Limpieza,toallon palet serena,7794170055351,19880.0,"$19.880,00",20260901
Limpieza,Limpieza,toallon palette,7794170016932,19880.0,"$19.880,00",20260901
Limpieza,Limpieza,toallon prata,7794170055054,11535.17,"$11.535,17",20260901
Limpieza,Limpieza,toallon rosario central,7798432810771,20484.0,"$20.484,00",20260901
Limpieza,Limpieza,toallon rostro bouquet 246,2700001441564,6904.0,"$6.904,00",20260901
Limpieza,Limpieza,toallon secado rapido,677144147979,20755.0,"$20.755,00",20260901
Limpieza,Limpieza,topetina,7794296008965,2732.0,"$2.732,00",20260901
Limpieza,Limpieza,topetina,7794296008972,2732.0,"$2.732,00",20260901
Limpieza,Limpieza,tornillo hoteche trompeta punta agua,6934097734002,7968.0,"$7.968,00",20260901
Limpieza,Limpieza,tortera,7790351400040,20314.0,"$20.314,00",20260901
Limpieza,Limpieza,tortera cuadrada,7790351153014,17503.0,"$17.503,00",20260901
Limpieza,Limpieza,tortera de silicona carol 24 x 5.5 cm gris,7792281203241,9063.91,"$9.063,91",20260901
Limpieza,Limpieza,tortera de silicona carol 24 x 5.5 cm verde,7792281025157,9063.91,"$9.063,91",20260901
Limpieza,Limpieza,tortera ondeada lecuisine x 25 c,7797046002381,12104.17,"$12.104,17",20260901
Limpieza,Limpieza,tortera savarin,7790351163044,30304.0,"$30.304,00",20260901
Limpieza,Limpieza,tostador,7798005438739,14021.0,"$14.021,00",20260901
Limpieza,Limpieza,tostador chapa,7798005438722,8121.0,"$8.121,00",20260901
Limpieza,Limpieza,traba u hoteche,6934097732619,29978.0,"$29.978,00",20260901
Limpieza,Limpieza,triset kamacolor 1 12 plaza,7892949552893,40629.0,"$40.629,00",20260901
Limpieza,Limpieza,triset kamacolor 2 12 plaza,7892949552879,53254.0,"$53.254,00",20260901
Limpieza,Limpieza,triset kamacolor 2 12 plaza,7892949982041,53254.0,"$53.254,00",20260901
Limpieza,Limpieza,triset kamacolor queen,7892949552886,61289.0,"$61.289,00",20260901
Limpieza,Limpieza,"tupper hermetico con trabas san remo x 1,24 lt.",7896359029112,6602.0,"$6.602,00",20260901
Limpieza,Limpieza,"tupper hermetico con trabas san remo x 1,6 lt.",7896359029099,8325.0,"$8.325,00",20260901
Limpieza,Limpieza,turbsnte baa?a?o,2700001608776,6024.0,"$6.024,00",20260901
Limpieza,Limpieza,tve173 vasos juliana x 6 unid.,7798118411735,5900.0,"$5.900,00",20260901
Limpieza,Limpieza,utensillos x 2 bambu verde,7792281022637,13709.7,"$13.709,70",20260901
Limpieza,Limpieza,vaso allegro alto,7702147202349,2326.0,"$2.326,00",20260901
Limpieza,Limpieza,vaso alto capella,7702147276067,2449.0,"$2.449,00",20260901
Limpieza,Limpieza,vaso alto durax coraline 350 cc.,7798118410172,963.0,"$963,00",20260901
Limpieza,Limpieza,vaso alto durax irupe 350 cc.,7798118410769,963.0,"$963,00",20260901
Limpieza,Limpieza,vaso alto durax renda 400 cc..,7797046004040,3443.0,"$3.443,00",20260901
Limpieza,Limpieza,vaso alto val p5255,883314759068,5837.0,"$5.837,00",20260901
Limpieza,Limpieza,vaso bajo p537,883314760033,5836.62,"$5.836,62",20260901
Limpieza,Limpieza,vaso con asas,7796384092375,19179.0,"$19.179,00",20260901
Limpieza,Limpieza,vaso durax nilda pack x 6 unidades,7798118411155,7240.57,"$7.240,57",20260901
Limpieza,Limpieza,vaso durax pampa,7798118412510,1082.0,"$1.082,00",20260901
Limpieza,Limpieza,vaso facetado,7798118410462,1067.0,"$1.067,00",20260901
Limpieza,Limpieza,vaso infantil,7790691028898,5234.0,"$5.234,00",20260901
Limpieza,Limpieza,vaso itapema,7891240000300,5425.0,"$5.425,00",20260901
Limpieza,Limpieza,vaso juliana,7798118410721,783.0,"$783,00",20260901
Limpieza,Limpieza,vaso lexinton whisky,840325034270,2307.0,"$2.307,00",20260901
Limpieza,Limpieza,vaso london bajo,840325021232,2525.0,"$2.525,00",20260901
Limpieza,Limpieza,vaso london cooler,7702147231585,3213.0,"$3.213,00",20260901
Limpieza,Limpieza,vaso london largo,850038667153,2680.0,"$2.680,00",20260901
Limpieza,Limpieza,vaso luna beverage,8004360046885,5740.0,"$5.740,00",20260901
Limpieza,Limpieza,vaso luna rocks,8004360046847,5390.0,"$5.390,00",20260901
Limpieza,Limpieza,vaso lunita,7798118412152,848.0,"$848,00",20260901
Limpieza,Limpieza,vaso medidor,7792579003027,6323.0,"$6.323,00",20260901
Limpieza,Limpieza,vaso mikonos alto,8403250456726,2525.0,"$2.525,00",20260901
Limpieza,Limpieza,vaso mikonos bajo x 343 cc,840325063980,2525.0,"$2.525,00",20260901
Limpieza,Limpieza,vaso rumba,7790691028904,6263.0,"$6.263,00",20260901
Limpieza,Limpieza,vaso shot,7702147217718,1150.0,"$1.150,00",20260901
Limpieza,Limpieza,vaso shotsoda,7702147202011,1150.0,"$1.150,00",20260901
Limpieza,Limpieza,vaso siena verde,7797046006068,2234.0,"$2.234,00",20260901
Limpieza,Limpieza,vaso soda,7798118411919,1006.0,"$1.006,00",20260901
Limpieza,Limpieza,vaso termico x 1200 ml,7790774371224,35990.0,"$35.990,00",20260901
Limpieza,Limpieza,vaso termico x 300 cc,2700004161025,3127.0,"$3.127,00",20260901
Limpieza,Limpieza,vaso tornado,7798118410745,783.0,"$783,00",20260901
Limpieza,Limpieza,vaso x 6 london bajo,7702147229667,17450.93,"$17.450,93",20260901
Limpieza,Limpieza,vasolo color pack x 3 unidades,3800864009310,14792.49,"$14.792,49",20260901
Limpieza,Limpieza,vasos blackly ball fume set x 6 unidades,7798422750889,36660.91,"$36.660,91",20260901
Limpieza,Limpieza,vasos blacly ball transpareentes set x 6 unidades,7798422750841,34109.11,"$34.109,11",20260901
Limpieza,Limpieza,vasos brasil ouro preto x 6 unid.,7891240000263,5425.0,"$5.425,00",20260901
Limpieza,Limpieza,vasos crystal x 6 unid.,7891240007484,5425.0,"$5.425,00",20260901
Limpieza,Limpieza,vertedor doble yerba + azucar,7797232005943,9905.0,"$9.905,00",20260901
Limpieza,Limpieza,vertedor para sal gruesa,7795128087615,3273.24,"$3.273,24",20260901
Limpieza,Limpieza,yerbera gemplast,7793762004807,1882.0,"$1.882,00",20260901
Limpieza,Limpieza,yerbera y azucarera duo gemplast,7793762004814,3243.0,"$3.243,00",20260901
Perfumeria,Cuidado Personal,aceite de coco entrenuts neutro x 200 gr.,763571722411,5672.0,"$5.672,00",20260901
Perfumeria,Cuidado Personal,alimento a base de jarabe y miel decfa x 250 gr.,7793046027027,1380.0,"$1.380,00",20260901
Perfumeria,Cuidado Personal,alimento defca a base de jarabe de glucosa y miel x 500 gr,7793046027010,2483.0,"$2.483,00",20260901
Perfumeria,Cuidado Personal,amaretti whisper,7798018100043,3008.0,"$3.008,00",20260901
Perfumeria,Cuidado Personal,aritos de miel granix x 130 gr.,7791078022744,1932.0,"$1.932,00",20260901
Perfumeria,Cuidado Personal,aritos frutales granix x130gr.,7790045826965,1816.0,"$1.816,00",20260901
Perfumeria,Cuidado Personal,avena granix x 400 gm extrafina,7790045001522,3396.64,"$3.396,64",20260901
Perfumeria,Cuidado Personal,baloncitos chocolatados granix x 150 gr.,7790045000457,1968.0,"$1.968,00",20260901
Perfumeria,Cuidado Personal,barquillos hhisper x 240 gr.,7798018100081,3653.0,"$3.653,00",20260901
Perfumeria,Cuidado Personal,barra de cereal crowie x 4 unidades dark,7798228641138,3609.0,"$3.609,00",20260901
Perfumeria,Cuidado Personal,barra de cereal crowie x 4 unidades original,7798228641152,2849.0,"$2.849,00",20260901
Perfumeria,Cuidado Personal,barra de cereal flow x 6 unidades almendra mani y miel,7790380020233,6341.0,"$6.341,00",20260901
Perfumeria,Cuidado Personal,barra de cereal grano enterox 26 gm pasion de chocolate,7790040100206,1347.0,"$1.347,00",20260901
Perfumeria,Cuidado Personal,barra de cereal mix x 38 gr pistacho y mana,7790040153196,1479.28,"$1.479,28",20260901
Perfumeria,Cuidado Personal,barra de cereal zafran x 112 gm mani y cacao,7798187760833,5137.79,"$5.137,79",20260901
Perfumeria,Cuidado Personal,barra de cereal zafran x 112 gm nuez y algarroba,7798187760895,5137.79,"$5.137,79",20260901
Perfumeria,Cuidado Personal,barra de cereal zafran x 112 gr almendras y coco,7798187760826,5137.79,"$5.137,79",20260901
Perfumeria,Cuidado Personal,barra de cereal zafran x 112 gr cajaro y semillas de zapallo,7798187760857,5137.79,"$5.137,79",20260901
Perfumeria,Cuidado Personal,barra de cereal zafran x 96 gm manzana y chia,7798187760840,5137.79,"$5.137,79",20260901
Perfumeria,Cuidado Personal,barra de cereal zafran x 96 gr arandanos y almendras,7798187760871,5137.79,"$5.137,79",20260901
Perfumeria,Cuidado Personal,barrita cereal bar crowie x 4 unidades cacao y algarroba,7798228641169,2848.91,"$2.848,91",20260901
Perfumeria,Cuidado Personal,bizcochitos alem x 170 gr clasico,7798264430130,2003.04,"$2.003,04",20260901
Perfumeria,Cuidado Personal,bizcochitos alem x 170 gr lino y chia,7798264430154,2003.04,"$2.003,04",20260901
Perfumeria,Cuidado Personal,bizcochitos alem x 170 gr queso,7798264430147,2003.04,"$2.003,04",20260901
Perfumeria,Cuidado Personal,bizcochitos la cumbre materos clasicos x 170gr.,645554041101,1248.0,"$1.248,00",20260901
Perfumeria,Cuidado Personal,bizcochitos la cumbre x 170 gr. con semillas de ch,645554001082,1481.0,"$1.481,00",20260901
Perfumeria,Cuidado Personal,bizcochos don satur tortitas negra x 200 gm,7795735000342,1556.0,"$1.556,00",20260901
Perfumeria,Cuidado Personal,bizcochos don satur x 170 gm 100 % vegetal,7795735601228,1556.0,"$1.556,00",20260901
Perfumeria,Cuidado Personal,bizcochos don satur x 200 gr dulces,7795735000335,1556.0,"$1.556,00",20260901
Perfumeria,Cuidado Personal,bizcochos don satur x 200 gr queso,7795735000519,2898.0,"$2.898,00",20260901
Perfumeria,Cuidado Personal,bizcochos don satur x 200 gr salados,7795735000328,1556.0,"$1.556,00",20260901
Perfumeria,Cuidado Personal,bizcochos dulces de arroz gallo x 100 gr.,7790070418425,1999.0,"$1.999,00",20260901
Perfumeria,Cuidado Personal,bizcochos granix x 180 gr. con semillas de sesamo,7790045823865,1837.0,"$1.837,00",20260901
Perfumeria,Cuidado Personal,bizcochos granix x180 tradicio,7790045823872,1837.0,"$1.837,00",20260901
Perfumeria,Cuidado Personal,bizcochos la cumbre semillas de sesamo x 170 gr.,645554001105,1481.0,"$1.481,00",20260901
Perfumeria,Cuidado Personal,bizcochos whisper,7791706000045,1096.0,"$1.096,00",20260901
Perfumeria,Cuidado Personal,bocadito granix x180 avena,7791078022690,2406.0,"$2.406,00",20260901
Perfumeria,Cuidado Personal,bocadito granix x180 relfruti,7791078022706,3171.0,"$3.171,00",20260901
Perfumeria,Cuidado Personal,bocadito granix x180 relmani,7790045002123,3171.0,"$3.171,00",20260901
Perfumeria,Cuidado Personal,bocaditos de cereal rellenos granix x 180 gm avellanas,7791078022713,3171.0,"$3.171,00",20260901
Perfumeria,Cuidado Personal,bocaditos de cereales granix x 180 gr salvado,7791078022751,2406.0,"$2.406,00",20260901
Perfumeria,Cuidado Personal,bocaditos de cereales y chocolate granix x 180 gr.,7790045825470,3875.0,"$3.875,00",20260901
Perfumeria,Cuidado Personal,bocaditos de cereales y chocolate granix x 180 grn,7790045825487,3232.0,"$3.232,00",20260901
Perfumeria,Cuidado Personal,bolitas de cereal chocolino x 200 gr.,7790150831106,3299.0,"$3.299,00",20260901
Perfumeria,Cuidado Personal,braunichoc sabe bien! x 35 gr.,7793890261530,1071.0,"$1.071,00",20260901
Perfumeria,Cuidado Personal,brownie chips sabe bien! x 62 gr.,7793890261578,1517.0,"$1.517,00",20260901
Perfumeria,Cuidado Personal,brownie mini sabe bien x 35 gm,7793890261646,1071.0,"$1.071,00",20260901
Perfumeria,Cuidado Personal,cafa en capsulas nescafe dolce gusto x 10u.macaccino canela,7891000421543,11770.35,"$11.770,35",20260901
Perfumeria,Cuidado Personal,cafe cabrales capsulas moka x 8 unidades,7790550019135,10722.0,"$10.722,00",20260901
Perfumeria,Cuidado Personal,cafe cabrales capsulas x 10 unidades nescafe dec,7790550019333,8384.0,"$8.384,00",20260901
Perfumeria,Cuidado Personal,cafe cabrales capsulas x 10 unidades nescafe dimattina,7790550019357,8384.0,"$8.384,00",20260901
Perfumeria,Cuidado Personal,cafe cabrales capsulas x 10 unidades nespreso pass,7790550019371,8384.0,"$8.384,00",20260901
Perfumeria,Cuidado Personal,cafe cabrales en capsulas x 10 unid espresso,7790550019234,7850.0,"$7.850,00",20260901
Perfumeria,Cuidado Personal,cafe cabrales en capsulas x 10 unid lungo,7790550019197,7850.0,"$7.850,00",20260901
Perfumeria,Cuidado Personal,cafe cabrales en capsulas x 8 unid capuccino,7790550000119,10722.0,"$10.722,00",20260901
Perfumeria,Cuidado Personal,cafe cabrales x 250 gm descafeinado,7790550002519,17648.0,"$17.648,00",20260901
Perfumeria,Cuidado Personal,cafe cabrales x 250gm,7790550022456,17637.0,"$17.637,00",20260901
Perfumeria,Cuidado Personal,cafe descafeinado nescafe decaf x 100 gr.,7613035379213,13861.0,"$13.861,00",20260901
Perfumeria,Cuidado Personal,cafe en capsulas cabrales la planta clasico x 8 u.,7790550019098,6482.0,"$6.482,00",20260901
Perfumeria,Cuidado Personal,cafe en capsulas cabrales la planta intenso x 8 u.,7790550019111,6482.0,"$6.482,00",20260901
Perfumeria,Cuidado Personal,cafe en capsulas cabrales la planta suave x 8 uni.,7790550019074,6482.0,"$6.482,00",20260901
Perfumeria,Cuidado Personal,cafe en capsulas cabrales latte x 10 unid.,7790550019159,10722.0,"$10.722,00",20260901
Perfumeria,Cuidado Personal,cafe en capsulas cabrales peru x 10 unid.,7790550019012,10952.0,"$10.952,00",20260901
Perfumeria,Cuidado Personal,cafe en capsulas docle gusto espresso milano x 60 gr,7891000454466,11770.35,"$11.770,35",20260901
Perfumeria,Cuidado Personal,cafe en capsulas la morenita colombia x 10 unid.,7790170903692,6629.0,"$6.629,00",20260901
Perfumeria,Cuidado Personal,cafe en capsulas la morenita honduras x 10 unid.,7790170903609,6629.0,"$6.629,00",20260901
Perfumeria,Cuidado Personal,cafe en capsulas la morenita tipo italiano x 10 u.,7790170903654,6629.0,"$6.629,00",20260901
Perfumeria,Cuidado Personal,cafe en capsulas la virginia cappuccino x 8 unid.,7790150090145,9399.0,"$9.399,00",20260901
Perfumeria,Cuidado Personal,cafe en capsulas la virginia cappuccino y avellana,7790150090190,9399.0,"$9.399,00",20260901
Perfumeria,Cuidado Personal,cafe en capsulas la virginia cappuccino y dce d le,7790150090169,9399.0,"$9.399,00",20260901
Perfumeria,Cuidado Personal,cafe en capsulas la virginia equilibrado x 10 uni.,7790150080825,6309.0,"$6.309,00",20260901
Perfumeria,Cuidado Personal,cafe en capsulas la virginia equilibrado x 20 uni.,7790150080573,11359.0,"$11.359,00",20260901
Perfumeria,Cuidado Personal,cafe en capsulas la virginia extra intenso x 10 un,7790150080900,6309.0,"$6.309,00",20260901
Perfumeria,Cuidado Personal,cafe en capsulas la virginia intenso x 10 unid.,7790150080849,6309.0,"$6.309,00",20260901
Perfumeria,Cuidado Personal,cafe en capsulas la virginia x 8 unidades cortado,7790150090213,8467.35,"$8.467,35",20260901
Perfumeria,Cuidado Personal,cafe en capsulas la virginia x 8 unidades espresso,7790150090251,8467.35,"$8.467,35",20260901
Perfumeria,Cuidado Personal,cafe en capsulas nescafe dolce gusto americano x 1,7891000421048,11770.0,"$11.770,00",20260901
Perfumeria,Cuidado Personal,cafe en capsulas nescafe dolce gusto au lait desc.,7891000421369,11770.0,"$11.770,00",20260901
Perfumeria,Cuidado Personal,cafe en capsulas nescafe dolce gusto au lait x 10,7891000434239,11770.0,"$11.770,00",20260901
Perfumeria,Cuidado Personal,cafe en capsulas nescafe dolce gusto kit kat x 10,7891000405291,11770.0,"$11.770,00",20260901
Perfumeria,Cuidado Personal,cafe en capsulas starbucks blonde espresso roast x,8445290814425,15500.0,"$15.500,00",20260901
Perfumeria,Cuidado Personal,cafe en capsulas starbucks colombia x 12 unid.,7613036961448,15500.0,"$15.500,00",20260901
Perfumeria,Cuidado Personal,cafe en capsulas starbucks dolce gusto capuccino x,8445291061330,12490.0,"$12.490,00",20260901
Perfumeria,Cuidado Personal,cafe en capsulas starbucks hazelnut macchiato x 123 gr,8445292315425,12490.39,"$12.490,39",20260901
Perfumeria,Cuidado Personal,cafe en capsulas starbucks macchiato vainilla x 12,8445291061347,12490.0,"$12.490,00",20260901
Perfumeria,Cuidado Personal,cafe en granos la morenita colombia x 500 gr. tostado,7790170949096,28808.0,"$28.808,00",20260901
Perfumeria,Cuidado Personal,cafe en granos la virginia puro aroma x 500 gm tostado,7790150006429,25217.0,"$25.217,00",20260901
Perfumeria,Cuidado Personal,cafe en granos nescafe gold x 250 gr.,8445291830806,18225.0,"$18.225,00",20260901
Perfumeria,Cuidado Personal,cafe en saquitos cabrales la planta x 18 unid.,7790550010255,5093.0,"$5.093,00",20260901
Perfumeria,Cuidado Personal,cafe en saquitos la morenita intenso x 20 unid.,7790170903937,4509.0,"$4.509,00",20260901
Perfumeria,Cuidado Personal,cafe en saquitos la virginia puro aroma x 20 unid.,7790150080146,7619.0,"$7.619,00",20260901
Perfumeria,Cuidado Personal,cafe en saquitos la virginia x 20 unidades,7790150079904,6058.0,"$6.058,00",20260901
Perfumeria,Cuidado Personal,cafe en saqutios cabrales x 18 unidades,7790550011290,5704.0,"$5.704,00",20260901
Perfumeria,Cuidado Personal,cafe happy day molido x 190 gm,7790550022371,9413.0,"$9.413,00",20260901
Perfumeria,Cuidado Personal,cafe instantaneo arlistan suave x 100 gr.,7790070933645,5449.0,"$5.449,00",20260901
Perfumeria,Cuidado Personal,cafe instantaneo arlistan suave x 170 gr.,7790070933638,8189.0,"$8.189,00",20260901
Perfumeria,Cuidado Personal,cafe instantaneo arlistan suave x 50 gr.,7790070933652,3089.0,"$3.089,00",20260901
Perfumeria,Cuidado Personal,cafe instantaneo cabrales la planta suave x 100 gr,7790550029479,6829.0,"$6.829,00",20260901
Perfumeria,Cuidado Personal,cafe instantaneo clasico doy pack la virginia x 170 gm,7790150100462,6949.0,"$6.949,00",20260901
Perfumeria,Cuidado Personal,cafe instantaneo coffee mate original d.p x 170 gr,8445290490889,4692.0,"$4.692,00",20260901
Perfumeria,Cuidado Personal,cafe instantaneo la morenita intenso x 170 gr.,7790170904507,7139.0,"$7.139,00",20260901
Perfumeria,Cuidado Personal,cafe instantaneo la planta cabrales suave x 170 g.,7790550029455,11610.0,"$11.610,00",20260901
Perfumeria,Cuidado Personal,cafe instantaneo la planta doy pack x 110 gm,7790550029516,5727.0,"$5.727,00",20260901
Perfumeria,Cuidado Personal,cafe instantaneo la virginia clasico x 100 gr.,7790150100783,6420.0,"$6.420,00",20260901
Perfumeria,Cuidado Personal,cafe instantaneo la virginia clasico x 170 gr.,7790150100486,7959.0,"$7.959,00",20260901
Perfumeria,Cuidado Personal,cafe instantaneo la virginia clasico x 50 gr.,7790150100677,3554.0,"$3.554,00",20260901
Perfumeria,Cuidado Personal,cafe instantaneo la virginia cortado x 10 sobres,7790150161401,6751.0,"$6.751,00",20260901
Perfumeria,Cuidado Personal,cafe instantaneo la virginia cortado x 125 gr.,7790150161371,3169.0,"$3.169,00",20260901
Perfumeria,Cuidado Personal,cafe instantaneo la virginia doy pack x 100 gr. cl,7790150100806,5588.0,"$5.588,00",20260901
Perfumeria,Cuidado Personal,cafe instantaneo la virginia doy pack x 100 gr. su,7790150101780,5588.0,"$5.588,00",20260901
Perfumeria,Cuidado Personal,cafe instantaneo la virginia latte x 125 gr.,7790150161326,3169.0,"$3.169,00",20260901
Perfumeria,Cuidado Personal,cafe instantaneo la virginia selec.granu. x 150 gm doy pack,7790150150276,9699.0,"$9.699,00",20260901
Perfumeria,Cuidado Personal,cafe instantaneo la virginia seleccion x 100 gr.,7790150150573,8970.0,"$8.970,00",20260901
Perfumeria,Cuidado Personal,cafe instantaneo la virginia suave doy pack x 170.,7790150101476,6949.0,"$6.949,00",20260901
Perfumeria,Cuidado Personal,cafe instantaneo la virginia suave x 100 gr.,7790150101773,6420.0,"$6.420,00",20260901
Perfumeria,Cuidado Personal,cafe instantaneo la virginia suave x 170 gr.,7790150101490,7959.0,"$7.959,00",20260901
Perfumeria,Cuidado Personal,cafe instantaneo la virginia suave x 36 sobres,7790150101087,6992.0,"$6.992,00",20260901
Perfumeria,Cuidado Personal,cafe instantaneo la virginia x 36 sobres,7790150100172,6992.0,"$6.992,00",20260901
Perfumeria,Cuidado Personal,cafe instantaneo nescafe black roast x 110 gm doy pack,8445290254023,9746.0,"$9.746,00",20260901
Perfumeria,Cuidado Personal,cafe instantaneo nescafe dolca cappuccino x 100 gr,8445291749238,2894.0,"$2.894,00",20260901
Perfumeria,Cuidado Personal,cafe instantaneo nescafe dolca choco mocha x 125 .,8445291749290,3514.0,"$3.514,00",20260901
Perfumeria,Cuidado Personal,cafe instantaneo nescafe dolca choco mocha x 225 g,8445291749313,5368.0,"$5.368,00",20260901
Perfumeria,Cuidado Personal,cafe instantaneo nescafe dolca frasco x 170 gr.,8445291082212,10569.0,"$10.569,00",20260901
Perfumeria,Cuidado Personal,cafe instantaneo nescafe dolca original x 50 gr.,8445291082175,4571.0,"$4.571,00",20260901
Perfumeria,Cuidado Personal,cafe instantaneo nescafe dolca suave frasco x 100,8445291082113,7072.0,"$7.072,00",20260901
Perfumeria,Cuidado Personal,cafe instantaneo nescafe dolca suave x 50 gr.,8445291081895,4571.0,"$4.571,00",20260901
Perfumeria,Cuidado Personal,cafe instantaneo nescafe dolca x 100 gm suave doy pack,8445291311558,5087.0,"$5.087,00",20260901
Perfumeria,Cuidado Personal,cafe instantaneo nescafe dolca x 100 gr.,8445291082199,7072.0,"$7.072,00",20260901
Perfumeria,Cuidado Personal,cafe instantaneo nescafe dolca x 125 gr. caramel,8445291749665,3514.0,"$3.514,00",20260901
Perfumeria,Cuidado Personal,cafe instantaneo nescafe dolca x 30 sobres,8445291857957,5299.0,"$5.299,00",20260901
Perfumeria,Cuidado Personal,cafe instantaneo nescafe espresso x 100 gr.,7613036312752,19024.0,"$19.024,00",20260901
Perfumeria,Cuidado Personal,cafe instantaneo nescafe gold x 100 gm doy pack,8445291055070,15079.0,"$15.079,00",20260901
Perfumeria,Cuidado Personal,cafe instantaneo nescafe gold x 95 gm caramel,8445292304764,17385.0,"$17.385,00",20260901
Perfumeria,Cuidado Personal,cafe instantaneo nescafe gold x 95 gr.,8445291738775,16754.0,"$16.754,00",20260901
Perfumeria,Cuidado Personal,cafe instantaneo nescafe gold x 956 gr vainilla,8445292304368,17385.0,"$17.385,00",20260901
Perfumeria,Cuidado Personal,cafe instantaneo nestle cofee mate x 170 gr. livia,7501059240605,5473.0,"$5.473,00",20260901
Perfumeria,Cuidado Personal,cafe instantaneo nestle cofee mate x 170 gr. origl,7506475119573,5474.0,"$5.474,00",20260901
Perfumeria,Cuidado Personal,cafe instantaneo nestle coffee mate x 170 gr. orig,7506475114141,5474.0,"$5.474,00",20260901
Perfumeria,Cuidado Personal,cafe l.morenita cap.x10 brasil,7790170903678,6629.0,"$6.629,00",20260901
Perfumeria,Cuidado Personal,cafe l.morenita cap.x10 etiop.,7790170903715,6629.0,"$6.629,00",20260901
Perfumeria,Cuidado Personal,cafe la morenita x 100 gm suave frasco,7790170905009,5199.0,"$5.199,00",20260901
Perfumeria,Cuidado Personal,cafe la morenita x 170 gm granulado doy pack,7790170905207,7729.0,"$7.729,00",20260901
Perfumeria,Cuidado Personal,cafe la morenita x 170 gm granulado f,7790170905245,8849.0,"$8.849,00",20260901
Perfumeria,Cuidado Personal,cafe la morenita x 170 gm suave frasco,7790170905108,8179.0,"$8.179,00",20260901
Perfumeria,Cuidado Personal,cafe la morenita x 80 gm liofilizado,7790170905504,8859.0,"$8.859,00",20260901
Perfumeria,Cuidado Personal,cafe la morenita x100g.tor.int,7790170904798,5189.0,"$5.189,00",20260901
Perfumeria,Cuidado Personal,cafe la morenita x170g.tor.int,7790170904668,8159.0,"$8.159,00",20260901
Perfumeria,Cuidado Personal,cafe la planta inst.clx170g.fr,7790550029431,11610.0,"$11.610,00",20260901
Perfumeria,Cuidado Personal,cafe la planta inst.svx160g.dp,7790550029493,10135.0,"$10.135,00",20260901
Perfumeria,Cuidado Personal,cafe la planta inst.x100gr.fra,7790550016837,7733.0,"$7.733,00",20260901
Perfumeria,Cuidado Personal,cafe la planta inst.x160gr.dp,7790550026652,10135.0,"$10.135,00",20260901
Perfumeria,Cuidado Personal,cafe la virginia en capsulas x 10 unid descafeinad,7790150080955,6629.0,"$6.629,00",20260901
Perfumeria,Cuidado Personal,cafe la virginia instantaneo x 50 gm suave especial,7790150101667,3554.0,"$3.554,00",20260901
Perfumeria,Cuidado Personal,cafe la virginia molido tostado mas x 250 gm,7790150007501,8807.0,"$8.807,00",20260901
Perfumeria,Cuidado Personal,cafe lv.espresso cap.x10 sutil,7790150080801,6309.0,"$6.309,00",20260901
Perfumeria,Cuidado Personal,cafe lv.inst.x100gr.kalma equi,7790150110188,8583.0,"$8.583,00",20260901
Perfumeria,Cuidado Personal,cafe lv.inst.x170g.sel.tost.eq,7790150150252,11729.0,"$11.729,00",20260901
Perfumeria,Cuidado Personal,cafe lv.inst.x170gr.kalma equi,7790150110386,14364.0,"$14.364,00",20260901
Perfumeria,Cuidado Personal,cafe molido cabrales colombia x 250 gr.,7790550022418,17637.0,"$17.637,00",20260901
Perfumeria,Cuidado Personal,cafe molido cabrales la planta de cafe x 500 gr.,7790550000164,14154.0,"$14.154,00",20260901
Perfumeria,Cuidado Personal,cafe molido cabrales la planta x 1 kg.,7790550000171,28308.0,"$28.308,00",20260901
Perfumeria,Cuidado Personal,cafe molido la morenita colombia x 250 gr.,7790170949027,11139.0,"$11.139,00",20260901
Perfumeria,Cuidado Personal,cafe molido la morenita colombia x 500 gr. tostado,7790170949072,26677.0,"$26.677,00",20260901
Perfumeria,Cuidado Personal,cafe molido la morenita intenso x 1 kg.,7790170902022,27372.0,"$27.372,00",20260901
Perfumeria,Cuidado Personal,cafe molido la morenita intenso x 125 gr.,7790170901957,3824.0,"$3.824,00",20260901
Perfumeria,Cuidado Personal,cafe molido la morenita intenso x 250 gr.,7790170901971,5479.0,"$5.479,00",20260901
Perfumeria,Cuidado Personal,cafe molido la morenita intenso x 500 gr.,7790170902008,13686.0,"$13.686,00",20260901
Perfumeria,Cuidado Personal,cafe molido la morenita puro tostado  mas x 250 gr.,7790170902503,7299.0,"$7.299,00",20260901
Perfumeria,Cuidado Personal,cafe molido la virginia arabica x 250 gr. tostado,7790150037041,11749.0,"$11.749,00",20260901
Perfumeria,Cuidado Personal,cafe molido la virginia torrado clasico x 1 kg.,7790150006375,23599.0,"$23.599,00",20260901
Perfumeria,Cuidado Personal,cafe molido la virginia torrado clasico x 125 gr.,7790150006306,4106.0,"$4.106,00",20260901
Perfumeria,Cuidado Personal,cafe molido la virginia torrado clasico x 250 gr.,7790150006320,7348.0,"$7.348,00",20260901
Perfumeria,Cuidado Personal,cafe molido la virginia tostado intenso x 250 gr.,7790150037201,13211.0,"$13.211,00",20260901
Perfumeria,Cuidado Personal,cafe molido la virginia tostado sutil x 250 gr.,7790150037140,13211.0,"$13.211,00",20260901
Perfumeria,Cuidado Personal,cafe molido nescafe tostado puro x 190 gr.,8445291583719,11101.0,"$11.101,00",20260901
Perfumeria,Cuidado Personal,cafe molido starbucks colombia x 250 gr.,762111364357,22769.0,"$22.769,00",20260901
Perfumeria,Cuidado Personal,cafe molido starbucks house blend x 250 gr.,762111364364,22769.0,"$22.769,00",20260901
Perfumeria,Cuidado Personal,cafe molido starbucks veranda blend x 250 gr.,8445290624819,22769.0,"$22.769,00",20260901
Perfumeria,Cuidado Personal,cafe molido starbucks verona x 250 gr.,762111364418,22769.0,"$22.769,00",20260901
Perfumeria,Cuidado Personal,cafe molido super cabrales x 500 gr.,7790550022258,28314.0,"$28.314,00",20260901
Perfumeria,Cuidado Personal,cafe molido torrado la virginia x 500 gr.,7790150006351,11799.0,"$11.799,00",20260901
Perfumeria,Cuidado Personal,cafe molido torrado nescafe dolca x 190 gm,8445291586864,8603.0,"$8.603,00",20260901
Perfumeria,Cuidado Personal,cafe molido tostado cabrales x 250 gm prestige,7790550022272,17835.0,"$17.835,00",20260901
Perfumeria,Cuidado Personal,cafe molido tostado morenita blend tipo italiano x 250.,7790170949300,11139.0,"$11.139,00",20260901
Perfumeria,Cuidado Personal,cafe molido tostado morenita brasil x 250 gr.,7790170949201,11139.0,"$11.139,00",20260901
Perfumeria,Cuidado Personal,cafe nescafe dolca suave x 170 gm frasco,8445291082137,10569.0,"$10.569,00",20260901
Perfumeria,Cuidado Personal,cafe nescafe instantaneoespresso original x 100 gm doy pack,8445291311572,17142.0,"$17.142,00",20260901
Perfumeria,Cuidado Personal,cafe seattles best x 170 gm house blend,8445292539425,11656.0,"$11.656,00",20260901
Perfumeria,Cuidado Personal,cafe sensasiones x 18 saquitos bonafide,7792360094968,5734.0,"$5.734,00",20260901
Perfumeria,Cuidado Personal,cafe super cabrales x125gr.tos,7790550022210,7079.0,"$7.079,00",20260901
Perfumeria,Cuidado Personal,cafe super cabrales x250gr.tos,7790550022234,14157.0,"$14.157,00",20260901
Perfumeria,Cuidado Personal,cafe tostado molido cabrales x 250 gm brasil,7790550022470,17637.0,"$17.637,00",20260901
Perfumeria,Cuidado Personal,cafe tostado molido cabrales x 250 gm vita,7790550022333,20834.0,"$20.834,00",20260901
Perfumeria,Cuidado Personal,cafe tostado molido nescafe gold x 250 gm equilibrado medio,8445290114181,18553.0,"$18.553,00",20260901
Perfumeria,Cuidado Personal,cafe tostado molido nescafe gold x 250 gm intenso,8445290114174,18553.0,"$18.553,00",20260901
Perfumeria,Cuidado Personal,cafe tostado molido seattles best x 170 gr portside,8445292539326,11656.0,"$11.656,00",20260901
Perfumeria,Cuidado Personal,cafe tostado molido x 500 gm arabica la virginia,7790150037072,21189.0,"$21.189,00",20260901
Perfumeria,Cuidado Personal,cappuccino l.planta x110g.ligh,7790550026492,3483.0,"$3.483,00",20260901
Perfumeria,Cuidado Personal,cappuccino l.planta x115g.latt,7790550026454,3483.0,"$3.483,00",20260901
Perfumeria,Cuidado Personal,cappuccino l.planta x115g.moka,7790550026478,3483.0,"$3.483,00",20260901
Perfumeria,Cuidado Personal,cappuccino l.planta x115gr.dp.,7790550000065,3483.0,"$3.483,00",20260901
Perfumeria,Cuidado Personal,cappuccino l.planta x125gr.dp.,7790550026430,5278.0,"$5.278,00",20260901
Perfumeria,Cuidado Personal,cappuccino la planta x 100 gm caramelo,7790550026553,3483.0,"$3.483,00",20260901
Perfumeria,Cuidado Personal,cappuccino la virginia espuma de vainilla x 155 g.,7790150161128,3799.0,"$3.799,00",20260901
Perfumeria,Cuidado Personal,cappuccino la virginia mousse chocolate y avellana,7790150161029,3799.0,"$3.799,00",20260901
Perfumeria,Cuidado Personal,cappuccino la virginia mousse de chocolate x 10 so,7790150161081,7344.0,"$7.344,00",20260901
Perfumeria,Cuidado Personal,cappuccino la virginia sabor dulce de leche x 155,7790150161227,3799.0,"$3.799,00",20260901
Perfumeria,Cuidado Personal,cappuccino la virginia tradicional x 10 sobres 12,7790150160657,5779.0,"$5.779,00",20260901
Perfumeria,Cuidado Personal,cappuccino la virginia tradicional x 210 gr.,7790150160787,8570.0,"$8.570,00",20260901
Perfumeria,Cuidado Personal,cappuccino nescafe dolca x 225 gr.,8445291749269,5368.0,"$5.368,00",20260901
Perfumeria,Cuidado Personal,capuccino instantaneo la virginia tradicional x 12,7790150160725,3179.0,"$3.179,00",20260901
Perfumeria,Cuidado Personal,capuccino l.morenita x125gr.dp,7790170907478,3800.0,"$3.800,00",20260901
Perfumeria,Cuidado Personal,capuccino l.virg.10x9gr.light,7790150160961,6129.0,"$6.129,00",20260901
Perfumeria,Cuidado Personal,capuccino l.virg.x100g.ligh.dp,7790150160923,3359.0,"$3.359,00",20260901
Perfumeria,Cuidado Personal,capuccino l.virg.x275g.dp,7790150160824,8450.0,"$8.450,00",20260901
Perfumeria,Cuidado Personal,capuccino la virginia choco mocha x 125 gr.,7790150161500,3799.0,"$3.799,00",20260901
Perfumeria,Cuidado Personal,cer.formis x145gr.choco,7790040142480,2179.0,"$2.179,00",20260901
Perfumeria,Cuidado Personal,cer.formis x145gr.popcorn,7790040142527,1933.0,"$1.933,00",20260901
Perfumeria,Cuidado Personal,cer.formis x245gr.frutal,7790040142510,3117.0,"$3.117,00",20260901
Perfumeria,Cuidado Personal,cer.georgalos flowx6 alm.choc.,7790380020240,6341.0,"$6.341,00",20260901
Perfumeria,Cuidado Personal,cer.georgalos flowx6 frutalme,7790380015024,5362.0,"$5.362,00",20260901
Perfumeria,Cuidado Personal,cereal de maiz la egipciana  inflado y ocnfitado x 100 gm,7790681001931,1763.0,"$1.763,00",20260901
Perfumeria,Cuidado Personal,cereal flynn paff x200gr.caram,7790380019824,3797.0,"$3.797,00",20260901
Perfumeria,Cuidado Personal,cereal formis tortugas sabor chocolate x 245 gr.,7790040142497,3117.0,"$3.117,00",20260901
Perfumeria,Cuidado Personal,cereal frutal trix x 230 gr.,8445290270184,4675.0,"$4.675,00",20260901
Perfumeria,Cuidado Personal,cereal granix fibra total con pasas x 400 gr.,7790045000778,4424.0,"$4.424,00",20260901
Perfumeria,Cuidado Personal,cereal kelloggs choco krispis pops x 185 gr.,7702103799883,3929.0,"$3.929,00",20260901
Perfumeria,Cuidado Personal,cereal kelloggs choco krispis x 265 gr.,7702103503916,5639.0,"$5.639,00",20260901
Perfumeria,Cuidado Personal,cereal kellogs choco krispis x 240 gr.,7793306993604,6284.0,"$6.284,00",20260901
Perfumeria,Cuidado Personal,cereal kellogs froot loops x 195 gr.,7702103751416,3769.0,"$3.769,00",20260901
Perfumeria,Cuidado Personal,cereal kellogs musli x 255 gr. con chocolate,7896004004990,4019.0,"$4.019,00",20260901
Perfumeria,Cuidado Personal,cereal kellogs musli x 255 gr. manzana y pasas dea,7896004005010,4019.0,"$4.019,00",20260901
Perfumeria,Cuidado Personal,cereal l.egip.x100gr.arroz,7790681001948,1763.0,"$1.763,00",20260901
Perfumeria,Cuidado Personal,cereal l.egip.x100gr.trigo,7790681001924,1763.0,"$1.763,00",20260901
Perfumeria,Cuidado Personal,cereal mix granix x160gr.,7790045826989,1912.0,"$1.912,00",20260901
Perfumeria,Cuidado Personal,cereal mix light x26gr.frutill,77965370,1373.0,"$1.373,00",20260901
Perfumeria,Cuidado Personal,cereal mix x 33 gm frutos secos,7790040146686,1479.0,"$1.479,00",20260901
Perfumeria,Cuidado Personal,cereal mix yoghurt y frutilla x 6 unid.,7790040146365,5842.0,"$5.842,00",20260901
Perfumeria,Cuidado Personal,cereal naturitos granix dulce de leche x 90 gr.,7791078023376,1872.0,"$1.872,00",20260901
Perfumeria,Cuidado Personal,cereal naturitos granix frutos rojos x 90 gr.,7790045827399,1872.0,"$1.872,00",20260901
Perfumeria,Cuidado Personal,cereal naturitos granix sabor banana x 90 gr.,7790045827696,1872.0,"$1.872,00",20260901
Perfumeria,Cuidado Personal,cereal nesquik x 210 gm duo,7891000445174,4676.0,"$4.676,00",20260901
Perfumeria,Cuidado Personal,cereal nesquik x 210 gr.,7891000337271,4676.0,"$4.676,00",20260901
Perfumeria,Cuidado Personal,cereal nesquik x400gr.matinal,7891000360552,8078.0,"$8.078,00",20260901
Perfumeria,Cuidado Personal,cereal trix x 330,7613034155030,5714.0,"$5.714,00",20260901
Perfumeria,Cuidado Personal,cereal zucaritas chocolate x 240 gr.,7896004004983,2759.0,"$2.759,00",20260901
Perfumeria,Cuidado Personal,choco biscuit  bauducco x 80 gm con leche,7891962056500,3016.0,"$3.016,00",20260901
Perfumeria,Cuidado Personal,choco biscuit bauducco x 80 gm blanco,7891962079585,3016.0,"$3.016,00",20260901
Perfumeria,Cuidado Personal,choco biscuit bauducco x 80 gr amargo,7891962056678,3016.0,"$3.016,00",20260901
Perfumeria,Cuidado Personal,combo nescafe cappuchinomocha mas vaso reutilizable,8445292323987,10650.0,"$10.650,00",20260901
Perfumeria,Cuidado Personal,combo nescafe dolca x 170 gr. + coffee mate x 170.,8445291904392,16525.0,"$16.525,00",20260901
Perfumeria,Cuidado Personal,cookies bauducco original x 60 gr.,7891962071152,1035.0,"$1.035,00",20260901
Perfumeria,Cuidado Personal,cookies bauducco x60gr.choc.,7891962071169,1035.0,"$1.035,00",20260901
Perfumeria,Cuidado Personal,copos de maiz azucarados skarchitos granix x 240 g,7790045001607,2131.0,"$2.131,00",20260901
Perfumeria,Cuidado Personal,copos de maiz azucarados zucaritas x 240 gr.,7896004004921,3129.0,"$3.129,00",20260901
Perfumeria,Cuidado Personal,copos de maiz granix x160gr.,7790045001584,1510.0,"$1.510,00",20260901
Perfumeria,Cuidado Personal,copos de maiz tradicionales granix x 400 gr.,7790045001591,2998.0,"$2.998,00",20260901
Perfumeria,Cuidado Personal,crema de mani bon o bon x 290 gr.,7790580134327,6582.0,"$6.582,00",20260901
Perfumeria,Cuidado Personal,cubanitos whisper x 200 gr,7798018100050,2780.0,"$2.780,00",20260901
Perfumeria,Cuidado Personal,dce.batata arcor choc.x500gr.,7790580504809,2295.0,"$2.295,00",20260901
Perfumeria,Cuidado Personal,dce.batata arcor choc.xkg.lata,2013190000000,4416.0,"$4.416,00",20260901
Perfumeria,Cuidado Personal,dce.batata arcor vain.xkg.caj,2013210000003,4080.0,"$4.080,00",20260901
Perfumeria,Cuidado Personal,dce.batata l.camp.vainx500gr.e,7793360126970,2779.0,"$2.779,00",20260901
Perfumeria,Cuidado Personal,dce.membrillo l.camp.x700gr.la,7793360126987,6809.0,"$6.809,00",20260901
Perfumeria,Cuidado Personal,ducle de leche rosquinense x 400 gm repostero,7790289001715,3057.0,"$3.057,00",20260901
Perfumeria,Cuidado Personal,dulce de batanta esnaola x 500 gr.,7791451071000,2329.0,"$2.329,00",20260901
Perfumeria,Cuidado Personal,dulce de batata a la vanilla dulcor x 500 gr.,7793046001416,1919.0,"$1.919,00",20260901
Perfumeria,Cuidado Personal,dulce de batata arcor en lata x kg.,2013220000000,5206.0,"$5.206,00",20260901
Perfumeria,Cuidado Personal,dulce de batata arcor x 500 gr.estuche,7790580504410,2295.0,"$2.295,00",20260901
Perfumeria,Cuidado Personal,dulce de batata con cerezas x kilo dulcor,2016290000000,5439.0,"$5.439,00",20260901
Perfumeria,Cuidado Personal,dulce de batata con chocolate en caja arcor . x kg.,2012080000007,4080.0,"$4.080,00",20260901
Perfumeria,Cuidado Personal,dulce de batata cormilot x 430 gm,7793046001256,1949.0,"$1.949,00",20260901
Perfumeria,Cuidado Personal,dulce de batata dulcor con chocolate x kg.,2016310000003,2909.0,"$2.909,00",20260901
Perfumeria,Cuidado Personal,dulce de batata dulcor lata x kg.,2016340000004,3949.0,"$3.949,00",20260901
Perfumeria,Cuidado Personal,dulce de batata dulcor x 500 gr. vanilla y chocole,7793046002215,1919.0,"$1.919,00",20260901
Perfumeria,Cuidado Personal,dulce de batata en caja dulcor x kg.,2016330000007,2909.0,"$2.909,00",20260901
Perfumeria,Cuidado Personal,dulce de batata la campagnola x 700 gr.,7793360126994,5504.0,"$5.504,00",20260901
Perfumeria,Cuidado Personal,dulce de leche esnaola x 450 gr envase de vidrio,7791451811309,5655.7,"$5.655,70",20260901
Perfumeria,Cuidado Personal,dulce de leche ilolay clasico pote x 1 kg.,7790787150632,8896.0,"$8.896,00",20260901
Perfumeria,Cuidado Personal,dulce de leche ilolay repostero x 1 kg.,7790787000654,9254.0,"$9.254,00",20260901
Perfumeria,Cuidado Personal,dulce de leche ilolay repostero x 400 gr.,7790787153671,4211.0,"$4.211,00",20260901
Perfumeria,Cuidado Personal,dulce de leche ilolay x 200 gr.,7790787153657,2105.0,"$2.105,00",20260901
Perfumeria,Cuidado Personal,dulce de leche ilolay x 400 gr.,7790787153664,3049.0,"$3.049,00",20260901
Perfumeria,Cuidado Personal,dulce de leche la paulina repostero x 1 kg.,7790398000326,9405.0,"$9.405,00",20260901
Perfumeria,Cuidado Personal,dulce de leche la paulina repostero x 400 gr.,7794990866977,3858.0,"$3.858,00",20260901
Perfumeria,Cuidado Personal,dulce de leche la paulina x 1 kg.,7790398100026,8511.0,"$8.511,00",20260901
Perfumeria,Cuidado Personal,dulce de leche la paulina x 200 gr.,7794990184897,2265.0,"$2.265,00",20260901
Perfumeria,Cuidado Personal,dulce de leche la paulina x 400 gr.,7794990878581,3461.0,"$3.461,00",20260901
Perfumeria,Cuidado Personal,dulce de leche la serenesima clasico x 1 kg.,7790742104304,10522.0,"$10.522,00",20260901
Perfumeria,Cuidado Personal,dulce de leche la serenisima clasico x 250 gr.,7790742104809,3022.0,"$3.022,00",20260901
Perfumeria,Cuidado Personal,dulce de leche la serenisima clasico x 400 gr.,7790742625304,3459.0,"$3.459,00",20260901
Perfumeria,Cuidado Personal,dulce de leche la serenisima colonial x 1 kg.,7790742625403,11082.0,"$11.082,00",20260901
Perfumeria,Cuidado Personal,dulce de leche la serenisima colonial x 250 gr.,7790742625106,3138.0,"$3.138,00",20260901
Perfumeria,Cuidado Personal,dulce de leche la serenisima colonial x 400gr.,7790742625205,3849.0,"$3.849,00",20260901
Perfumeria,Cuidado Personal,dulce de leche la serenisima repostero x 400 gr.,7790742067005,4686.0,"$4.686,00",20260901
Perfumeria,Cuidado Personal,dulce de leche la serenisima x 250 gm zero lactosa,7790742624109,3295.0,"$3.295,00",20260901
Perfumeria,Cuidado Personal,dulce de leche milkaut de campo x 395 gr.,7794820902950,3099.0,"$3.099,00",20260901
Perfumeria,Cuidado Personal,dulce de leche milkaut repostero x 1 kg.,7794820001547,9767.0,"$9.767,00",20260901
Perfumeria,Cuidado Personal,dulce de leche milkaut x 1 kg.,7794820000885,9183.0,"$9.183,00",20260901
Perfumeria,Cuidado Personal,dulce de leche milkaut x 245 gr.,7794820902028,2717.0,"$2.717,00",20260901
Perfumeria,Cuidado Personal,dulce de leche milkaut x 400 gr repostero,7794820902943,3809.0,"$3.809,00",20260901
Perfumeria,Cuidado Personal,dulce de leche milkaut x 400 gr.,7794820902936,3549.0,"$3.549,00",20260901
Perfumeria,Cuidado Personal,dulce de leche poncho negro frasco x 450 gr.,7793360004759,6347.0,"$6.347,00",20260901
Perfumeria,Cuidado Personal,dulce de leche rosquinense x 1 kg.,7790289000169,6614.0,"$6.614,00",20260901
Perfumeria,Cuidado Personal,dulce de leche rosquinense x 200 gr.,7790289000145,1548.0,"$1.548,00",20260901
Perfumeria,Cuidado Personal,dulce de leche rosquinense x 450 gm vidrio,7790289000190,6271.0,"$6.271,00",20260901
Perfumeria,Cuidado Personal,dulce de leche rosquiniense x 400 gr.,7790289001654,2920.0,"$2.920,00",20260901
Perfumeria,Cuidado Personal,dulce de leche ser x 400 gm,7790742387806,4476.0,"$4.476,00",20260901
Perfumeria,Cuidado Personal,dulce de leche tonadita x 250 gr.,7798060853317,2005.99,"$2.005,99",20260901
Perfumeria,Cuidado Personal,dulce de leche tonadita x 400 gr.,7798060853324,2968.0,"$2.968,00",20260901
Perfumeria,Cuidado Personal,dulce de leche tregar x 200 gr.,7793913001945,2270.0,"$2.270,00",20260901
Perfumeria,Cuidado Personal,dulce de leche tregar x 400 gr.,7793913000931,3551.0,"$3.551,00",20260901
Perfumeria,Cuidado Personal,dulce de leche tremblay x 400 gr.,7798151770073,2899.0,"$2.899,00",20260901
Perfumeria,Cuidado Personal,dulce de membrillo arcor x 500 gr estuche,7790580504601,2674.0,"$2.674,00",20260901
Perfumeria,Cuidado Personal,dulce de membrillo cormillot sin azucar x 430 gr.,7793046004240,3179.0,"$3.179,00",20260901
Perfumeria,Cuidado Personal,dulce de membrillo cormillot x 430 gr.,7793046004257,2449.0,"$2.449,00",20260901
Perfumeria,Cuidado Personal,dulce de membrillo dulcor lata x kg.,2016360000008,4829.0,"$4.829,00",20260901
Perfumeria,Cuidado Personal,dulce de membrillo dulcor sachet x 500 gr.,7793046004141,2389.0,"$2.389,00",20260901
Perfumeria,Cuidado Personal,dulce de membrillo en caja dulcor x kg.,2016350000001,3569.0,"$3.569,00",20260901
Perfumeria,Cuidado Personal,dulce de membrillo en cajon arcor x kilo. x kg.,2013230000007,5160.0,"$5.160,00",20260901
Perfumeria,Cuidado Personal,dulce de membrillo en lata arcor x kg.,2013260000008,6361.0,"$6.361,00",20260901
Perfumeria,Cuidado Personal,dulce de membrillo en lata la campagnola x kg.,2027680000005,7700.0,"$7.700,00",20260901
Perfumeria,Cuidado Personal,dulce de membrillo esnaola x 500 gm,7791451080040,2839.0,"$2.839,00",20260901
Perfumeria,Cuidado Personal,dulce de membrillo la campagnola x 500 gr.,7793360126963,3236.0,"$3.236,00",20260901
Perfumeria,Cuidado Personal,fibra total cpasas x200gr.,7790045001034,2432.0,"$2.432,00",20260901
Perfumeria,Cuidado Personal,fibra total granix x 250 gr 4 fibras,7790045823094,2760.0,"$2.760,00",20260901
Perfumeria,Cuidado Personal,filtros de papel para cafe la virginia x 40 unidas,7790150811061,4561.0,"$4.561,00",20260901
Perfumeria,Cuidado Personal,filtros pcafe melitta n4 x30,7891021002592,5080.0,"$5.080,00",20260901
Perfumeria,Cuidado Personal,gall. rocklet x118gr,7790040110748,1814.0,"$1.814,00",20260901
Perfumeria,Cuidado Personal,gall.anillos surtido terrab170,7622201808884,1995.0,"$1.995,00",20260901
Perfumeria,Cuidado Personal,gall.boca de dama x170gr.,7622201808860,1545.0,"$1.545,00",20260901
Perfumeria,Cuidado Personal,gall.cereal mix x207gr.avepa,7790040135741,2221.0,"$2.221,00",20260901
Perfumeria,Cuidado Personal,gall.cereal mix x207gr.semchi,7790040135758,2222.0,"$2.222,00",20260901
Perfumeria,Cuidado Personal,gall.cerealitas x170gr.avecac,7622202241505,2361.0,"$2.361,00",20260901
Perfumeria,Cuidado Personal,gall.cerealitas x212gr.clasica,7622201736033,2312.0,"$2.312,00",20260901
Perfumeria,Cuidado Personal,gall.cerealitas x636gr.clasica,7622201745905,6254.0,"$6.254,00",20260901
Perfumeria,Cuidado Personal,gall.chocolinas x250gr.,7790040143234,2462.0,"$2.462,00",20260901
Perfumeria,Cuidado Personal,gall.club social x141gr.jamon,7622210691835,3369.0,"$3.369,00",20260901
Perfumeria,Cuidado Personal,gall.cofler block x124gr.,7790040116955,1814.0,"$1.814,00",20260901
Perfumeria,Cuidado Personal,gall.coquitas x177gr,7790040143258,1857.0,"$1.857,00",20260901
Perfumeria,Cuidado Personal,gall.coquitas x260gr.,7790040143265,2462.0,"$2.462,00",20260901
Perfumeria,Cuidado Personal,gall.criollitas mas gdes.x169,7790040946101,1111.0,"$1.111,00",20260901
Perfumeria,Cuidado Personal,gall.criollitas orig.3x100gr.,7790040377806,1880.0,"$1.880,00",20260901
Perfumeria,Cuidado Personal,gall.criollitas sin sal 3x169g,7790040946408,2522.0,"$2.522,00",20260901
Perfumeria,Cuidado Personal,gall.criollitas sin sal x169gr,7790040946309,925.0,"$925,00",20260901
Perfumeria,Cuidado Personal,gall.fiesta surtido x350gr.,7790045824886,2504.0,"$2.504,00",20260901
Perfumeria,Cuidado Personal,gall.frutigran av.y pasas x250,7790045001188,2366.0,"$2.366,00",20260901
Perfumeria,Cuidado Personal,gall.frutigran av.y pasas x500,7790045001218,4462.0,"$4.462,00",20260901
Perfumeria,Cuidado Personal,gall.frutigran avena-f.rojx250,7790045825791,2884.0,"$2.884,00",20260901
Perfumeria,Cuidado Personal,gall.frutigran cchia-lino240,7790045825395,2366.0,"$2.366,00",20260901
Perfumeria,Cuidado Personal,gall.frutigran cses-ama-gi260,7790045825401,2366.0,"$2.366,00",20260901
Perfumeria,Cuidado Personal,gall.frutigran salv.dce.x500gr,7790045001201,4309.0,"$4.309,00",20260901
Perfumeria,Cuidado Personal,gall.frutigran tropical x250gr,7790045823452,2884.0,"$2.884,00",20260901
Perfumeria,Cuidado Personal,gall.granix salvado x720gr.,7790045826231,5598.0,"$5.598,00",20260901
Perfumeria,Cuidado Personal,gall.granix sandwich 3en1 x600,7790045001379,4286.0,"$4.286,00",20260901
Perfumeria,Cuidado Personal,gall.granix sandwich x200gr.,7790045001133,1472.0,"$1.472,00",20260901
Perfumeria,Cuidado Personal,gall.granix sesamo ssal x175g,7790045826309,1495.0,"$1.495,00",20260901
Perfumeria,Cuidado Personal,gall.granix ss light x 360gr.,7790045004912,3043.0,"$3.043,00",20260901
Perfumeria,Cuidado Personal,gall.granovita x140gr.limon,7790045000846,1567.0,"$1.567,00",20260901
Perfumeria,Cuidado Personal,gall.granovita x140gr.vainilla,7790045000853,1567.0,"$1.567,00",20260901
Perfumeria,Cuidado Personal,gall.hogarena mix cereal 3x185,7790040136106,4100.0,"$4.100,00",20260901
Perfumeria,Cuidado Personal,gall.hogarena mix de cereal185,7790040136090,1537.0,"$1.537,00",20260901
Perfumeria,Cuidado Personal,gall.hogarenas mas sesamo x167,7790040136083,1537.0,"$1.537,00",20260901
Perfumeria,Cuidado Personal,gall.hogarenas salvado x200gr,7790040132962,1538.0,"$1.538,00",20260901
Perfumeria,Cuidado Personal,gall.lincoln x153gr.,7622201386719,1569.0,"$1.569,00",20260901
Perfumeria,Cuidado Personal,gall.lincoln x153gr.coco,7622300742713,1964.0,"$1.964,00",20260901
Perfumeria,Cuidado Personal,gall.lincoln x219gr.clasica,7622201735319,2680.0,"$2.680,00",20260901
Perfumeria,Cuidado Personal,gall.mana 3x136gr.vainilla,7790040137844,3196.0,"$3.196,00",20260901
Perfumeria,Cuidado Personal,gall.mana x136gr.vainilla,7790040137837,1209.0,"$1.209,00",20260901
Perfumeria,Cuidado Personal,gall.media tarde sand.x321gr.,7790040143005,2159.0,"$2.159,00",20260901
Perfumeria,Cuidado Personal,gall.media tarde sand.x535gr.,7790040143012,3456.0,"$3.456,00",20260901
Perfumeria,Cuidado Personal,gall.melitas x159gr.,7790040139770,1296.0,"$1.296,00",20260901
Perfumeria,Cuidado Personal,gall.merengadas x88gr.frutila,7790040139657,1555.0,"$1.555,00",20260901
Perfumeria,Cuidado Personal,gall.mini oreo x150gr.,7622202219337,3079.0,"$3.079,00",20260901
Perfumeria,Cuidado Personal,gall.mini oreo x50gr.,7622201761288,1131.0,"$1.131,00",20260901
Perfumeria,Cuidado Personal,gall.mini pepitos x50gr.,7622201740399,1131.0,"$1.131,00",20260901
Perfumeria,Cuidado Personal,gall.oreo x118gr.,7622202830020,2430.0,"$2.430,00",20260901
Perfumeria,Cuidado Personal,gall.pepitos x119gr.regular,7622201735906,2282.0,"$2.282,00",20260901
Perfumeria,Cuidado Personal,gall.pepitos x357gr.clasica,7622201735883,6177.0,"$6.177,00",20260901
Perfumeria,Cuidado Personal,gall.polvorita x81gr.chocvain,7790040139183,824.0,"$824,00",20260901
Perfumeria,Cuidado Personal,gall.polvorita x81gr.vainfrut,7790040139176,824.0,"$824,00",20260901
Perfumeria,Cuidado Personal,gall.polvorita x81gr.vainvain,7790040139169,824.0,"$824,00",20260901
Perfumeria,Cuidado Personal,gall.portenitas x139gr.,7790040132689,1296.0,"$1.296,00",20260901
Perfumeria,Cuidado Personal,gall.rumba 3x110gr.,7790040143524,4198.0,"$4.198,00",20260901
Perfumeria,Cuidado Personal,gall.rumba x110gr.,7790040143517,1555.0,"$1.555,00",20260901
Perfumeria,Cuidado Personal,gall.toddy x126gr.chispas choc,7790380023432,2721.0,"$2.721,00",20260901
Perfumeria,Cuidado Personal,gall.traviatas 3x118gr.,7790040144088,2050.0,"$2.050,00",20260901
Perfumeria,Cuidado Personal,gall.traviatas x540gr.,7790040144095,3135.0,"$3.135,00",20260901
Perfumeria,Cuidado Personal,gall.variedad x300gr.chocolate,7622202839986,3396.0,"$3.396,00",20260901
Perfumeria,Cuidado Personal,gall.variedad x300gr.dorada,7622202839993,3396.0,"$3.396,00",20260901
Perfumeria,Cuidado Personal,gall.variedad x390gr.mix,7622202839962,3979.0,"$3.979,00",20260901
Perfumeria,Cuidado Personal,gall.vocacion clasica x141gr.,7790040146389,1134.0,"$1.134,00",20260901
Perfumeria,Cuidado Personal,galletitas amor 3 x 110 gr. cu,7790040143500,4198.0,"$4.198,00",20260901
Perfumeria,Cuidado Personal,galletitas anillos clasicos x 300 gr.,7622201504007,3519.0,"$3.519,00",20260901
Perfumeria,Cuidado Personal,galletitas bagley salvado pack 3 unid x 169 gr.,7790040136243,4100.0,"$4.100,00",20260901
Perfumeria,Cuidado Personal,galletitas cachafaz x 250 gr. algarroba,7798128000684,3101.0,"$3.101,00",20260901
Perfumeria,Cuidado Personal,galletitas cachafaz x 250 gr. avena chips chocol,7798128000691,3901.0,"$3.901,00",20260901
Perfumeria,Cuidado Personal,galletitas cachafaz x 250 gr. avena y pasas,7798128000677,3101.0,"$3.101,00",20260901
Perfumeria,Cuidado Personal,galletitas cachafaz x 250 gr. granola,7798128000707,3701.0,"$3.701,00",20260901
Perfumeria,Cuidado Personal,galletitas cereal mix x 207 gm frutilla y chia,7790040135765,2221.0,"$2.221,00",20260901
Perfumeria,Cuidado Personal,galletitas cereales bagley con salvado x 169 gr.,7790040136250,1537.0,"$1.537,00",20260901
Perfumeria,Cuidado Personal,galletitas cerealitas salvado x 208 gr.,7622201745981,2386.0,"$2.386,00",20260901
Perfumeria,Cuidado Personal,galletitas cerealitas salvado x 624 gr.,7622201746032,6478.0,"$6.478,00",20260901
Perfumeria,Cuidado Personal,galletitas chocobrownie x 80 gr,7891962077802,4366.0,"$4.366,00",20260901
Perfumeria,Cuidado Personal,galletitas chocolinas blanco x 170 gr.,7790040148857,1857.0,"$1.857,00",20260901
Perfumeria,Cuidado Personal,galletitas chocolinas blanco x 245 gr.,7790040142985,2462.0,"$2.462,00",20260901
Perfumeria,Cuidado Personal,galletitas chocolinas negro x 258 gr.,7790040142992,2462.0,"$2.462,00",20260901
Perfumeria,Cuidado Personal,galletitas chocolinas x 100 gm,7790040143241,1123.0,"$1.123,00",20260901
Perfumeria,Cuidado Personal,galletitas chocolinas x 181 gr negro,7790040148864,1857.0,"$1.857,00",20260901
Perfumeria,Cuidado Personal,galletitas chocolinas x 77 gr rellenas,7790040154445,1554.68,"$1.554,68",20260901
Perfumeria,Cuidado Personal,galletitas club social x 144 gm original,7622202293733,3501.0,"$3.501,00",20260901
Perfumeria,Cuidado Personal,galletitas cofler choco-cookies banadas x 132 gr.,7790040143692,3196.0,"$3.196,00",20260901
Perfumeria,Cuidado Personal,galletitas cofler choco-cookies bon o bon x 105.6,7790040143739,3196.0,"$3.196,00",20260901
Perfumeria,Cuidado Personal,galletitas cofler choco-cookies chocolate x 105 g.,7790040143753,3196.0,"$3.196,00",20260901
Perfumeria,Cuidado Personal,galletitas cofler choco-creamy x 85 gr.,7790040143777,1209.0,"$1.209,00",20260901
Perfumeria,Cuidado Personal,galletitas cofler cookies x 120 gr.,7790040127944,1814.0,"$1.814,00",20260901
Perfumeria,Cuidado Personal,galletitas cofler rellenas de chocolate x 85 gr.,7790040143784,1209.0,"$1.209,00",20260901
Perfumeria,Cuidado Personal,galletitas criollitas original x 100 gr.,7790040377707,683.0,"$683,00",20260901
Perfumeria,Cuidado Personal,galletitas don satur x 300 gm pepas,7795735600924,1754.0,"$1.754,00",20260901
Perfumeria,Cuidado Personal,galletitas dulces con salvado frutigran x 250 gr.,7790045001195,2237.0,"$2.237,00",20260901
Perfumeria,Cuidado Personal,galletitas frutigran cchips chocolate x 255 gr.,7790045824893,2926.0,"$2.926,00",20260901
Perfumeria,Cuidado Personal,galletitas granix cereal x 175 gr,7790045827535,1495.0,"$1.495,00",20260901
Perfumeria,Cuidado Personal,galletitas granix lino x 175 gr.,7790045827542,1429.0,"$1.429,00",20260901
Perfumeria,Cuidado Personal,galletitas granix salvado sin sal light x 410 gr.,7790045824879,3561.0,"$3.561,00",20260901
Perfumeria,Cuidado Personal,galletitas granix salvado sin sal x 230 gm,7790045826095,1712.0,"$1.712,00",20260901
Perfumeria,Cuidado Personal,galletitas granix salvado sin sal x 690 gr.,7790045826101,4957.0,"$4.957,00",20260901
Perfumeria,Cuidado Personal,galletitas granix salvado x 135 gr.,7790045823209,1226.0,"$1.226,00",20260901
Perfumeria,Cuidado Personal,galletitas granix semoladas x 420 gr.,7790045827047,3725.0,"$3.725,00",20260901
Perfumeria,Cuidado Personal,galletitas granix sesamo x 175 gr.,7790045827559,1494.0,"$1.494,00",20260901
Perfumeria,Cuidado Personal,galletitas granix sin sal x 140 gr.,7790045000907,1137.0,"$1.137,00",20260901
Perfumeria,Cuidado Personal,galletitas granix sin sal x 600 gm,7790045827740,4599.0,"$4.599,00",20260901
Perfumeria,Cuidado Personal,galletitas granix x 240 gr. salvado,7790045826200,1902.0,"$1.902,00",20260901
Perfumeria,Cuidado Personal,galletitas granolitas granix x 150 gr avena-pasas,7790045827580,2053.0,"$2.053,00",20260901
Perfumeria,Cuidado Personal,galletitas granolitas x 150 gm chocolate y naranja,7790045827610,2053.0,"$2.053,00",20260901
Perfumeria,Cuidado Personal,galletitas granovita x 140 gr. coco,7790045000860,1567.0,"$1.567,00",20260901
Perfumeria,Cuidado Personal,galletitas granovita x142gr. algarroba,7790045000877,1567.0,"$1.567,00",20260901
Perfumeria,Cuidado Personal,galletitas grasnix sin sal x 200 gm,7790045827733,1603.0,"$1.603,00",20260901
Perfumeria,Cuidado Personal,galletitas hogarenas 7 semillas pack 3 unid x 189.,7790040136076,4100.0,"$4.100,00",20260901
Perfumeria,Cuidado Personal,galletitas hogarenas 7 semillas x 189 gr.,7790040136069,1537.0,"$1.537,00",20260901
Perfumeria,Cuidado Personal,galletitas la cumbre cookies con chips x 150 gr.,645554001013,1429.0,"$1.429,00",20260901
Perfumeria,Cuidado Personal,galletitas la cumbre cookies-chips chocolate x 150,645554001020,1656.0,"$1.656,00",20260901
Perfumeria,Cuidado Personal,galletitas lincoln sabor chocolate x 153 gr.,7622300742676,1964.0,"$1.964,00",20260901
Perfumeria,Cuidado Personal,galletitas macucas x 110 gr.,7790040145337,1117.0,"$1.117,00",20260901
Perfumeria,Cuidado Personal,galletitas mana acarameladas x 145 gr,7790040151901,1209.0,"$1.209,00",20260901
Perfumeria,Cuidado Personal,galletitas mana rellenas x 152 gr. frutilla,7790040133266,1555.0,"$1.555,00",20260901
Perfumeria,Cuidado Personal,galletitas manon x 182 gr.,7622201385255,1665.0,"$1.665,00",20260901
Perfumeria,Cuidado Personal,galletitas media tarde x 3 unid.,7790040143586,1683.0,"$1.683,00",20260901
Perfumeria,Cuidado Personal,galletitas mellizas 3 x 110 gr. cu,7790040143555,4198.0,"$4.198,00",20260901
Perfumeria,Cuidado Personal,galletitas merengadas x 264 gr.,7790040139091,4198.0,"$4.198,00",20260901
Perfumeria,Cuidado Personal,galletitas milka mousse x 124 gr vainilla,7622202210051,2656.0,"$2.656,00",20260901
Perfumeria,Cuidado Personal,galletitas oreo golden x 118 gr.,7622201806552,2430.0,"$2.430,00",20260901
Perfumeria,Cuidado Personal,galletitas oreo golden x 354 gr.,7622201806538,6551.0,"$6.551,00",20260901
Perfumeria,Cuidado Personal,galletitas oreo original x 354 gr.,7622201759636,6551.0,"$6.551,00",20260901
Perfumeria,Cuidado Personal,galletitas oreo x 118 gr sabor frutilla,7622202049057,2430.0,"$2.430,00",20260901
Perfumeria,Cuidado Personal,galletitas organicas cachafaz x 170 gr. avena y mi,7798128002138,2600.0,"$2.600,00",20260901
Perfumeria,Cuidado Personal,galletitas organicas cachafaz x 170 gr. cacao y mi,7798128002145,2600.0,"$2.600,00",20260901
Perfumeria,Cuidado Personal,galletitas portenitas x 3 x 169 gr,7790040151192,3541.0,"$3.541,00",20260901
Perfumeria,Cuidado Personal,galletitas rellenas x 108 gm chocolate bauducco,7891962072319,1392.0,"$1.392,00",20260901
Perfumeria,Cuidado Personal,galletitas rellenas x 108 gm sabor frutilla bauducco,7891962072326,1392.0,"$1.392,00",20260901
Perfumeria,Cuidado Personal,galletitas sonrisas 3 unid. x 108 gr.,7790040133471,4198.0,"$4.198,00",20260901
Perfumeria,Cuidado Personal,galletitas sonrisas x 108 gr. frambuesa,7790040133488,1555.0,"$1.555,00",20260901
Perfumeria,Cuidado Personal,galletitas surtidas diversion x 400 gr.,7790040143364,2807.0,"$2.807,00",20260901
Perfumeria,Cuidado Personal,galletitas surtidas variedad terrabusi x 590 gr.,7622202839979,5422.0,"$5.422,00",20260901
Perfumeria,Cuidado Personal,galletitas surtido bagley x 400 gr.,7790040147720,3455.0,"$3.455,00",20260901
Perfumeria,Cuidado Personal,galletitas terrabusi x 120 gm vainilla,7622202220555,1391.0,"$1.391,00",20260901
Perfumeria,Cuidado Personal,galletitas traviata 3 x 96 gm crak kesita,7790040150270,2563.0,"$2.563,00",20260901
Perfumeria,Cuidado Personal,galletitas traviata con toque de kesitas x 96 gr.,7790040143944,950.0,"$950,00",20260901
Perfumeria,Cuidado Personal,galletitas traviata con toque de rex x 96 gr.,7790040143937,950.0,"$950,00",20260901
Perfumeria,Cuidado Personal,galletitas traviatas 3 x 96 gm toque porteaita,7790040152946,2563.0,"$2.563,00",20260901
Perfumeria,Cuidado Personal,galletitas vocacion acarameladas x 435 gr.,7790040133228,2989.0,"$2.989,00",20260901
Perfumeria,Cuidado Personal,galletitias traviatas rex x 3 unidades x 96 gm,7790040143920,2563.0,"$2.563,00",20260901
Perfumeria,Cuidado Personal,gallettias cofler rellenas bon o bon x 85 gm,7790040143807,1209.0,"$1.209,00",20260901
Perfumeria,Cuidado Personal,gallettias oreo x 182.5,7622201735821,3561.0,"$3.561,00",20260901
Perfumeria,Cuidado Personal,granola cereal flow con pasas x 320 gr.,7790380019541,5470.0,"$5.470,00",20260901
Perfumeria,Cuidado Personal,granola flow c.x320g.5semillas,7790380019626,5470.0,"$5.470,00",20260901
Perfumeria,Cuidado Personal,granola flow c.x320g.cchocola,7790380019831,5470.0,"$5.470,00",20260901
Perfumeria,Cuidado Personal,granola go natural crunch x 290 gm,7790524324364,5065.0,"$5.065,00",20260901
Perfumeria,Cuidado Personal,granola granix pasas y almendras x 350 gr.,7790045827412,6559.0,"$6.559,00",20260901
Perfumeria,Cuidado Personal,granola granix x 350 gm coco y miel,7790045826637,4154.0,"$4.154,00",20260901
Perfumeria,Cuidado Personal,granola granix x 350 gr. frutos rojos,7790045827405,6559.0,"$6.559,00",20260901
Perfumeria,Cuidado Personal,granola zafran x 300 gm almendras y pasas,7798187761076,7274.26,"$7.274,26",20260901
Perfumeria,Cuidado Personal,granola zafran x 300 gm quinoa y nuez,7798187761090,7274.26,"$7.274,26",20260901
Perfumeria,Cuidado Personal,granola zafran x 300 gr frutos secos y miel,7798187761083,7274.26,"$7.274,26",20260901
Perfumeria,Cuidado Personal,granolitas granix x150g mzn-ca,7790045827641,2053.0,"$2.053,00",20260901
Perfumeria,Cuidado Personal,grisines bimbo x 75 gm cebolla,7840131004392,1268.0,"$1.268,00",20260901
Perfumeria,Cuidado Personal,grisines bimbo x 75 gm ciboulette,7840131004378,1268.0,"$1.268,00",20260901
Perfumeria,Cuidado Personal,grisines con salvado tipo italiano zigrinato x 18.,7791708001392,1779.0,"$1.779,00",20260901
Perfumeria,Cuidado Personal,grisines de salvado x kilo panaderos de la gallega,2012190000003,8300.0,"$8.300,00",20260901
Perfumeria,Cuidado Personal,grisines la gallega x kg.,2012220000003,7500.0,"$7.500,00",20260901
Perfumeria,Cuidado Personal,grisines riera clasicos x 160 gr.,7790071010123,1943.0,"$1.943,00",20260901
Perfumeria,Cuidado Personal,grisines riera x 160 gr. integral,7790071010215,1943.0,"$1.943,00",20260901
Perfumeria,Cuidado Personal,grisines sin sal riera x 160 gr.,7790071010314,1943.0,"$1.943,00",20260901
Perfumeria,Cuidado Personal,grisines veneziana trisalvado x 180 gr.,7791708002023,1779.0,"$1.779,00",20260901
Perfumeria,Cuidado Personal,grisines veneziana x 180 gr. multicereal,7791708611270,1779.0,"$1.779,00",20260901
Perfumeria,Cuidado Personal,grisines zigrinatos veneziana x 180 gr.,7791708001408,1779.0,"$1.779,00",20260901
Perfumeria,Cuidado Personal,grissines veneziana x 180 gr.,7791708001361,1779.0,"$1.779,00",20260901
Perfumeria,Cuidado Personal,higos en almibar orieta x 250 gm,7792260000595,9772.0,"$9.772,00",20260901
Perfumeria,Cuidado Personal,honey cacao peanut x290gr.st,7790158229745,5508.0,"$5.508,00",20260901
Perfumeria,Cuidado Personal,jarabe de glucosa y miel orieta x 250 ml,7792260640296,1423.0,"$1.423,00",20260901
Perfumeria,Cuidado Personal,jarabe de glucosa y miel orieta x 500 ml,7792260640302,2559.0,"$2.559,00",20260901
Perfumeria,Cuidado Personal,madalenas bimbo  x 234 gm chocolate con dulce de leche,7793890262001,3487.0,"$3.487,00",20260901
Perfumeria,Cuidado Personal,madalenas bimbo  x 240 gm vainilla,7793890261912,3487.0,"$3.487,00",20260901
Perfumeria,Cuidado Personal,madalenas bimbo x 234 gm dulce de leche,7793890261929,3486.67,"$3.486,67",20260901
Perfumeria,Cuidado Personal,madalenas bimbo x 240 gm sabor chocolate con chips de chocol,7793890261998,3487.0,"$3.487,00",20260901
Perfumeria,Cuidado Personal,madalenas don satur chocolate con dulce de leche x 220 gm,7795735601204,2655.0,"$2.655,00",20260901
Perfumeria,Cuidado Personal,madalenas don satur vainilla x 200 gm,7795735601167,2655.0,"$2.655,00",20260901
Perfumeria,Cuidado Personal,madalenas dulce aventura x 200 gr. cchips de choc,816855020953,2440.0,"$2.440,00",20260901
Perfumeria,Cuidado Personal,madalenas dulce aventura x 200 gr. marmoladas,816855020977,2440.0,"$2.440,00",20260901
Perfumeria,Cuidado Personal,madalenas dulce aventura x 200 gr. vainilla,816855020946,2440.0,"$2.440,00",20260901
Perfumeria,Cuidado Personal,madalenas dulce aventura x 210 gr. con dulce de le,816855020960,2440.0,"$2.440,00",20260901
Perfumeria,Cuidado Personal,madalenas la cumbre con chips de chocolate x 200 .,816855021226,2199.0,"$2.199,00",20260901
Perfumeria,Cuidado Personal,madalenas la cumbre marmoladas,816855021233,2199.0,"$2.199,00",20260901
Perfumeria,Cuidado Personal,madalenas la cumbre x 200 gm vainilla,816855021196,2199.0,"$2.199,00",20260901
Perfumeria,Cuidado Personal,madalenas valente marmoladas x 200 gr.,7793890259117,2872.0,"$2.872,00",20260901
Perfumeria,Cuidado Personal,madalenas valente x 200 gr. chocolate con dulce de,7793890259124,2872.0,"$2.872,00",20260901
Perfumeria,Cuidado Personal,madalenas valente x 200 gr. dulce de leche,7793890259100,2872.0,"$2.872,00",20260901
Perfumeria,Cuidado Personal,madalenas valente x 200 gr. vainilla,7793890259094,2872.0,"$2.872,00",20260901
Perfumeria,Cuidado Personal,magdalena don satur marmoladas x 200 gm,7795735601181,2655.0,"$2.655,00",20260901
Perfumeria,Cuidado Personal,magdalena don satur x 200 gr con chips,7795735601198,2655.0,"$2.655,00",20260901
Perfumeria,Cuidado Personal,mantequilla  de mani croppers x 305 gr.,7790524324555,3980.0,"$3.980,00",20260901
Perfumeria,Cuidado Personal,mate coc.don basilio x25sq,758890928125,859.0,"$859,00",20260901
Perfumeria,Cuidado Personal,mate coc.l.tranquera x100saq.,7790480090020,5883.0,"$5.883,00",20260901
Perfumeria,Cuidado Personal,mate coc.l.tranquera x25s s.es,7790480090006,1597.0,"$1.597,00",20260901
Perfumeria,Cuidado Personal,mate coc.l.tranquera x50s s.es,7790480090013,3033.0,"$3.033,00",20260901
Perfumeria,Cuidado Personal,mate cocido  litoral x 50 unidades sin ensobrar,7790150260661,2807.0,"$2.807,00",20260901
Perfumeria,Cuidado Personal,mate cocido amanda x 25 saquitos,7792710006153,1130.0,"$1.130,00",20260901
Perfumeria,Cuidado Personal,mate cocido cbse fusion x 25 saquitos,7790710334733,1366.0,"$1.366,00",20260901
Perfumeria,Cuidado Personal,mate cocido cbse guarana y jengibre x 25 saquitos,7790710334740,1366.0,"$1.366,00",20260901
Perfumeria,Cuidado Personal,mate cocido litoral x 25 saquitos,7790150260821,1089.0,"$1.089,00",20260901
Perfumeria,Cuidado Personal,mate cocido litoral x 25 saquitos ensobrados,7790150260142,1757.0,"$1.757,00",20260901
Perfumeria,Cuidado Personal,mate cocido litroal x 50 unidades ensobrados,7790150260241,2929.0,"$2.929,00",20260901
Perfumeria,Cuidado Personal,mate cocido pajaro azul x 25 saquitos,7798028020287,1154.0,"$1.154,00",20260901
Perfumeria,Cuidado Personal,mate cocido rosamonte x 25 saquitos,7790411002092,1085.0,"$1.085,00",20260901
Perfumeria,Cuidado Personal,mate cocido rosamonte x 25 saquitos x 3 gramos,7790411000784,1549.0,"$1.549,00",20260901
Perfumeria,Cuidado Personal,mate cocido rosamonte x50saq.,7790411000791,2394.0,"$2.394,00",20260901
Perfumeria,Cuidado Personal,mate cocido taragui ni$os vainilla y miel x 20 saq,7790387011852,2621.0,"$2.621,00",20260901
Perfumeria,Cuidado Personal,mate cocido taragui x 100 saquitos,7790387800074,4623.0,"$4.623,00",20260901
Perfumeria,Cuidado Personal,mate cocido taragui x 25 saquitos,7790387800050,1318.0,"$1.318,00",20260901
Perfumeria,Cuidado Personal,mate cocido taragui x 40 saquitos,7790387010046,3826.0,"$3.826,00",20260901
Perfumeria,Cuidado Personal,mate cocido taragui x 50 saquitos,7790387800067,2372.0,"$2.372,00",20260901
Perfumeria,Cuidado Personal,mate cocido union x 100 saquitos,7790387800104,4623.0,"$4.623,00",20260901
Perfumeria,Cuidado Personal,mate cocido union x 25 saquitos,7790387010589,1318.0,"$1.318,00",20260901
Perfumeria,Cuidado Personal,mate cocido union x 50 saquitos,7790387800098,2372.0,"$2.372,00",20260901
Perfumeria,Cuidado Personal,merm.l.camp.x454gr.damasco+f,7793360131448,3845.0,"$3.845,00",20260901
Perfumeria,Cuidado Personal,mermelada arcor light x 390 gr ciruela,7790580132248,3485.0,"$3.485,00",20260901
Perfumeria,Cuidado Personal,mermelada arcor light x 390 gr damasco,7790580132231,3485.0,"$3.485,00",20260901
Perfumeria,Cuidado Personal,mermelada arcor light x 390 gr frutilla,7790580132255,4638.0,"$4.638,00",20260901
Perfumeria,Cuidado Personal,mermelada arcor sin azucar x 390 gr durazno,7790580121303,4722.0,"$4.722,00",20260901
Perfumeria,Cuidado Personal,mermelada arcor x 454 gr ciruela,7790580123437,3196.0,"$3.196,00",20260901
Perfumeria,Cuidado Personal,mermelada arcor x 454 gr durazno,7790580132163,3196.0,"$3.196,00",20260901
Perfumeria,Cuidado Personal,mermelada bc la campagnola x 390 gr frutos rojos,7790580148973,5369.0,"$5.369,00",20260901
Perfumeria,Cuidado Personal,mermelada cormillot light x 390 gr. arandanos,7793046007722,4077.0,"$4.077,00",20260901
Perfumeria,Cuidado Personal,mermelada cormillot light x 390 gr. durazno,7793046007715,3191.0,"$3.191,00",20260901
Perfumeria,Cuidado Personal,mermelada cormillot sin azucar x 390 gm sabor frutilla,7793046007296,5530.0,"$5.530,00",20260901
Perfumeria,Cuidado Personal,mermelada cormillot sin azucar x 390 gm sabor higo,7793046007340,4172.0,"$4.172,00",20260901
Perfumeria,Cuidado Personal,mermelada de ciruela cormillot light x 390 gr.,7793046007777,3191.0,"$3.191,00",20260901
Perfumeria,Cuidado Personal,mermelada de ciruela dulcor frasco x 454 gr.,7793046008477,2930.0,"$2.930,00",20260901
Perfumeria,Cuidado Personal,mermelada de ciruela dulcor x 500 gr.,7793046008071,1579.0,"$1.579,00",20260901
Perfumeria,Cuidado Personal,mermelada de ciruela noel light x 390 gr.,7795184006209,3406.0,"$3.406,00",20260901
Perfumeria,Cuidado Personal,mermelada de damasco cormillot light x 390 gr.,7793046007753,3191.0,"$3.191,00",20260901
Perfumeria,Cuidado Personal,mermelada de damasco dulcor x 454 gr.,7793046008453,2930.0,"$2.930,00",20260901
Perfumeria,Cuidado Personal,mermelada de damasco dulcor x 500 gr.,7793046008057,1579.0,"$1.579,00",20260901
Perfumeria,Cuidado Personal,mermelada de durazno arcor light x 390 gr.,7790580132224,3485.0,"$3.485,00",20260901
Perfumeria,Cuidado Personal,mermelada de durazno dulcor x 500 gr.,7793046008019,1579.0,"$1.579,00",20260901
Perfumeria,Cuidado Personal,mermelada de durazno la campagnola x 454 gr.,7793360131400,3845.0,"$3.845,00",20260901
Perfumeria,Cuidado Personal,mermelada de frambuesa cormillot sin azucar x 390.,7793046007364,6565.0,"$6.565,00",20260901
Perfumeria,Cuidado Personal,mermelada de frutilla arcor x 454 gr.,7790580132187,4228.0,"$4.228,00",20260901
Perfumeria,Cuidado Personal,mermelada de frutilla cormillot light x 390 gr.,7793046007791,4077.0,"$4.077,00",20260901
Perfumeria,Cuidado Personal,mermelada de frutilla dulcor light x 420 gr.,7793046008699,2922.0,"$2.922,00",20260901
Perfumeria,Cuidado Personal,mermelada de frutilla dulcor x 454 gr.,7793046008491,3749.0,"$3.749,00",20260901
Perfumeria,Cuidado Personal,mermelada de frutilla dulcor x 500 grs.,7793046008095,1959.0,"$1.959,00",20260901
Perfumeria,Cuidado Personal,mermelada de frutilla la campagnola x 454 gr.,7793360131417,4807.0,"$4.807,00",20260901
Perfumeria,Cuidado Personal,mermelada de higo dulcor x 454 gr.,7793046008446,3749.0,"$3.749,00",20260901
Perfumeria,Cuidado Personal,mermelada de naranja arcor sin azucar x 390 gr.,7790580126933,4722.0,"$4.722,00",20260901
Perfumeria,Cuidado Personal,mermelada de naranja arcor x 454 gr.,7790580132194,3196.0,"$3.196,00",20260901
Perfumeria,Cuidado Personal,mermelada de naranja cormillot light x 390 gr.,7793046007739,3191.0,"$3.191,00",20260901
Perfumeria,Cuidado Personal,mermelada de naranja dulcor x 454 gr.,7793046008439,2930.0,"$2.930,00",20260901
Perfumeria,Cuidado Personal,mermelada de naranja light arcor x 390 gr.,7790580132262,3485.0,"$3.485,00",20260901
Perfumeria,Cuidado Personal,mermelada de zapallo dulcor x 454 gr.,7793046008422,2930.0,"$2.930,00",20260901
Perfumeria,Cuidado Personal,mermelada dulcor diet x 420 gm durazno,7793046008613,2250.0,"$2.250,00",20260901
Perfumeria,Cuidado Personal,mermelada dulcor vidrio x 454 gm frutos rojos,7793046998464,4262.0,"$4.262,00",20260901
Perfumeria,Cuidado Personal,mermelada dulcor x 454 gr durazno,7793046008415,2930.0,"$2.930,00",20260901
Perfumeria,Cuidado Personal,mermelada la campagnola bc x 390 gr arandanos,7793360131561,5368.0,"$5.368,00",20260901
Perfumeria,Cuidado Personal,mermelada la campagnola bc x 390 gr ciruela,7793360131547,3977.0,"$3.977,00",20260901
Perfumeria,Cuidado Personal,mermelada la campagnola bc x 390 gr durazno,7793360131516,3977.0,"$3.977,00",20260901
Perfumeria,Cuidado Personal,mermelada la campagnola bc x 390 gr durazno,7793360131523,3977.0,"$3.977,00",20260901
Perfumeria,Cuidado Personal,mermelada la campagnola bc x 390 gr frambuesa,7793360131592,5368.0,"$5.368,00",20260901
Perfumeria,Cuidado Personal,mermelada la campagnola bc x 390 gr membrillo,7793360131615,4968.0,"$4.968,00",20260901
Perfumeria,Cuidado Personal,mermelada la campagnola bc x 390 gr naranja,7793360131554,3977.0,"$3.977,00",20260901
Perfumeria,Cuidado Personal,mermelada la campagnola seleccion arandanos x 390 gm,7790580142025,7547.0,"$7.547,00",20260901
Perfumeria,Cuidado Personal,mermelada la campagnola seleccion x 390 gm sabor durazno,7793360129902,5588.0,"$5.588,00",20260901
Perfumeria,Cuidado Personal,mermelada la campagnola seleccion x 390 gm sabor frutilla,7793360129896,6967.0,"$6.967,00",20260901
Perfumeria,Cuidado Personal,mermelada la campagnola x 390 gr. frutos rojos,7793360129919,7547.0,"$7.547,00",20260901
Perfumeria,Cuidado Personal,mermelada la campagnola x 454 gm naranja,7793360131431,3845.0,"$3.845,00",20260901
Perfumeria,Cuidado Personal,mermelada la campagnola x 454 gr arandanos,7793360131462,5188.0,"$5.188,00",20260901
Perfumeria,Cuidado Personal,mermelada la campagnola x 454 gr ciruela,7793360131424,3845.0,"$3.845,00",20260901
Perfumeria,Cuidado Personal,mermelada maseube extra fruta x 312 gr frutilla,7798136871641,8359.63,"$8.359,63",20260901
Perfumeria,Cuidado Personal,mermelada masseube extra fruta x 312 gr frambuesa,7798136871634,9411.1,"$9.411,10",20260901
Perfumeria,Cuidado Personal,mermelada masseube extra fruta x 312 gr frutos del bosque,7798136871665,8359.63,"$8.359,63",20260901
Perfumeria,Cuidado Personal,mermelada masseube extra fruta x 312 gr mosqueta,7798136871672,8359.63,"$8.359,63",20260901
Perfumeria,Cuidado Personal,mermelada masseube rosa mosqueta x 350 gm,7798136871306,7962.0,"$7.962,00",20260901
Perfumeria,Cuidado Personal,mermelada masseube x 260 gm frambuesa light,7798136871337,8460.0,"$8.460,00",20260901
Perfumeria,Cuidado Personal,mermelada masseube x 260 gm sabor arandanos light,7798136871320,7962.0,"$7.962,00",20260901
Perfumeria,Cuidado Personal,mermelada masseube x 280 gm arandanos y membrillo,7798136870910,7659.0,"$7.659,00",20260901
Perfumeria,Cuidado Personal,mermelada masseube x 280 gm frambuesa y tomate,7798136870934,7659.0,"$7.659,00",20260901
Perfumeria,Cuidado Personal,mermelada masseube x 280 gm manzana y canela,7798136870903,7659.0,"$7.659,00",20260901
Perfumeria,Cuidado Personal,mermelada masseube x 350 gm  sabor arandano,7798136871498,7962.0,"$7.962,00",20260901
Perfumeria,Cuidado Personal,mermelada masseube x 350 gm cereza negra,7798136871559,7962.0,"$7.962,00",20260901
Perfumeria,Cuidado Personal,mermelada masseube x 350 gm frutilla,7798136871481,7962.0,"$7.962,00",20260901
Perfumeria,Cuidado Personal,mermelada masseube x 350 gm frutos del bosque,7798136871276,7962.0,"$7.962,00",20260901
Perfumeria,Cuidado Personal,mermelada masseube x 350 gm sauco,7793482300173,7962.0,"$7.962,00",20260901
Perfumeria,Cuidado Personal,mermelada masseube x 350 gr frambuesa,7798136871467,8962.78,"$8.962,78",20260901
Perfumeria,Cuidado Personal,mermelada masseue x 350 gm zarzamora,7793482300180,7961.73,"$7.961,73",20260901
Perfumeria,Cuidado Personal,mermelada mausseube extra fruta x 312 gr arandanos,7798136871627,8359.63,"$8.359,63",20260901
Perfumeria,Cuidado Personal,mermelada noel bajas calorias x 390 gm sabor damasco,7795184006407,3406.0,"$3.406,00",20260901
Perfumeria,Cuidado Personal,mermelada noel bjas calorias x 390 gr ciruela,7795184006001,3406.01,"$3.406,01",20260901
Perfumeria,Cuidado Personal,mermelada patagonia tradicional x 320 gm arandanos,7793126002005,9172.0,"$9.172,00",20260901
Perfumeria,Cuidado Personal,mermelada patagonia tradicional x 320 gm frambuesa,7793126001992,11709.0,"$11.709,00",20260901
Perfumeria,Cuidado Personal,mermelada patagonia tradicional x 320 gm frutilla,7793126002012,9172.0,"$9.172,00",20260901
Perfumeria,Cuidado Personal,mermelada patagonia tradiiconal x 320 gm frutos del bosque,7793126002029,10148.0,"$10.148,00",20260901
Perfumeria,Cuidado Personal,mermelada sin azucar cormillot x 390 gm frutos rojos,7793046007333,5731.0,"$5.731,00",20260901
Perfumeria,Cuidado Personal,mermelada sin azucar cormillot x 390 gm sabor durazno,7793046007210,3983.0,"$3.983,00",20260901
Perfumeria,Cuidado Personal,miel  liquida aleluya x 190 gr.,7790158229578,4167.0,"$4.167,00",20260901
Perfumeria,Cuidado Personal,miel aleluya x 250 gr con limon- jengibre,7790158229448,5743.0,"$5.743,00",20260901
Perfumeria,Cuidado Personal,miel aleluya x 250 gr. con limon,7790158229561,5743.0,"$5.743,00",20260901
Perfumeria,Cuidado Personal,miel con jugo de naranja aleluya x 250 gr.,7790158229554,5743.0,"$5.743,00",20260901
Perfumeria,Cuidado Personal,miel entrenuts cremosa x 500 gr,656750783993,7531.0,"$7.531,00",20260901
Perfumeria,Cuidado Personal,miel entrenuts liquida x 500 gr.,736684208745,7531.0,"$7.531,00",20260901
Perfumeria,Cuidado Personal,nescafe dolca doy pack x 160 gm original,8445292737906,9430.0,"$9.430,00",20260901
Perfumeria,Cuidado Personal,nescafe dolca tradicional x 170 gm mas taza roja,8445292133807,17746.0,"$17.746,00",20260901
Perfumeria,Cuidado Personal,nescafe dolca x 160 gm suave doy pack,8445292738187,9430.0,"$9.430,00",20260901
Perfumeria,Cuidado Personal,nescafe dolca x125g.dp latte,8445291749214,3514.0,"$3.514,00",20260901
Perfumeria,Cuidado Personal,nescafe dolce gusto capsulas ducle de leche x 10 unidades,7891000421512,11770.0,"$11.770,00",20260901
Perfumeria,Cuidado Personal,nescafe dolce gusto capsulas x 10 capuccino,7891000421093,11772.0,"$11.772,00",20260901
Perfumeria,Cuidado Personal,nescafe dolce gusto capsulas x 10 cortado,7891000421420,11770.0,"$11.770,00",20260901
Perfumeria,Cuidado Personal,nescafe dolce gusto capsulas x 10 espresso,7891000249833,11770.0,"$11.770,00",20260901
Perfumeria,Cuidado Personal,nescafe dolce gusto capsulas x 10 latte macchiato,7891000421451,11770.0,"$11.770,00",20260901
Perfumeria,Cuidado Personal,nescafe dolce gusto chococino x 10 capsulas,7891000446676,11770.0,"$11.770,00",20260901
Perfumeria,Cuidado Personal,nescafe dolce gusto frappe 10 capsulas x 135 gm total,7891000912645,11770.0,"$11.770,00",20260901
Perfumeria,Cuidado Personal,nescafe dolce gusto mocha x 10 capsulas,7891000421604,11770.35,"$11.770,35",20260901
Perfumeria,Cuidado Personal,nescafe dolce gusto x 10 caps cafe au lait vainila,7891000421482,11770.0,"$11.770,00",20260901
Perfumeria,Cuidado Personal,nescafe dolce gusto x 10 capsulas lungo,7891000421390,11770.0,"$11.770,00",20260901
Perfumeria,Cuidado Personal,nescafe gold x100gr.alta rica,7613036069724,20279.0,"$20.279,00",20260901
Perfumeria,Cuidado Personal,nescafe tradicion x 160 gm f puro,7891000449417,12682.0,"$12.682,00",20260901
Perfumeria,Cuidado Personal,oblea bauducco x 78 gm frutilla,7891962058405,994.0,"$994,00",20260901
Perfumeria,Cuidado Personal,oblea bauducco x 78 gr vainilla,7891962058412,994.0,"$994,00",20260901
Perfumeria,Cuidado Personal,oblea nutella b-ready x 22 gm,7898024397915,1615.0,"$1.615,00",20260901
Perfumeria,Cuidado Personal,oblea nutella b-ready x 6 unidades,8000500227848,9027.0,"$9.027,00",20260901
Perfumeria,Cuidado Personal,oblea yogubar gallo 6x20gr.,7790070431929,4999.0,"$4.999,00",20260901
Perfumeria,Cuidado Personal,obleas bauducco x 78 gm chocolate,7891962058399,994.0,"$994,00",20260901
Perfumeria,Cuidado Personal,obleas opera x 55 grs.,77903501,864.0,"$864,00",20260901
Perfumeria,Cuidado Personal,palmeritas deubel manteca x 200 gr.,7791696008014,5626.0,"$5.626,00",20260901
Perfumeria,Cuidado Personal,palmeritas whisper,7798018100012,2538.0,"$2.538,00",20260901
Perfumeria,Cuidado Personal,pasat sin azucar,7790524324548,3859.0,"$3.859,00",20260901
Perfumeria,Cuidado Personal,pasta de avellanas y cacao nutella x 350 gr.,7898024394181,10452.0,"$10.452,00",20260901
Perfumeria,Cuidado Personal,pasta de avellanas y cacao x 650 gm nutella,7898024396529,16526.0,"$16.526,00",20260901
Perfumeria,Cuidado Personal,pasta de avellanas y chocolate aguila nut x 290 g.,7790580134341,6582.0,"$6.582,00",20260901
Perfumeria,Cuidado Personal,pasta de avellanas y cqcao  nutella x 140 gr.,7898024395232,4737.0,"$4.737,00",20260901
Perfumeria,Cuidado Personal,pasta de mani dulcor x 350 gm clasica,7793046998549,2799.0,"$2.799,00",20260901
Perfumeria,Cuidado Personal,pasta de mani entrenuts con cacao x 370 gr.,736684208714,3907.0,"$3.907,00",20260901
Perfumeria,Cuidado Personal,pasta de mani entrenuts natural x 370 gr.,736684208707,3907.0,"$3.907,00",20260901
Perfumeria,Cuidado Personal,pasta de mani entrenuts protein x 370 gm galted caramel,7798446310083,5595.04,"$5.595,04",20260901
Perfumeria,Cuidado Personal,pasta de mani entrenuts x 370 gm cookies and cream,7798446310090,5595.04,"$5.595,04",20260901
Perfumeria,Cuidado Personal,pasta de mani entrenuts x 370 gm sal marina,7798446310113,3906.85,"$3.906,85",20260901
Perfumeria,Cuidado Personal,pasta de mani entrenuts x 370 gm stevia,656750783924,3907.0,"$3.907,00",20260901
Perfumeria,Cuidado Personal,pasta de mani entrenuts x 370 gr crocante,736684208738,3907.0,"$3.907,00",20260901
Perfumeria,Cuidado Personal,pasta de mani la egipciana x 410 gr.,7790681002167,6959.0,"$6.959,00",20260901
Perfumeria,Cuidado Personal,pasta de miel y cacao aleluya x 290 gm,7790158229738,8721.0,"$8.721,00",20260901
Perfumeria,Cuidado Personal,pasta untable gianduia x 200 gr pistachetta,7798479890019,15681.6,"$15.681,60",20260901
Perfumeria,Cuidado Personal,pepas de membrillo arcor x 183 gr.,7790040135895,1382.0,"$1.382,00",20260901
Perfumeria,Cuidado Personal,pochoclos bamboo organicos x 80 gr sweet y salty,7798378750032,3906.97,"$3.906,97",20260901
Perfumeria,Cuidado Personal,pochoclos bamboo organicos x 80 gr swet,7798378750018,3906.97,"$3.906,97",20260901
Perfumeria,Cuidado Personal,pochoclos bambooo organicos x 80 gr salty,7798378750025,3906.97,"$3.906,97",20260901
Perfumeria,Cuidado Personal,postre con chocolate x kilo,2011200000002,12576.0,"$12.576,00",20260901
Perfumeria,Cuidado Personal,relleno unt.aguila 3en1 x290gr,7790580134334,6582.0,"$6.582,00",20260901
Perfumeria,Cuidado Personal,relleno untable cofler block x 290 gr.,7790580133344,6582.0,"$6.582,00",20260901
Perfumeria,Cuidado Personal,salsa barbacoa con miel aleluya x 355 gr spicy,7790158229714,5428.0,"$5.428,00",20260901
Perfumeria,Cuidado Personal,skarchitos granix x240gr.miel,7790045823315,2251.0,"$2.251,00",20260901
Perfumeria,Cuidado Personal,skarchitos granix x500gr.,7790045000624,4248.0,"$4.248,00",20260901
Perfumeria,Cuidado Personal,starbucks caramel capsulas x 10 unidades,8445290154125,15499.0,"$15.499,00",20260901
Perfumeria,Cuidado Personal,starbucks caramel macciato x 6 capsulas,8445291061361,12490.0,"$12.490,00",20260901
Perfumeria,Cuidado Personal,starbucks esprs.rst.srp x10u,7613037048063,15500.0,"$15.500,00",20260901
Perfumeria,Cuidado Personal,ta la virginia x 25 saquitos inspirar,7790150370100,2226.0,"$2.226,00",20260901
Perfumeria,Cuidado Personal,ta la virginia x 25 unidades relajar,7790150370209,2226.0,"$2.226,00",20260901
Perfumeria,Cuidado Personal,talitas don satur mix de semillas x 140 gr.,7795735600917,1871.0,"$1.871,00",20260901
Perfumeria,Cuidado Personal,talitas don satur tradicional x 140 gr.,7795735000106,1701.0,"$1.701,00",20260901
Perfumeria,Cuidado Personal,talitas don satur x 110 gr queso,7795735000243,1871.0,"$1.871,00",20260901
Perfumeria,Cuidado Personal,tapas de alfajor whisper x 270 gm,7798018100326,2905.0,"$2.905,00",20260901
Perfumeria,Cuidado Personal,tapas para alfajores whisper x 500 gm,7791706000052,5331.0,"$5.331,00",20260901
Perfumeria,Cuidado Personal,tarteletas saladas para rellenar whisper x 150 gr.,7798018100197,5906.0,"$5.906,00",20260901
Perfumeria,Cuidado Personal,tarteletas whisper x150gr.dce.,7798018100180,5906.0,"$5.906,00",20260901
Perfumeria,Cuidado Personal,te  morenita edicion 1890 x 100 saquitos,7790170914056,3811.0,"$3.811,00",20260901
Perfumeria,Cuidado Personal,te  morenita x 25 saquitos,7790170914018,1016.0,"$1.016,00",20260901
Perfumeria,Cuidado Personal,te amanda x 25 saquitos ensorbados,7792710002223,1246.0,"$1.246,00",20260901
Perfumeria,Cuidado Personal,te big ben x25 saquitos,7790550000201,1133.0,"$1.133,00",20260901
Perfumeria,Cuidado Personal,te cachamai boldo x 20 u.,7792280000353,1241.0,"$1.241,00",20260901
Perfumeria,Cuidado Personal,te cachamai capsulas x 10 yerba mate,7792280005884,6140.0,"$6.140,00",20260901
Perfumeria,Cuidado Personal,te cachamai rosa mezcla de hierbas x 20 saquitos,7792280000346,954.0,"$954,00",20260901
Perfumeria,Cuidado Personal,te cachamai tilo x 20 u.,7792280000537,1828.0,"$1.828,00",20260901
Perfumeria,Cuidado Personal,te clasico la virginia x 25 sobres,7790150211908,879.0,"$879,00",20260901
Perfumeria,Cuidado Personal,te en capsulas cachamai o`clock citrico x 10 unid.,7792280005921,7195.0,"$7.195,00",20260901
Perfumeria,Cuidado Personal,te en capsulas cachamai o`clock frutos rojos x 10.,7792280005914,6795.0,"$6.795,00",20260901
Perfumeria,Cuidado Personal,te en capsulas cachamai o`clock lemongrass x 10 u.,7792280005907,6423.0,"$6.423,00",20260901
Perfumeria,Cuidado Personal,te green hills 50saq.csob.,7790480008261,3910.0,"$3.910,00",20260901
Perfumeria,Cuidado Personal,te green hills x 100 saq.,7790480008285,7428.0,"$7.428,00",20260901
Perfumeria,Cuidado Personal,te green hills x25saq.,7790480008254,2058.0,"$2.058,00",20260901
Perfumeria,Cuidado Personal,te hierbas digeribles,7792280005891,6410.0,"$6.410,00",20260901
Perfumeria,Cuidado Personal,te la morenita boldo x 20 saquitos,7790170924642,1317.0,"$1.317,00",20260901
Perfumeria,Cuidado Personal,te la morenita hierbas naturales x 20 saquitos,7790170926646,1324.0,"$1.324,00",20260901
Perfumeria,Cuidado Personal,te la morenita manzanilla x 20 saquitos,7790170929647,1083.0,"$1.083,00",20260901
Perfumeria,Cuidado Personal,te la morenita tilo x 20 saquitos,7790170923645,2137.0,"$2.137,00",20260901
Perfumeria,Cuidado Personal,te la virginia boldo x 25 saquitos,7790150310267,1609.0,"$1.609,00",20260901
Perfumeria,Cuidado Personal,te la virginia boldo x 50 saquitos,7790150310281,3252.0,"$3.252,00",20260901
Perfumeria,Cuidado Personal,te la virginia cedron x 25 saquitos,7790150350171,1856.0,"$1.856,00",20260901
Perfumeria,Cuidado Personal,te la virginia con canela x 25 saquitos,7790150250150,1980.0,"$1.980,00",20260901
Perfumeria,Cuidado Personal,te la virginia durazno x 20 saquitos,7790150380161,2273.0,"$2.273,00",20260901
Perfumeria,Cuidado Personal,te la virginia mandarina-naranja-pomelo x 20 saq.,7790150240427,2285.0,"$2.285,00",20260901
Perfumeria,Cuidado Personal,te la virginia rosa mosqueta y manzanilla x 20 saq,7790150250327,2962.0,"$2.962,00",20260901
Perfumeria,Cuidado Personal,te la virginia sabor frutas tropicales x 25 saquis,7790150240526,2285.0,"$2.285,00",20260901
Perfumeria,Cuidado Personal,te la virginia sabor frutilla x 20 saquitos,7790150396186,2273.0,"$2.273,00",20260901
Perfumeria,Cuidado Personal,te la virginia sabor manzana con canela x 25 saqus,7790150250426,2285.0,"$2.285,00",20260901
Perfumeria,Cuidado Personal,te la virginia saborizado x 20 saquitos limon,7790150240175,1649.0,"$1.649,00",20260901
Perfumeria,Cuidado Personal,"te la virginia tilo, manzanilla y cedron x 25 saqu",7790150321065,2231.0,"$2.231,00",20260901
Perfumeria,Cuidado Personal,te la virginia verde citrus x 20 saquitos,7790150355244,2273.0,"$2.273,00",20260901
Perfumeria,Cuidado Personal,te la virginia x 100 saquitos,7790150211953,3259.0,"$3.259,00",20260901
Perfumeria,Cuidado Personal,te la virginia x 20 saquitos. mezcla de hierbas,7790150360262,1459.0,"$1.459,00",20260901
Perfumeria,Cuidado Personal,te la virginia x 20 saquitos. tilo,7790150320266,2579.0,"$2.579,00",20260901
Perfumeria,Cuidado Personal,te la virginia x 25 saquitos detox,7790150370308,2226.0,"$2.226,00",20260901
Perfumeria,Cuidado Personal,te la virginia x 25 saquitos fluir,7790150370018,2226.0,"$2.226,00",20260901
Perfumeria,Cuidado Personal,te la virginia x 25 saquitos manzanilla,7790150330166,1289.0,"$1.289,00",20260901
Perfumeria,Cuidado Personal,te la virginia x 25 unidades menta,7790150340165,1554.0,"$1.554,00",20260901
Perfumeria,Cuidado Personal,te la virginia x 50 saquitos intenso,7790150211939,1599.0,"$1.599,00",20260901
Perfumeria,Cuidado Personal,te la virginia x20saq.chai,7790150250525,2273.0,"$2.273,00",20260901
Perfumeria,Cuidado Personal,te la virginia x20saq.verde,7790150355084,1339.0,"$1.339,00",20260901
Perfumeria,Cuidado Personal,te la virginia x25saq.manzani,7790150331088,1927.0,"$1.927,00",20260901
Perfumeria,Cuidado Personal,te morenita x 50 saquitos 1890,7790170914032,1977.0,"$1.977,00",20260901
Perfumeria,Cuidado Personal,te negro la virginia intenso x 20 saquitos,7790150210000,879.0,"$879,00",20260901
Perfumeria,Cuidado Personal,te pajaro azul x 25 saquitos,7798028020294,968.0,"$968,00",20260901
Perfumeria,Cuidado Personal,te rojo la virginia x 20 saquitos,7790150255049,2273.0,"$2.273,00",20260901
Perfumeria,Cuidado Personal,te rosamonte x 50 saquitos,7790411000159,1417.0,"$1.417,00",20260901
Perfumeria,Cuidado Personal,te sabor maracuya la virginia x 20 saquitos,7790150250471,2285.0,"$2.285,00",20260901
Perfumeria,Cuidado Personal,te taragui  placeres x 20 sobres verde higo,7790387800210,2466.0,"$2.466,00",20260901
Perfumeria,Cuidado Personal,te taragui avellanas x 20 saquitos,7790387800227,2466.0,"$2.466,00",20260901
Perfumeria,Cuidado Personal,te taragui earl grey x 25 saquitos,7790387711929,4192.0,"$4.192,00",20260901
Perfumeria,Cuidado Personal,te taragui hebras blend x 180gr.,7790387010213,3829.0,"$3.829,00",20260901
Perfumeria,Cuidado Personal,te taragui internacional x 25 saquitos,7790387000122,3126.0,"$3.126,00",20260901
Perfumeria,Cuidado Personal,te taragui placeres frutilla x 20 saquitos,7790387013252,2466.0,"$2.466,00",20260901
Perfumeria,Cuidado Personal,te taragui silv x20s mez. hierb,7790387001440,1872.0,"$1.872,00",20260901
Perfumeria,Cuidado Personal,te taragui silv x20s. ensuenos,7790387001464,2094.0,"$2.094,00",20260901
Perfumeria,Cuidado Personal,te taragui silv. x20s. manzanilla,7790387001426,1705.0,"$1.705,00",20260901
Perfumeria,Cuidado Personal,te taragui silvestre x 20 saquitos tilo,7790387001433,2760.0,"$2.760,00",20260901
Perfumeria,Cuidado Personal,te taragui verde x 40 saquitos,7790387001792,4100.0,"$4.100,00",20260901
Perfumeria,Cuidado Personal,te taragui x 100 saquitos sin ensobrar,7790387800159,3581.0,"$3.581,00",20260901
Perfumeria,Cuidado Personal,"te taragui x 20 saq. manzana, canela y miel",7790387013306,2466.0,"$2.466,00",20260901
Perfumeria,Cuidado Personal,te taragui x 25 saquitos,7790387800135,1069.0,"$1.069,00",20260901
Perfumeria,Cuidado Personal,te taragui x 50 saquitos,7790387800142,1926.0,"$1.926,00",20260901
Perfumeria,Cuidado Personal,te targui silvestre x 20 saquitos boldo,7790387001419,2070.0,"$2.070,00",20260901
Perfumeria,Cuidado Personal,te twinings x 10 saquitos frutos rojos,70177197155,6392.0,"$6.392,00",20260901
Perfumeria,Cuidado Personal,te verde cachamai x 20 saq. sabor frutilla,7792280000117,1590.0,"$1.590,00",20260901
Perfumeria,Cuidado Personal,te verde cachamai x 20 saq. sabor grosella negra,7792280000162,1590.0,"$1.590,00",20260901
Perfumeria,Cuidado Personal,te verde cachamai x 20 saquitos,7792280002753,847.0,"$847,00",20260901
Perfumeria,Cuidado Personal,te verde con jazmin la virginia x 20 saquitos,7790150250570,2273.0,"$2.273,00",20260901
Perfumeria,Cuidado Personal,te verde taragui x 20 saquitos,7790387001785,2157.0,"$2.157,00",20260901
Perfumeria,Cuidado Personal,te virgin island x 25 saq.,7790150231173,2428.0,"$2.428,00",20260901
Perfumeria,Cuidado Personal,te virgin island x 25 saq.egray,7790150235140,3157.0,"$3.157,00",20260901
Perfumeria,Cuidado Personal,te virgin islands x 100 saquitos,7790150231333,8655.0,"$8.655,00",20260901
Perfumeria,Cuidado Personal,te virgin islands x 50 saq.,7790150231258,4496.0,"$4.496,00",20260901
Perfumeria,Cuidado Personal,tost.twistos x155gr.jamon,7790310984475,5376.0,"$5.376,00",20260901
Perfumeria,Cuidado Personal,tost.twistos x155gr.queso,7790310984444,5376.0,"$5.376,00",20260901
Perfumeria,Cuidado Personal,tostadas bauducco integral x 142 gr.,7891962060460,1966.0,"$1.966,00",20260901
Perfumeria,Cuidado Personal,tostadas bauducco x 142 gr. clasico,7891962060453,1966.0,"$1.966,00",20260901
Perfumeria,Cuidado Personal,tostadas bauducco x 142 gr. multigranos,7891962060477,1966.0,"$1.966,00",20260901
Perfumeria,Cuidado Personal,tostadas cormillot con salvado x 200 gr.,7791708617364,2481.0,"$2.481,00",20260901
Perfumeria,Cuidado Personal,tostadas cormillot light sin sal x 200 gr.,7791708617326,2481.0,"$2.481,00",20260901
Perfumeria,Cuidado Personal,tostadas cormillot multicereal x 200 gr.,7791708617357,2947.0,"$2.947,00",20260901
Perfumeria,Cuidado Personal,tostadas dulces criollitas x 195 gr.,7790040124530,1880.0,"$1.880,00",20260901
Perfumeria,Cuidado Personal,tostadas manieri dulce x 200 gm,7798120180551,1345.0,"$1.345,00",20260901
Perfumeria,Cuidado Personal,tostadas manieri equilibrio light x 200 gr.,7798120180773,1525.0,"$1.525,00",20260901
Perfumeria,Cuidado Personal,tostadas manieri equilibrio x 200 gr 4 semillas,7798120180681,1706.84,"$1.706,84",20260901
Perfumeria,Cuidado Personal,tostadas manieri saladas x 200 gr.,7798120180544,1345.0,"$1.345,00",20260901
Perfumeria,Cuidado Personal,tostadas manieri salvado sin sal x 200 gr.,7798120180599,1345.0,"$1.345,00",20260901
Perfumeria,Cuidado Personal,tostadas manieri salvado x 200 gm,7798120180568,1345.0,"$1.345,00",20260901
Perfumeria,Cuidado Personal,tostadas manieri sin sal x 200 gr.,7798120180575,1345.0,"$1.345,00",20260901
Perfumeria,Cuidado Personal,tostadas riera 100% integrales x 200 gr.,7790071070318,2164.0,"$2.164,00",20260901
Perfumeria,Cuidado Personal,tostadas riera 7 semillas x 200 gr.,7790071070417,1934.0,"$1.934,00",20260901
Perfumeria,Cuidado Personal,tostadas riera clasicas x 200 gr.,7790071090231,1675.0,"$1.675,00",20260901
Perfumeria,Cuidado Personal,tostadas riera light x 200 gr.,7790071070134,1934.0,"$1.934,00",20260901
Perfumeria,Cuidado Personal,tostadas riera x 200 gr. dulces,7790071090125,1675.0,"$1.675,00",20260901
Perfumeria,Cuidado Personal,tostadas riera x 200 gr. integrales,7790071090330,1675.0,"$1.675,00",20260901
Perfumeria,Cuidado Personal,tostadas riera x 200 gr. sin sal,7790071090422,1675.0,"$1.675,00",20260901
Perfumeria,Cuidado Personal,tostadas veneziana dulces x 200 gr.,7791708617432,2481.0,"$2.481,00",20260901
Perfumeria,Cuidado Personal,tostadas veneziana light saladas x 200 gr.,7791708001569,2481.0,"$2.481,00",20260901
Perfumeria,Cuidado Personal,triangulos de hojaldre whisper x 150 gr.,7798018100111,2227.0,"$2.227,00",20260901
Perfumeria,Cuidado Personal,vainilla bimbo x 148 gm,7793890258639,2537.0,"$2.537,00",20260901
Perfumeria,Cuidado Personal,vainilla bimbo x 74 gm,7793890258684,1417.0,"$1.417,00",20260901
Perfumeria,Cuidado Personal,vainillas bimbo x 444 gm,7793890258646,6845.0,"$6.845,00",20260901
Perfumeria,Cuidado Personal,vainillas massarini x 180 gm,7792664000269,1447.0,"$1.447,00",20260901
Perfumeria,Cuidado Personal,vainillas valente x 148 gr.,7793890258691,2282.0,"$2.282,00",20260901
Perfumeria,Cuidado Personal,vainillas valente x 444 gm,7793890258707,6151.0,"$6.151,00",20260901
Perfumeria,Cuidado Personal,vainillas valente x74gr.,7793890258738,1275.0,"$1.275,00",20260901
Perfumeria,Cuidado Personal,vainillas whisper x 200 gr.,7791706000038,1783.0,"$1.783,00",20260901
Perfumeria,Cuidado Personal,vainillas whisper x 400 gm,7791706000014,3449.0,"$3.449,00",20260901
Perfumeria,Cuidado Personal,vocacion clasicas x 3 sabor vainilla,7790040143623,2989.0,"$2.989,00",20260901
Perfumeria,Cuidado Personal,yerba amanda x 1 kilo suave,7792710006443,4199.0,"$4.199,00",20260901
Perfumeria,Cuidado Personal,yerba arroyo verde x 500 gr burrito,7792280005761,1299.0,"$1.299,00",20260901
Perfumeria,Cuidado Personal,yerba cachamate seleccion x 500 gr.,7792280002906,1729.0,"$1.729,00",20260901
Perfumeria,Cuidado Personal,yerba cachamate x 500 gm hierbas digestivas,7792280005686,1619.0,"$1.619,00",20260901
Perfumeria,Cuidado Personal,yerba cachamate x500.rosa,7792280005693,1619.0,"$1.619,00",20260901
Perfumeria,Cuidado Personal,yerba don basilio suave x 500 gm,763571871010,2000.0,"$2.000,00",20260901
Perfumeria,Cuidado Personal,yerba l.merced oc x500gr.cam.s,7790387015645,4873.0,"$4.873,00",20260901
Perfumeria,Cuidado Personal,yerba l.merced oc x500gr.cmon,7790387015638,4873.0,"$4.873,00",20260901
Perfumeria,Cuidado Personal,yerba l.merced oc x500gr.monte,7790387015614,4873.0,"$4.873,00",20260901
Perfumeria,Cuidado Personal,yerba la merced x 500 gm barbacua,7790387015621,4873.0,"$4.873,00",20260901
Perfumeria,Cuidado Personal,yerba mananita 4 flex x 1 kg.,7790387015317,4587.0,"$4.587,00",20260901
Perfumeria,Cuidado Personal,yerba mate adelgamate x 500 gr.,7798028020454,2209.0,"$2.209,00",20260901
Perfumeria,Cuidado Personal,yerba mate aguantadora x 1 kg. suave,7790326003214,5035.0,"$5.035,00",20260901
Perfumeria,Cuidado Personal,yerba mate aguantadora x 1 kg. tradicional,7790326000558,4966.0,"$4.966,00",20260901
Perfumeria,Cuidado Personal,yerba mate aguantadora x 500 gr. suave,7790326003078,2684.0,"$2.684,00",20260901
Perfumeria,Cuidado Personal,yerba mate aguantadora x 500 gr. tradicional,7790326001302,2563.0,"$2.563,00",20260901
Perfumeria,Cuidado Personal,yerba mate amanda despalada x 1 kg.,7792710000373,4784.0,"$4.784,00",20260901
Perfumeria,Cuidado Personal,yerba mate amanda despalada x 500 gr.,7792710000380,2369.0,"$2.369,00",20260901
Perfumeria,Cuidado Personal,yerba mate amanda hierbas serranas x 500 gr.,7792710006450,1959.0,"$1.959,00",20260901
Perfumeria,Cuidado Personal,yerba mate amanda seleccion especial x 1 kg.,7792710000106,4199.0,"$4.199,00",20260901
Perfumeria,Cuidado Personal,yerba mate amanda seleccion especial x 500 gr.,7792710000090,2309.0,"$2.309,00",20260901
Perfumeria,Cuidado Personal,yerba mate amanda suave x 500 gr.,7792710006436,2309.0,"$2.309,00",20260901
Perfumeria,Cuidado Personal,yerba mate amanda tradicional x 500 gr.,7792710000182,1949.0,"$1.949,00",20260901
Perfumeria,Cuidado Personal,yerba mate amanda x 1 kg.,7792710000175,3599.0,"$3.599,00",20260901
Perfumeria,Cuidado Personal,yerba mate arroyo verde x 500 gr. hierbas serranas,7792280005778,1299.0,"$1.299,00",20260901
Perfumeria,Cuidado Personal,yerba mate arroyo verde x 500 gr. suave,7792280005754,1299.0,"$1.299,00",20260901
Perfumeria,Cuidado Personal,yerba mate buenas y santas x 500 gr. hierbas,7790387800197,2889.0,"$2.889,00",20260901
Perfumeria,Cuidado Personal,yerba mate cachamai x 500 gm tradicional,7792280006140,1539.0,"$1.539,00",20260901
Perfumeria,Cuidado Personal,yerba mate cachamate coco x 500 gr.,7792280005785,1779.0,"$1.779,00",20260901
Perfumeria,Cuidado Personal,yerba mate cachamate hierbas serranas x 1 kg.,7792280005723,2979.0,"$2.979,00",20260901
Perfumeria,Cuidado Personal,yerba mate cachamate hierbas serranas x 500 gr.,7792280005730,1619.0,"$1.619,00",20260901
Perfumeria,Cuidado Personal,yerba mate cachamate mezcla de hierbas x 1 kg.,7792280005709,2979.0,"$2.979,00",20260901
Perfumeria,Cuidado Personal,yerba mate cachamate mezcla de hierbas x 1 kg.,7792280005716,2979.0,"$2.979,00",20260901
Perfumeria,Cuidado Personal,yerba mate cachamate suave x 500 gr. naranja,7792280000285,1779.0,"$1.779,00",20260901
Perfumeria,Cuidado Personal,yerba mate cachamate tradicional x 500 gr.,7792280000513,2938.0,"$2.938,00",20260901
Perfumeria,Cuidado Personal,yerba mate cachamate x 500 gr. hierbas cuyanas,7792280000612,1619.0,"$1.619,00",20260901
Perfumeria,Cuidado Personal,yerba mate cachamate x 500 gr. hierbas del litoral,7792280000605,1789.0,"$1.789,00",20260901
Perfumeria,Cuidado Personal,yerba mate cachamate x 500 gr. hierbas pampeanas,7792280000094,1789.0,"$1.789,00",20260901
Perfumeria,Cuidado Personal,yerba mate cbse endulife con stevia x 500 gr.,7790710334665,2350.0,"$2.350,00",20260901
Perfumeria,Cuidado Personal,yerba mate cbse naranja x 500 gr.,7790710334641,2350.0,"$2.350,00",20260901
Perfumeria,Cuidado Personal,yerba mate cbse x 1 kg. hierbas serranas,7790710334573,4451.0,"$4.451,00",20260901
Perfumeria,Cuidado Personal,yerba mate cbse x 500 gr mundial,7790710334818,2350.0,"$2.350,00",20260901
Perfumeria,Cuidado Personal,yerba mate cbse x 500 gr. jengibre,7790710003332,2350.0,"$2.350,00",20260901
Perfumeria,Cuidado Personal,yerba mate cbse x 500 gr. limon,7790710334597,2350.0,"$2.350,00",20260901
Perfumeria,Cuidado Personal,yerba mate cbse x500gr.et.ngra,7790710334269,3190.0,"$3.190,00",20260901
Perfumeria,Cuidado Personal,yerba mate cbse x500gr.fr.bosq,7790710334702,2350.0,"$2.350,00",20260901
Perfumeria,Cuidado Personal,yerba mate cbse x500gr.fr.trop,7790710334696,2350.0,"$2.350,00",20260901
Perfumeria,Cuidado Personal,yerba mate cbse x500gr.fr.vall,7790710334719,2350.0,"$2.350,00",20260901
Perfumeria,Cuidado Personal,yerba mate cbse x500gr.hie.cuy,7790710334689,2350.0,"$2.350,00",20260901
Perfumeria,Cuidado Personal,yerba mate cbse x500gr.hie.lit,7790710334672,2350.0,"$2.350,00",20260901
Perfumeria,Cuidado Personal,yerba mate cbse x500gr.miel,7790710334658,2350.0,"$2.350,00",20260901
Perfumeria,Cuidado Personal,yerba mate cbse x500gr.naranja,7790710334580,2350.0,"$2.350,00",20260901
Perfumeria,Cuidado Personal,yerba mate cbse x500gr.pomelo,7790710334610,2350.0,"$2.350,00",20260901
Perfumeria,Cuidado Personal,yerba mate cbse x500gr.serrana,7790710334535,2350.0,"$2.350,00",20260901
Perfumeria,Cuidado Personal,yerba mate cbse x500gr.silueta,7790710334634,2350.0,"$2.350,00",20260901
Perfumeria,Cuidado Personal,yerba mate chamigo x 500 gr.,7790070509123,1780.0,"$1.780,00",20260901
Perfumeria,Cuidado Personal,yerba mate cruz de malta manzanilla x 500 gr.,7790070509079,2324.0,"$2.324,00",20260901
Perfumeria,Cuidado Personal,yerba mate cruz de malta x 500 gr.,7790070509048,2110.0,"$2.110,00",20260901
Perfumeria,Cuidado Personal,yerba mate don basilio seleccion especial x 500 gr,790757863439,2000.0,"$2.000,00",20260901
Perfumeria,Cuidado Personal,yerba mate don basilio terere x 500 gr.,763571871027,1639.0,"$1.639,00",20260901
Perfumeria,Cuidado Personal,yerba mate don basilio tradicional x 500 gr.,758890928040,1639.0,"$1.639,00",20260901
Perfumeria,Cuidado Personal,yerba mate elaborada con palo rosamonte x 1 kg.,7790411000043,4338.0,"$4.338,00",20260901
Perfumeria,Cuidado Personal,yerba mate elaborada con palo rosamonte x 500 gr.,7790411000050,2290.0,"$2.290,00",20260901
Perfumeria,Cuidado Personal,yerba mate l.tranq.esp.sve.1kg,7790480089949,5692.0,"$5.692,00",20260901
Perfumeria,Cuidado Personal,yerba mate l.tranq.esp.sve.500,7790480089932,2920.0,"$2.920,00",20260901
Perfumeria,Cuidado Personal,yerba mate la merced campo x 500 gr.,7790387015607,4873.0,"$4.873,00",20260901
Perfumeria,Cuidado Personal,yerba mate la merced x 1 kilo campo sur suave paquete,7790387015447,6310.0,"$6.310,00",20260901
Perfumeria,Cuidado Personal,yerba mate la tranquera seleccion especial x 1 kg.,7790480089741,4379.0,"$4.379,00",20260901
Perfumeria,Cuidado Personal,yerba mate la tranquera seleccion especial x 500 g,7790480089734,2245.0,"$2.245,00",20260901
Perfumeria,Cuidado Personal,yerba mate liebig original x 500 gr.,7793704000805,3239.0,"$3.239,00",20260901
Perfumeria,Cuidado Personal,yerba mate mananita 4 flex x 500 gr.,7790387015324,2383.0,"$2.383,00",20260901
Perfumeria,Cuidado Personal,yerba mate mananita x 250 gr.,7790387015331,1378.0,"$1.378,00",20260901
Perfumeria,Cuidado Personal,yerba mate mateando  x 500 gr,7790710334757,2534.32,"$2.534,32",20260901
Perfumeria,Cuidado Personal,yerba mate nobleza gaucha seleccion x 1 kg.,7790070507280,3829.0,"$3.829,00",20260901
Perfumeria,Cuidado Personal,yerba mate nobleza gaucha seleccion x 500 ml.,7790070507273,2010.0,"$2.010,00",20260901
Perfumeria,Cuidado Personal,yerba mate nobleza gaucha suave x 1 kg.,7790070509116,5578.0,"$5.578,00",20260901
Perfumeria,Cuidado Personal,yerba mate pajaro azul x 1 kg.,7798028020263,4240.0,"$4.240,00",20260901
Perfumeria,Cuidado Personal,yerba mate pajaro azul x 500 gr.,7798028020270,2169.0,"$2.169,00",20260901
Perfumeria,Cuidado Personal,yerba mate playadito suave x 1 kg.,7793704000928,4960.0,"$4.960,00",20260901
Perfumeria,Cuidado Personal,yerba mate playadito x 500 gr. despalada,7793704000881,3605.0,"$3.605,00",20260901
Perfumeria,Cuidado Personal,yerba mate playadito x 500 gr. hierbas,7793704000508,3056.0,"$3.056,00",20260901
Perfumeria,Cuidado Personal,yerba mate playadito x 500 gr. suave,7793704000911,2653.0,"$2.653,00",20260901
Perfumeria,Cuidado Personal,yerba mate rosamonte despalada x 1 kg.,7790411000807,5616.0,"$5.616,00",20260901
Perfumeria,Cuidado Personal,yerba mate rosamonte edicion fundacion favaloro x,7790411001408,2829.0,"$2.829,00",20260901
Perfumeria,Cuidado Personal,yerba mate rosamonte fundacion favaloro x 1 kg.,7790411001392,5367.0,"$5.367,00",20260901
Perfumeria,Cuidado Personal,yerba mate rosamonte plus x 1 kg.,7790411001491,4530.0,"$4.530,00",20260901
Perfumeria,Cuidado Personal,yerba mate rosamonte plus x 500 gr.,7790411001507,2466.0,"$2.466,00",20260901
Perfumeria,Cuidado Personal,yerba mate rosamonte suave plus x 1 kg.,7790411001514,4974.0,"$4.974,00",20260901
Perfumeria,Cuidado Personal,yerba mate rosamonte suave seleccion especial x 1k,7790411000531,5773.0,"$5.773,00",20260901
Perfumeria,Cuidado Personal,yerba mate rosamonte suave seleccion especial x 50,7790411000548,3044.0,"$3.044,00",20260901
Perfumeria,Cuidado Personal,yerba mate rosamonte suave x 1 kg.,7790411000494,4919.0,"$4.919,00",20260901
Perfumeria,Cuidado Personal,yerba mate rosamonte terere x 500 gr.,7790411000890,2572.0,"$2.572,00",20260901
Perfumeria,Cuidado Personal,yerba mate rosamonte x 250 gm organica,7790411002122,2275.0,"$2.275,00",20260901
Perfumeria,Cuidado Personal,yerba mate salus x 1 kg.,7790070508539,4942.0,"$4.942,00",20260901
Perfumeria,Cuidado Personal,yerba mate salus x 500 gr.,7790070508522,2124.0,"$2.124,00",20260901
Perfumeria,Cuidado Personal,yerba mate sinceridad x 1 kg. suave,7790326000794,4966.0,"$4.966,00",20260901
Perfumeria,Cuidado Personal,yerba mate sinceridad x 500 gr. suave,7790326000626,2563.0,"$2.563,00",20260901
Perfumeria,Cuidado Personal,yerba mate sport afa x 500 gm,7798468970012,3999.0,"$3.999,00",20260901
Perfumeria,Cuidado Personal,yerba mate taragui 4 flex x 1 kg.,7790387013610,4587.0,"$4.587,00",20260901
Perfumeria,Cuidado Personal,yerba mate taragui 4 flex x 500 gr.,7790387013627,2383.0,"$2.383,00",20260901
Perfumeria,Cuidado Personal,yerba mate taragui sin palo x 1 kg.,7790387013498,6570.0,"$6.570,00",20260901
Perfumeria,Cuidado Personal,yerba mate taragui sin palo x 500 gr.,7790387013504,3399.0,"$3.399,00",20260901
Perfumeria,Cuidado Personal,yerba mate taragui x 250 gr.,7790387013634,1378.0,"$1.378,00",20260901
Perfumeria,Cuidado Personal,yerba mate union 4 flex x 1 kg.,7790387014617,4587.0,"$4.587,00",20260901
Perfumeria,Cuidado Personal,yerba mate union 4 flex x 500 gr.,7790387014624,2383.0,"$2.383,00",20260901
Perfumeria,Cuidado Personal,yerba mate union liviana x 1 kg.,7790387014150,5447.0,"$5.447,00",20260901
Perfumeria,Cuidado Personal,yerba mate union liviana x 500 gr.,7790387014167,2931.0,"$2.931,00",20260901
Perfumeria,Cuidado Personal,yerba mate union x 250 gr.,7790387014631,1378.0,"$1.378,00",20260901
Perfumeria,Cuidado Personal,yerba mate yer-vita x25 saquit,7790550000317,2218.0,"$2.218,00",20260901
Perfumeria,Cuidado Personal,yerba nobleza gaucha x 1 kg cimarron,7790070100382,3829.0,"$3.829,00",20260901
Perfumeria,Cuidado Personal,yerba nobleza gaucha x 500 gr cimarron,7790070100375,2128.0,"$2.128,00",20260901
Perfumeria,Cuidado Personal,yerba pajaro azul premium x 1kg,7798028021611,4572.0,"$4.572,00",20260901
Perfumeria,Cuidado Personal,yerba pajaro azul premium x 500 gr,7798028021581,2323.0,"$2.323,00",20260901
Perfumeria,Cuidado Personal,yerba rosamonte despalada x 500 gr.,7790411000814,2965.0,"$2.965,00",20260901
Perfumeria,Cuidado Personal,yerba rosamonte especial x 1 kg.,7790411000012,7056.0,"$7.056,00",20260901
Perfumeria,Cuidado Personal,yerba rosamonte especial x 500 gr.,7790411000029,3704.0,"$3.704,00",20260901
Perfumeria,Cuidado Personal,yerba rosamonte premium caja x 500 gr,7790411001378,6161.0,"$6.161,00",20260901
Perfumeria,Cuidado Personal,yerba rosamonte suave plus x 500 gr.,7790411001521,2626.0,"$2.626,00",20260901
Perfumeria,Cuidado Personal,yerba rosamonte sve.x500gr.,7790411000500,2603.0,"$2.603,00",20260901
Perfumeria,Cuidado Personal,zucaritas x490gr.caja,7896004004969,5659.0,"$5.659,00",20260901
